[Mon Apr 20 10:38:57 2026] PHP 8.2.30 Development Server (http://localhost:8000) started
[Mon Apr 20 12:02:31 2026] [::1]:52238 Accepted
[Mon Apr 20 12:02:31 2026] [::1]:52239 Accepted
[Mon Apr 20 12:02:32 2026] [::1]:52238 [200]: GET /
[Mon Apr 20 12:02:33 2026] [::1]:52238 Closing
[Mon Apr 20 12:02:33 2026] [::1]:52243 Accepted
[Mon Apr 20 12:02:33 2026] [::1]:52239 [200]: GET /wp-content/themes/tijus-theme/assets/css/vendor/plugins.min.css
[Mon Apr 20 12:02:33 2026] [::1]:52244 Accepted
[Mon Apr 20 12:02:36 2026] [::1]:52243 [200]: POST /wp-cron.php?doing_wp_cron=1776666752.8386011123657226562500
[Mon Apr 20 12:02:36 2026] [::1]:52243 Closing
[Mon Apr 20 12:02:36 2026] [::1]:52245 Accepted
[Mon Apr 20 12:02:36 2026] [::1]:52244 [200]: GET /wp-content/themes/tijus-theme/assets/css/style.min.css
[Mon Apr 20 12:02:36 2026] [::1]:52246 Accepted
[Mon Apr 20 12:02:36 2026] [::1]:52245 [200]: GET /wp-content/themes/tijus-theme/style.css?ver=1.0.0
[Mon Apr 20 12:02:36 2026] [::1]:52247 Accepted
[Mon Apr 20 12:02:36 2026] [::1]:52239 Closing
[Mon Apr 20 12:02:36 2026] [::1]:52246 [200]: GET /wp-content/plugins/elementor/assets/css/frontend.min.css?ver=4.0.2
[Mon Apr 20 12:02:36 2026] [::1]:52249 Accepted
[Mon Apr 20 12:02:36 2026] [::1]:52247 [200]: GET /wp-content/uploads/elementor/css/post-6.css?ver=1776486962
[Mon Apr 20 12:02:36 2026] [::1]:52256 Accepted
[Mon Apr 20 12:02:36 2026] [::1]:52245 Closing
[Mon Apr 20 12:02:36 2026] [::1]:52249 [200]: GET /wp-content/uploads/elementor/css/post-10.css?ver=1776513654
[Mon Apr 20 12:02:36 2026] [::1]:52257 Accepted
[Mon Apr 20 12:02:36 2026] [::1]:52246 Closing
[Mon Apr 20 12:02:36 2026] [::1]:52256 [200]: GET /wp-content/uploads/elementor/css/base-desktop.css?ver=69e30a32eaae0
[Mon Apr 20 12:02:36 2026] [::1]:52258 Accepted
[Mon Apr 20 12:02:36 2026] [::1]:52244 Closing
[Mon Apr 20 12:02:36 2026] [::1]:52257 [200]: GET /wp-includes/js/jquery/jquery.min.js?ver=3.7.1
[Mon Apr 20 12:02:36 2026] [::1]:52247 Closing
[Mon Apr 20 12:02:36 2026] [::1]:52249 Closing
[Mon Apr 20 12:02:36 2026] [::1]:52258 [200]: GET /wp-includes/js/jquery/jquery-migrate.min.js?ver=3.4.1
[Mon Apr 20 12:02:36 2026] [::1]:52256 Closing
[Mon Apr 20 12:02:36 2026] [::1]:52259 Accepted
[Mon Apr 20 12:02:36 2026] [::1]:52257 Closing
[Mon Apr 20 12:02:36 2026] [::1]:52258 Closing
[Mon Apr 20 12:02:36 2026] [::1]:52259 [200]: GET /wp-content/uploads/2026/04/logo.webp
[Mon Apr 20 12:02:36 2026] [::1]:52260 Accepted
[Mon Apr 20 12:02:36 2026] [::1]:52260 [200]: GET /wp-content/themes/tijus-theme/assets/images/shape/shape-8.png
[Mon Apr 20 12:02:36 2026] [::1]:52259 Closing
[Mon Apr 20 12:02:36 2026] [::1]:52260 Closing
[Mon Apr 20 12:02:36 2026] [::1]:52261 Accepted
[Mon Apr 20 12:02:36 2026] [::1]:52262 Accepted
[Mon Apr 20 12:02:36 2026] [::1]:52261 [200]: GET /wp-content/themes/tijus-theme/assets/images/shape/shape-5.png
[Mon Apr 20 12:02:36 2026] [::1]:52262 [200]: GET /wp-content/themes/tijus-theme/assets/images/shape/shape-6.png
[Mon Apr 20 12:02:36 2026] [::1]:52261 Closing
[Mon Apr 20 12:02:36 2026] [::1]:52262 Closing
[Mon Apr 20 12:02:36 2026] [::1]:52263 Accepted
[Mon Apr 20 12:02:36 2026] [::1]:52264 Accepted
[Mon Apr 20 12:02:36 2026] [::1]:52263 [200]: GET /wp-content/themes/tijus-theme/assets/js/vendor/modernizr-3.11.2.min.js?ver=3.11.2
[Mon Apr 20 12:02:36 2026] [::1]:52264 [200]: GET /wp-content/themes/tijus-theme/assets/images/shape/shape-7.png
[Mon Apr 20 12:02:36 2026] [::1]:52263 Closing
[Mon Apr 20 12:02:36 2026] [::1]:52264 Closing
[Mon Apr 20 12:02:36 2026] [::1]:52265 Accepted
[Mon Apr 20 12:02:36 2026] [::1]:52265 [200]: GET /wp-content/themes/tijus-theme/assets/js/plugins.min.js?ver=1.0.0
[Mon Apr 20 12:02:36 2026] [::1]:52266 Accepted
[Mon Apr 20 12:02:36 2026] [::1]:52267 Accepted
[Mon Apr 20 12:02:36 2026] [::1]:52265 Closing
[Mon Apr 20 12:02:36 2026] [::1]:52266 [200]: GET /wp-content/themes/tijus-theme/assets/js/main.js?ver=1.0.0
[Mon Apr 20 12:02:36 2026] [::1]:52268 Accepted
[Mon Apr 20 12:02:36 2026] [::1]:52267 [200]: GET /wp-content/plugins/elementor/assets/js/webpack.runtime.min.js?ver=4.0.2
[Mon Apr 20 12:02:36 2026] [::1]:52269 Accepted
[Mon Apr 20 12:02:36 2026] [::1]:52268 [200]: GET /wp-content/plugins/elementor/assets/js/frontend-modules.min.js?ver=4.0.2
[Mon Apr 20 12:02:36 2026] [::1]:52270 Accepted
[Mon Apr 20 12:02:36 2026] [::1]:52266 Closing
[Mon Apr 20 12:02:36 2026] [::1]:52269 [200]: GET /wp-includes/js/jquery/ui/core.min.js?ver=1.13.3
[Mon Apr 20 12:02:36 2026] [::1]:52267 Closing
[Mon Apr 20 12:02:36 2026] [::1]:52270 [200]: GET /wp-content/plugins/elementor/assets/js/frontend.min.js?ver=4.0.2
[Mon Apr 20 12:02:36 2026] [::1]:52268 Closing
[Mon Apr 20 12:02:36 2026] [::1]:52269 Closing
[Mon Apr 20 12:02:36 2026] [::1]:52270 Closing
[Mon Apr 20 12:02:36 2026] [::1]:52271 Accepted
[Mon Apr 20 12:02:36 2026] [::1]:52271 [200]: GET /wp-content/themes/tijus-theme/assets/images/slider/slider-1.png
[Mon Apr 20 12:02:36 2026] [::1]:52272 Accepted
[Mon Apr 20 12:02:36 2026] [::1]:52273 Accepted
[Mon Apr 20 12:02:36 2026] [::1]:52271 Closing
[Mon Apr 20 12:02:36 2026] [::1]:52272 [200]: GET /wp-content/themes/tijus-theme/assets/images/shape/shape-9.png
[Mon Apr 20 12:02:36 2026] [::1]:52273 [200]: GET /wp-content/themes/tijus-theme/assets/images/shape/shape-10.png
[Mon Apr 20 12:02:36 2026] [::1]:52274 Accepted
[Mon Apr 20 12:02:36 2026] [::1]:52272 Closing
[Mon Apr 20 12:02:36 2026] [::1]:52273 Closing
[Mon Apr 20 12:02:36 2026] [::1]:52274 [200]: GET /wp-content/themes/tijus-theme/assets/images/courses/courses-01.jpg
[Mon Apr 20 12:02:36 2026] [::1]:52275 Accepted
[Mon Apr 20 12:02:36 2026] [::1]:52274 Closing
[Mon Apr 20 12:02:36 2026] [::1]:52275 [200]: GET /wp-content/themes/tijus-theme/assets/images/shape/shape-12.png
[Mon Apr 20 12:02:36 2026] [::1]:52275 Closing
[Mon Apr 20 12:02:36 2026] [::1]:52276 Accepted
[Mon Apr 20 12:02:36 2026] [::1]:52276 [200]: GET /wp-content/themes/tijus-theme/assets/images/shape/shape-13.svg
[Mon Apr 20 12:02:36 2026] [::1]:52276 Closing
[Mon Apr 20 12:02:36 2026] [::1]:52277 Accepted
[Mon Apr 20 12:02:36 2026] [::1]:52278 Accepted
[Mon Apr 20 12:02:36 2026] [::1]:52277 [200]: GET /wp-content/themes/tijus-theme/assets/images/shape/shape-15.png
[Mon Apr 20 12:02:36 2026] [::1]:52279 Accepted
[Mon Apr 20 12:02:36 2026] [::1]:52278 [200]: GET /wp-content/themes/tijus-theme/assets/images/shape/shape-17.png
[Mon Apr 20 12:02:36 2026] [::1]:52277 Closing
[Mon Apr 20 12:02:36 2026] [::1]:52280 Accepted
[Mon Apr 20 12:02:36 2026] [::1]:52278 Closing
[Mon Apr 20 12:02:36 2026] [::1]:52279 [200]: GET /wp-content/themes/tijus-theme/assets/images/shape/shape-16.png
[Mon Apr 20 12:02:36 2026] [::1]:52281 Accepted
[Mon Apr 20 12:02:36 2026] [::1]:52280 [200]: GET /wp-content/themes/tijus-theme/assets/images/shape/shape-14.png
[Mon Apr 20 12:02:36 2026] [::1]:52281 [200]: GET /wp-content/themes/tijus-theme/assets/images/google-play.png
[Mon Apr 20 12:02:36 2026] [::1]:52279 Closing
[Mon Apr 20 12:02:36 2026] [::1]:52282 Accepted
[Mon Apr 20 12:02:36 2026] [::1]:52280 Closing
[Mon Apr 20 12:02:36 2026] [::1]:52281 Closing
[Mon Apr 20 12:02:36 2026] [::1]:52282 [200]: GET /wp-content/themes/tijus-theme/assets/images/app-store.png
[Mon Apr 20 12:02:36 2026] [::1]:52284 Accepted
[Mon Apr 20 12:02:36 2026] [::1]:52282 Closing
[Mon Apr 20 12:02:36 2026] [::1]:52284 [200]: GET /wp-content/themes/tijus-theme/assets/images/author/author-06.jpg
[Mon Apr 20 12:02:36 2026] [::1]:52284 Closing
[Mon Apr 20 12:02:36 2026] [::1]:52285 Accepted
[Mon Apr 20 12:02:36 2026] [::1]:52285 [200]: GET /wp-content/themes/tijus-theme/assets/images/author/author-07.jpg
[Mon Apr 20 12:02:36 2026] [::1]:52285 Closing
[Mon Apr 20 12:02:36 2026] [::1]:52286 Accepted
[Mon Apr 20 12:02:36 2026] [::1]:52287 Accepted
[Mon Apr 20 12:02:36 2026] [::1]:52286 [200]: GET /wp-content/themes/tijus-theme/assets/images/author/author-03.jpg
[Mon Apr 20 12:02:36 2026] [::1]:52287 [200]: GET /wp-content/themes/tijus-theme/assets/images/shape/shape-19.png
[Mon Apr 20 12:02:36 2026] [::1]:52288 Accepted
[Mon Apr 20 12:02:36 2026] [::1]:52286 Closing
[Mon Apr 20 12:02:36 2026] [::1]:52287 Closing
[Mon Apr 20 12:02:36 2026] [::1]:52288 [200]: GET /wp-content/themes/tijus-theme/assets/images/shape/shape-20.png
[Mon Apr 20 12:02:36 2026] [::1]:52288 Closing
[Mon Apr 20 12:02:36 2026] [::1]:52289 Accepted
[Mon Apr 20 12:02:36 2026] [::1]:52290 Accepted
[Mon Apr 20 12:02:36 2026] [::1]:52289 [200]: GET /wp-content/themes/tijus-theme/assets/images/brand/brand-01.png
[Mon Apr 20 12:02:36 2026] [::1]:52290 [200]: GET /wp-content/themes/tijus-theme/assets/images/brand/brand-02.png
[Mon Apr 20 12:02:36 2026] [::1]:52291 Accepted
[Mon Apr 20 12:02:36 2026] [::1]:52289 Closing
[Mon Apr 20 12:02:36 2026] [::1]:52292 Accepted
[Mon Apr 20 12:02:36 2026] [::1]:52290 Closing
[Mon Apr 20 12:02:36 2026] [::1]:52291 [200]: GET /wp-content/themes/tijus-theme/assets/images/brand/brand-03.png
[Mon Apr 20 12:02:36 2026] [::1]:52293 Accepted
[Mon Apr 20 12:02:36 2026] [::1]:52292 [200]: GET /wp-content/themes/tijus-theme/assets/images/brand/brand-04.png
[Mon Apr 20 12:02:36 2026] [::1]:52294 Accepted
[Mon Apr 20 12:02:36 2026] [::1]:52293 [200]: GET /wp-content/themes/tijus-theme/assets/images/brand/brand-05.png
[Mon Apr 20 12:02:36 2026] [::1]:52291 Closing
[Mon Apr 20 12:02:36 2026] [::1]:52294 [200]: GET /wp-content/themes/tijus-theme/assets/images/brand/brand-06.png
[Mon Apr 20 12:02:36 2026] [::1]:52292 Closing
[Mon Apr 20 12:02:36 2026] [::1]:52293 Closing
[Mon Apr 20 12:02:36 2026] [::1]:52294 Closing
[Mon Apr 20 12:02:36 2026] [::1]:52295 Accepted
[Mon Apr 20 12:02:36 2026] [::1]:52295 [200]: GET /wp-content/themes/tijus-theme/assets/images/blog/blog-01.jpg
[Mon Apr 20 12:02:36 2026] [::1]:52296 Accepted
[Mon Apr 20 12:02:36 2026] [::1]:52297 Accepted
[Mon Apr 20 12:02:36 2026] [::1]:52296 [200]: GET /wp-content/themes/tijus-theme/assets/images/shape/shape-21.png
[Mon Apr 20 12:02:36 2026] [::1]:52298 Accepted
[Mon Apr 20 12:02:36 2026] [::1]:52295 Closing
[Mon Apr 20 12:02:36 2026] [::1]:52297 [200]: GET /wp-content/themes/tijus-theme/assets/images/shape/shape-22.png
[Mon Apr 20 12:02:36 2026] [::1]:52299 Accepted
[Mon Apr 20 12:02:36 2026] [::1]:52298 [200]: GET /wp-content/themes/tijus-theme/assets/images/shape/shape-1.png
[Mon Apr 20 12:02:36 2026] [::1]:52299 [200]: GET /wp-content/themes/tijus-theme/assets/images/shape/shape-2.png
[Mon Apr 20 12:02:36 2026] [::1]:52296 Closing
[Mon Apr 20 12:02:36 2026] [::1]:52300 Accepted
[Mon Apr 20 12:02:36 2026] [::1]:52297 Closing
[Mon Apr 20 12:02:36 2026] [::1]:52298 Closing
[Mon Apr 20 12:02:36 2026] [::1]:52301 Accepted
[Mon Apr 20 12:02:36 2026] [::1]:52299 Closing
[Mon Apr 20 12:02:36 2026] [::1]:52300 [200]: GET /wp-content/themes/tijus-theme/assets/images/shape/shape-3.png
[Mon Apr 20 12:02:36 2026] [::1]:52301 [200]: GET /wp-content/themes/tijus-theme/assets/images/shape/shape-4.png
[Mon Apr 20 12:02:36 2026] [::1]:52302 Accepted
[Mon Apr 20 12:02:36 2026] [::1]:52303 Accepted
[Mon Apr 20 12:02:36 2026] [::1]:52300 Closing
[Mon Apr 20 12:02:36 2026] [::1]:52301 Closing
[Mon Apr 20 12:02:36 2026] [::1]:52302 [200]: GET /wp-content/themes/tijus-theme/assets/images/shape/shape-11.png
[Mon Apr 20 12:02:36 2026] [::1]:52302 Closing
[Mon Apr 20 12:02:36 2026] [::1]:52303 [200]: GET /wp-content/themes/tijus-theme/assets/images/shape/shape-18.png
[Mon Apr 20 12:02:36 2026] [::1]:52303 Closing
[Mon Apr 20 12:02:36 2026] [::1]:52304 Accepted
[Mon Apr 20 12:02:36 2026] [::1]:52305 Accepted
[Mon Apr 20 12:02:36 2026] [::1]:52304 [200]: GET /wp-content/themes/tijus-theme/assets/fonts/flaticon.ttf?655915d50ed0facf464660ba648373b0
[Mon Apr 20 12:02:36 2026] [::1]:52305 [200]: GET /wp-content/themes/tijus-theme/assets/fonts/icofont.woff2
[Mon Apr 20 12:02:36 2026] [::1]:52304 Closing
[Mon Apr 20 12:02:36 2026] [::1]:52305 Closing
[Mon Apr 20 12:02:36 2026] [::1]:52306 Accepted
[Mon Apr 20 12:02:36 2026] [::1]:52306 [200]: GET /wp-content/plugins/elementor/assets/js/section-frontend-handlers.d85ab872da118940910d.bundle.min.js
[Mon Apr 20 12:02:36 2026] [::1]:52307 Accepted
[Mon Apr 20 12:02:36 2026] [::1]:52307 [200]: GET /wp-content/plugins/elementor/assets/js/shared-frontend-handlers.03caa53373b56d3bab67.bundle.min.js
[Mon Apr 20 12:02:36 2026] [::1]:52306 Closing
[Mon Apr 20 12:02:36 2026] [::1]:52307 Closing
[Mon Apr 20 12:02:36 2026] [::1]:52308 Accepted
[Mon Apr 20 12:02:36 2026] [::1]:52308 [200]: GET /wp-content/themes/tijus-theme/assets/images/favicon.ico
[Mon Apr 20 12:02:36 2026] [::1]:52308 Closing
[Mon Apr 20 12:02:37 2026] [::1]:52310 Accepted
[Mon Apr 20 12:02:37 2026] [::1]:52310 [200]: GET /wp-includes/js/wp-emoji-release.min.js?ver=6.9.4
[Mon Apr 20 12:02:37 2026] [::1]:52310 Closing
[Mon Apr 20 12:02:39 2026] [::1]:52311 Accepted
[Mon Apr 20 12:02:40 2026] [::1]:52311 Closing
[Mon Apr 20 12:02:40 2026] [::1]:52313 Accepted
[Mon Apr 20 12:02:40 2026] [::1]:52314 Accepted
[Mon Apr 20 12:02:40 2026] [::1]:52313 [200]: GET /wp-content/themes/tijus-theme/assets/css/vendor/plugins.min.css
[Mon Apr 20 12:02:40 2026] [::1]:52314 [200]: GET /wp-content/themes/tijus-theme/assets/css/style.min.css
[Mon Apr 20 12:02:40 2026] [::1]:52315 Accepted
[Mon Apr 20 12:02:40 2026] [::1]:52316 Accepted
[Mon Apr 20 12:02:40 2026] [::1]:52313 Closing
[Mon Apr 20 12:02:40 2026] [::1]:52317 Accepted
[Mon Apr 20 12:02:40 2026] [::1]:52314 Closing
[Mon Apr 20 12:02:40 2026] [::1]:52315 [200]: GET /wp-content/themes/tijus-theme/style.css?ver=1.0.0
[Mon Apr 20 12:02:40 2026] [::1]:52318 Accepted
[Mon Apr 20 12:02:40 2026] [::1]:52316 [200]: GET /wp-includes/js/jquery/jquery.min.js?ver=3.7.1
[Mon Apr 20 12:02:40 2026] [::1]:52317 [200]: GET /wp-includes/css/dist/block-library/style.min.css?ver=6.9.4
[Mon Apr 20 12:02:40 2026] [::1]:52318 [200]: GET /wp-includes/js/jquery/jquery-migrate.min.js?ver=3.4.1
[Mon Apr 20 12:02:40 2026] [::1]:52315 Closing
[Mon Apr 20 12:02:40 2026] [::1]:52316 Closing
[Mon Apr 20 12:02:40 2026] [::1]:52317 Closing
[Mon Apr 20 12:02:40 2026] [::1]:52318 Closing
[Mon Apr 20 12:02:40 2026] [::1]:52319 Accepted
[Mon Apr 20 12:02:40 2026] [::1]:52320 Accepted
[Mon Apr 20 12:02:40 2026] [::1]:52319 [200]: GET /wp-content/uploads/2026/04/logo.webp
[Mon Apr 20 12:02:40 2026] [::1]:52320 [200]: GET /wp-content/themes/tijus-theme/assets/images/shape/shape-8.png
[Mon Apr 20 12:02:40 2026] [::1]:52319 Closing
[Mon Apr 20 12:02:40 2026] [::1]:52320 Closing
[Mon Apr 20 12:02:40 2026] [::1]:52321 Accepted
[Mon Apr 20 12:02:40 2026] [::1]:52321 [200]: GET /wp-content/themes/tijus-theme/assets/images/shape/shape-5.png
[Mon Apr 20 12:02:40 2026] [::1]:52321 Closing
[Mon Apr 20 12:02:40 2026] [::1]:52322 Accepted
[Mon Apr 20 12:02:40 2026] [::1]:52322 [200]: GET /wp-content/themes/tijus-theme/assets/images/shape/shape-23.png
[Mon Apr 20 12:02:40 2026] [::1]:52322 Closing
[Mon Apr 20 12:02:40 2026] [::1]:52323 Accepted
[Mon Apr 20 12:02:40 2026] [::1]:52324 Accepted
[Mon Apr 20 12:02:40 2026] [::1]:52325 Accepted
[Mon Apr 20 12:02:40 2026] [::1]:52323 [200]: GET /wp-content/themes/tijus-theme/assets/images/shape/shape-6.png
[Mon Apr 20 12:02:40 2026] [::1]:52326 Accepted
[Mon Apr 20 12:02:40 2026] [::1]:52324 [200]: GET /wp-content/themes/tijus-theme/assets/js/vendor/modernizr-3.11.2.min.js?ver=3.11.2
[Mon Apr 20 12:02:40 2026] [::1]:52325 [200]: GET /wp-content/themes/tijus-theme/assets/js/plugins.min.js?ver=1.0.0
[Mon Apr 20 12:02:40 2026] [::1]:52326 [200]: GET /wp-content/themes/tijus-theme/assets/js/main.js?ver=1.0.0
[Mon Apr 20 12:02:40 2026] [::1]:52323 Closing
[Mon Apr 20 12:02:40 2026] [::1]:52324 Closing
[Mon Apr 20 12:02:40 2026] [::1]:52325 Closing
[Mon Apr 20 12:02:40 2026] [::1]:52326 Closing
[Mon Apr 20 12:02:40 2026] [::1]:52327 Accepted
[Mon Apr 20 12:02:40 2026] [::1]:52328 Accepted
[Mon Apr 20 12:02:40 2026] [::1]:52327 [200]: GET /wp-content/themes/tijus-theme/assets/images/shape/shape-24.png
[Mon Apr 20 12:02:40 2026] [::1]:52328 [200]: GET /wp-content/themes/tijus-theme/assets/images/author/author-11.jpg
[Mon Apr 20 12:02:40 2026] [::1]:52329 Accepted
[Mon Apr 20 12:02:40 2026] [::1]:52327 Closing
[Mon Apr 20 12:02:40 2026] [::1]:52328 Closing
[Mon Apr 20 12:02:40 2026] [::1]:52329 [200]: GET /wp-content/themes/tijus-theme/assets/images/shape/shape-26.png
[Mon Apr 20 12:02:40 2026] [::1]:52330 Accepted
[Mon Apr 20 12:02:40 2026] [::1]:52330 [200]: GET /wp-content/themes/tijus-theme/assets/images/register-login.png
[Mon Apr 20 12:02:40 2026] [::1]:52329 Closing
[Mon Apr 20 12:02:40 2026] [::1]:52331 Accepted
[Mon Apr 20 12:02:40 2026] [::1]:52332 Accepted
[Mon Apr 20 12:02:40 2026] [::1]:52331 [200]: GET /wp-content/themes/tijus-theme/assets/images/shape/shape-21.png
[Mon Apr 20 12:02:40 2026] [::1]:52330 Closing
[Mon Apr 20 12:02:40 2026] [::1]:52332 [200]: GET /wp-content/themes/tijus-theme/assets/images/shape/shape-22.png
[Mon Apr 20 12:02:40 2026] [::1]:52331 Closing
[Mon Apr 20 12:02:40 2026] [::1]:52332 Closing
[Mon Apr 20 12:02:40 2026] [::1]:52333 Accepted
[Mon Apr 20 12:02:40 2026] [::1]:52333 [200]: GET /wp-content/themes/tijus-theme/assets/images/shape/shape-1.png
[Mon Apr 20 12:02:40 2026] [::1]:52334 Accepted
[Mon Apr 20 12:02:40 2026] [::1]:52335 Accepted
[Mon Apr 20 12:02:40 2026] [::1]:52333 Closing
[Mon Apr 20 12:02:40 2026] [::1]:52336 Accepted
[Mon Apr 20 12:02:40 2026] [::1]:52334 [200]: GET /wp-content/themes/tijus-theme/assets/images/shape/shape-2.png
[Mon Apr 20 12:02:40 2026] [::1]:52336 [200]: GET /wp-content/themes/tijus-theme/assets/images/shape/shape-4.png
[Mon Apr 20 12:02:40 2026] [::1]:52335 [200]: GET /wp-content/themes/tijus-theme/assets/images/shape/shape-3.png
[Mon Apr 20 12:02:40 2026] [::1]:52334 Closing
[Mon Apr 20 12:02:40 2026] [::1]:52336 Closing
[Mon Apr 20 12:02:40 2026] [::1]:52335 Closing
[Mon Apr 20 12:02:40 2026] [::1]:52337 Accepted
[Mon Apr 20 12:02:40 2026] [::1]:52338 Accepted
[Mon Apr 20 12:02:40 2026] [::1]:52337 [200]: GET /wp-content/themes/tijus-theme/assets/fonts/flaticon.ttf?655915d50ed0facf464660ba648373b0
[Mon Apr 20 12:02:40 2026] [::1]:52338 [200]: GET /wp-content/themes/tijus-theme/assets/fonts/icofont.woff2
[Mon Apr 20 12:02:40 2026] [::1]:52337 Closing
[Mon Apr 20 12:02:40 2026] [::1]:52338 Closing
[Mon Apr 20 12:02:40 2026] [::1]:52339 Accepted
[Mon Apr 20 12:02:40 2026] [::1]:52339 [200]: GET /wp-includes/js/wp-emoji-release.min.js?ver=6.9.4
[Mon Apr 20 12:02:40 2026] [::1]:52339 Closing
[Mon Apr 20 12:02:40 2026] [::1]:52340 Accepted
[Mon Apr 20 12:02:40 2026] [::1]:52340 [200]: GET /wp-content/themes/tijus-theme/assets/images/favicon.ico
[Mon Apr 20 12:02:40 2026] [::1]:52340 Closing
[Mon Apr 20 12:02:44 2026] [::1]:52341 Accepted
[Mon Apr 20 12:02:44 2026] [::1]:52341 Closing
[Mon Apr 20 12:02:44 2026] [::1]:52343 Accepted
[Mon Apr 20 12:02:44 2026] [::1]:52343 [200]: GET /wp-content/themes/tijus-theme/assets/css/vendor/plugins.min.css
[Mon Apr 20 12:02:44 2026] [::1]:52344 Accepted
[Mon Apr 20 12:02:44 2026] [::1]:52345 Accepted
[Mon Apr 20 12:02:44 2026] [::1]:52346 Accepted
[Mon Apr 20 12:02:44 2026] [::1]:52343 Closing
[Mon Apr 20 12:02:44 2026] [::1]:52344 [200]: GET /wp-content/themes/tijus-theme/assets/css/style.min.css
[Mon Apr 20 12:02:44 2026] [::1]:52347 Accepted
[Mon Apr 20 12:02:44 2026] [::1]:52345 [200]: GET /wp-includes/css/dist/block-library/style.min.css?ver=6.9.4
[Mon Apr 20 12:02:44 2026] [::1]:52348 Accepted
[Mon Apr 20 12:02:44 2026] [::1]:52347 [200]: GET /wp-includes/js/jquery/jquery.min.js?ver=3.7.1
[Mon Apr 20 12:02:44 2026] [::1]:52346 [200]: GET /wp-content/themes/tijus-theme/style.css?ver=1.0.0
[Mon Apr 20 12:02:44 2026] [::1]:52348 [200]: GET /wp-includes/js/jquery/jquery-migrate.min.js?ver=3.4.1
[Mon Apr 20 12:02:44 2026] [::1]:52345 Closing
[Mon Apr 20 12:02:44 2026] [::1]:52347 Closing
[Mon Apr 20 12:02:44 2026] [::1]:52344 Closing
[Mon Apr 20 12:02:44 2026] [::1]:52346 Closing
[Mon Apr 20 12:02:44 2026] [::1]:52348 Closing
[Mon Apr 20 12:02:44 2026] [::1]:52349 Accepted
[Mon Apr 20 12:02:44 2026] [::1]:52350 Accepted
[Mon Apr 20 12:02:44 2026] [::1]:52349 [200]: GET /wp-content/uploads/2026/04/logo.webp
[Mon Apr 20 12:02:44 2026] [::1]:52350 [200]: GET /wp-content/themes/tijus-theme/assets/images/shape/shape-8.png
[Mon Apr 20 12:02:44 2026] [::1]:52349 Closing
[Mon Apr 20 12:02:44 2026] [::1]:52350 Closing
[Mon Apr 20 12:02:44 2026] [::1]:52351 Accepted
[Mon Apr 20 12:02:44 2026] [::1]:52352 Accepted
[Mon Apr 20 12:02:44 2026] [::1]:52351 [200]: GET /wp-content/themes/tijus-theme/assets/images/shape/shape-23.png
[Mon Apr 20 12:02:44 2026] [::1]:52352 [200]: GET /wp-content/themes/tijus-theme/assets/images/shape/shape-5.png
[Mon Apr 20 12:02:44 2026] [::1]:52351 Closing
[Mon Apr 20 12:02:44 2026] [::1]:52352 Closing
[Mon Apr 20 12:02:44 2026] [::1]:52353 Accepted
[Mon Apr 20 12:02:44 2026] [::1]:52354 Accepted
[Mon Apr 20 12:02:44 2026] [::1]:52355 Accepted
[Mon Apr 20 12:02:44 2026] [::1]:52353 [200]: GET /wp-content/themes/tijus-theme/assets/images/shape/shape-6.png
[Mon Apr 20 12:02:44 2026] [::1]:52356 Accepted
[Mon Apr 20 12:02:44 2026] [::1]:52354 [200]: GET /wp-content/themes/tijus-theme/assets/js/vendor/modernizr-3.11.2.min.js?ver=3.11.2
[Mon Apr 20 12:02:44 2026] [::1]:52355 [200]: GET /wp-content/themes/tijus-theme/assets/js/plugins.min.js?ver=1.0.0
[Mon Apr 20 12:02:44 2026] [::1]:52357 Accepted
[Mon Apr 20 12:02:44 2026] [::1]:52356 [200]: GET /wp-content/themes/tijus-theme/assets/js/main.js?ver=1.0.0
[Mon Apr 20 12:02:44 2026] [::1]:52358 Accepted
[Mon Apr 20 12:02:44 2026] [::1]:52353 Closing
[Mon Apr 20 12:02:44 2026] [::1]:52357 [200]: GET /wp-content/themes/tijus-theme/assets/images/shape/shape-24.png
[Mon Apr 20 12:02:44 2026] [::1]:52354 Closing
[Mon Apr 20 12:02:44 2026] [::1]:52358 [200]: GET /wp-content/themes/tijus-theme/assets/images/author/author-11.jpg
[Mon Apr 20 12:02:44 2026] [::1]:52355 Closing
[Mon Apr 20 12:02:44 2026] [::1]:52356 Closing
[Mon Apr 20 12:02:44 2026] [::1]:52357 Closing
[Mon Apr 20 12:02:44 2026] [::1]:52358 Closing
[Mon Apr 20 12:02:44 2026] [::1]:52359 Accepted
[Mon Apr 20 12:02:44 2026] [::1]:52360 Accepted
[Mon Apr 20 12:02:44 2026] [::1]:52359 [200]: GET /wp-content/themes/tijus-theme/assets/images/shape/shape-26.png
[Mon Apr 20 12:02:44 2026] [::1]:52360 [200]: GET /wp-content/themes/tijus-theme/assets/images/register-login.png
[Mon Apr 20 12:02:44 2026] [::1]:52359 Closing
[Mon Apr 20 12:02:44 2026] [::1]:52360 Closing
[Mon Apr 20 12:02:44 2026] [::1]:52361 Accepted
[Mon Apr 20 12:02:44 2026] [::1]:52361 [200]: GET /wp-content/themes/tijus-theme/assets/images/shape/shape-21.png
[Mon Apr 20 12:02:44 2026] [::1]:52362 Accepted
[Mon Apr 20 12:02:44 2026] [::1]:52363 Accepted
[Mon Apr 20 12:02:44 2026] [::1]:52361 Closing
[Mon Apr 20 12:02:44 2026] [::1]:52362 [200]: GET /wp-content/themes/tijus-theme/assets/images/shape/shape-22.png
[Mon Apr 20 12:02:44 2026] [::1]:52363 [200]: GET /wp-content/themes/tijus-theme/assets/images/shape/shape-1.png
[Mon Apr 20 12:02:44 2026] [::1]:52362 Closing
[Mon Apr 20 12:02:44 2026] [::1]:52363 Closing
[Mon Apr 20 12:02:44 2026] [::1]:52364 Accepted
[Mon Apr 20 12:02:44 2026] [::1]:52365 Accepted
[Mon Apr 20 12:02:44 2026] [::1]:52364 [200]: GET /wp-content/themes/tijus-theme/assets/images/shape/shape-2.png
[Mon Apr 20 12:02:44 2026] [::1]:52364 Closing
[Mon Apr 20 12:02:44 2026] [::1]:52365 [200]: GET /wp-content/themes/tijus-theme/assets/images/shape/shape-3.png
[Mon Apr 20 12:02:44 2026] [::1]:52365 Closing
[Mon Apr 20 12:02:44 2026] [::1]:52366 Accepted
[Mon Apr 20 12:02:44 2026] [::1]:52366 [200]: GET /wp-content/themes/tijus-theme/assets/images/shape/shape-4.png
[Mon Apr 20 12:02:44 2026] [::1]:52366 Closing
[Mon Apr 20 12:02:44 2026] [::1]:52367 Accepted
[Mon Apr 20 12:02:44 2026] [::1]:52368 Accepted
[Mon Apr 20 12:02:44 2026] [::1]:52367 [200]: GET /wp-content/themes/tijus-theme/assets/fonts/flaticon.ttf?655915d50ed0facf464660ba648373b0
[Mon Apr 20 12:02:44 2026] [::1]:52368 [200]: GET /wp-content/themes/tijus-theme/assets/fonts/icofont.woff2
[Mon Apr 20 12:02:44 2026] [::1]:52367 Closing
[Mon Apr 20 12:02:44 2026] [::1]:52368 Closing
[Mon Apr 20 12:02:44 2026] [::1]:52369 Accepted
[Mon Apr 20 12:02:44 2026] [::1]:52369 [200]: GET /wp-includes/js/wp-emoji-release.min.js?ver=6.9.4
[Mon Apr 20 12:02:44 2026] [::1]:52369 Closing
[Mon Apr 20 12:02:44 2026] [::1]:52370 Accepted
[Mon Apr 20 12:02:44 2026] [::1]:52370 [200]: GET /wp-content/themes/tijus-theme/assets/images/favicon.ico
[Mon Apr 20 12:02:44 2026] [::1]:52370 Closing
[Mon Apr 20 12:03:37 2026] [::1]:52389 Accepted
[Mon Apr 20 12:03:37 2026] [::1]:52389 [200]: POST /wp-admin/admin-ajax.php
[Mon Apr 20 12:03:37 2026] [::1]:52389 Closing
[Mon Apr 20 12:09:29 2026] [::1]:52585 Accepted
[Mon Apr 20 12:09:29 2026] [::1]:52586 Accepted
[Mon Apr 20 12:09:29 2026] [::1]:52585 [200]: GET /wp-content/themes/tijus-theme/assets/images/favicon.ico
[Mon Apr 20 12:09:29 2026] [::1]:52585 Closing
[Mon Apr 20 12:09:29 2026] [::1]:52586 [200]: GET /wp-content/uploads/2026/04/cropped-logo-32x32.webp
[Mon Apr 20 12:09:29 2026] [::1]:52586 Closing
[Mon Apr 20 12:09:29 2026] [::1]:52587 Accepted
[Mon Apr 20 12:09:29 2026] [::1]:52587 [200]: GET /wp-includes/js/wp-emoji-release.min.js?ver=6.9.4
[Mon Apr 20 12:09:29 2026] [::1]:52587 Closing
[Mon Apr 20 12:34:18 2026] [::1]:55847 Accepted
[Mon Apr 20 12:34:18 2026] [::1]:55848 Accepted
[Mon Apr 20 12:34:19 2026] [::1]:55847 [200]: GET /
[Mon Apr 20 12:34:20 2026] [::1]:55847 Closing
[Mon Apr 20 12:34:20 2026] [::1]:55850 Accepted
[Mon Apr 20 12:34:20 2026] [::1]:55848 [200]: GET /wp-content/themes/tijus-theme/assets/css/vendor/plugins.min.css
[Mon Apr 20 12:34:20 2026] [::1]:55851 Accepted
[Mon Apr 20 12:34:20 2026] [::1]:55850 [200]: POST /wp-cron.php?doing_wp_cron=1776668659.2397499084472656250000
[Mon Apr 20 12:34:20 2026] [::1]:55850 Closing
[Mon Apr 20 12:34:20 2026] [::1]:55852 Accepted
[Mon Apr 20 12:34:20 2026] [::1]:55851 [200]: GET /wp-content/themes/tijus-theme/assets/css/style.min.css
[Mon Apr 20 12:34:20 2026] [::1]:55853 Accepted
[Mon Apr 20 12:34:20 2026] [::1]:55852 [200]: GET /wp-content/themes/tijus-theme/style.css?ver=1.0.0
[Mon Apr 20 12:34:20 2026] [::1]:55854 Accepted
[Mon Apr 20 12:34:20 2026] [::1]:55848 Closing
[Mon Apr 20 12:34:20 2026] [::1]:55853 [200]: GET /wp-content/plugins/elementor/assets/css/frontend.min.css?ver=4.0.2
[Mon Apr 20 12:34:20 2026] [::1]:55858 Accepted
[Mon Apr 20 12:34:20 2026] [::1]:55854 [200]: GET /wp-content/uploads/elementor/css/post-6.css?ver=1776486962
[Mon Apr 20 12:34:20 2026] [::1]:55859 Accepted
[Mon Apr 20 12:34:20 2026] [::1]:55852 Closing
[Mon Apr 20 12:34:20 2026] [::1]:55858 [200]: GET /wp-content/uploads/elementor/css/post-10.css?ver=1776513654
[Mon Apr 20 12:34:20 2026] [::1]:55860 Accepted
[Mon Apr 20 12:34:20 2026] [::1]:55853 Closing
[Mon Apr 20 12:34:20 2026] [::1]:55859 [200]: GET /wp-content/uploads/elementor/css/base-desktop.css?ver=69e30a32eaae0
[Mon Apr 20 12:34:20 2026] [::1]:55861 Accepted
[Mon Apr 20 12:34:20 2026] [::1]:55851 Closing
[Mon Apr 20 12:34:20 2026] [::1]:55860 [200]: GET /wp-includes/js/jquery/jquery.min.js?ver=3.7.1
[Mon Apr 20 12:34:20 2026] [::1]:55854 Closing
[Mon Apr 20 12:34:20 2026] [::1]:55858 Closing
[Mon Apr 20 12:34:20 2026] [::1]:55861 [200]: GET /wp-includes/js/jquery/jquery-migrate.min.js?ver=3.4.1
[Mon Apr 20 12:34:20 2026] [::1]:55862 Accepted
[Mon Apr 20 12:34:20 2026] [::1]:55859 Closing
[Mon Apr 20 12:34:20 2026] [::1]:55863 Accepted
[Mon Apr 20 12:34:20 2026] [::1]:55862 [200]: GET /wp-content/uploads/2026/04/logo.webp
[Mon Apr 20 12:34:20 2026] [::1]:55860 Closing
[Mon Apr 20 12:34:20 2026] [::1]:55863 [200]: GET /wp-content/themes/tijus-theme/assets/images/shape/shape-8.png
[Mon Apr 20 12:34:20 2026] [::1]:55861 Closing
[Mon Apr 20 12:34:20 2026] [::1]:55862 Closing
[Mon Apr 20 12:34:20 2026] [::1]:55863 Closing
[Mon Apr 20 12:34:20 2026] [::1]:55864 Accepted
[Mon Apr 20 12:34:20 2026] [::1]:55865 Accepted
[Mon Apr 20 12:34:20 2026] [::1]:55864 [200]: GET /wp-content/themes/tijus-theme/assets/images/shape/shape-5.png
[Mon Apr 20 12:34:20 2026] [::1]:55865 [200]: GET /wp-content/themes/tijus-theme/assets/images/shape/shape-6.png
[Mon Apr 20 12:34:20 2026] [::1]:55864 Closing
[Mon Apr 20 12:34:20 2026] [::1]:55865 Closing
[Mon Apr 20 12:34:20 2026] [::1]:55866 Accepted
[Mon Apr 20 12:34:20 2026] [::1]:55867 Accepted
[Mon Apr 20 12:34:20 2026] [::1]:55866 [200]: GET /wp-content/themes/tijus-theme/assets/images/shape/shape-7.png
[Mon Apr 20 12:34:20 2026] [::1]:55867 [200]: GET /wp-content/themes/tijus-theme/assets/js/vendor/modernizr-3.11.2.min.js?ver=3.11.2
[Mon Apr 20 12:34:20 2026] [::1]:55866 Closing
[Mon Apr 20 12:34:20 2026] [::1]:55867 Closing
[Mon Apr 20 12:34:20 2026] [::1]:55868 Accepted
[Mon Apr 20 12:34:20 2026] [::1]:55868 [200]: GET /wp-content/themes/tijus-theme/assets/js/plugins.min.js?ver=1.0.0
[Mon Apr 20 12:34:20 2026] [::1]:55869 Accepted
[Mon Apr 20 12:34:20 2026] [::1]:55868 Closing
[Mon Apr 20 12:34:20 2026] [::1]:55870 Accepted
[Mon Apr 20 12:34:20 2026] [::1]:55871 Accepted
[Mon Apr 20 12:34:20 2026] [::1]:55869 [200]: GET /wp-content/themes/tijus-theme/assets/js/main.js?ver=1.0.0
[Mon Apr 20 12:34:20 2026] [::1]:55872 Accepted
[Mon Apr 20 12:34:20 2026] [::1]:55870 [200]: GET /wp-content/plugins/elementor/assets/js/webpack.runtime.min.js?ver=4.0.2
[Mon Apr 20 12:34:20 2026] [::1]:55871 [200]: GET /wp-content/plugins/elementor/assets/js/frontend-modules.min.js?ver=4.0.2
[Mon Apr 20 12:34:20 2026] [::1]:55873 Accepted
[Mon Apr 20 12:34:20 2026] [::1]:55872 [200]: GET /wp-includes/js/jquery/ui/core.min.js?ver=1.13.3
[Mon Apr 20 12:34:20 2026] [::1]:55869 Closing
[Mon Apr 20 12:34:20 2026] [::1]:55873 [200]: GET /wp-content/plugins/elementor/assets/js/frontend.min.js?ver=4.0.2
[Mon Apr 20 12:34:20 2026] [::1]:55870 Closing
[Mon Apr 20 12:34:20 2026] [::1]:55871 Closing
[Mon Apr 20 12:34:20 2026] [::1]:55872 Closing
[Mon Apr 20 12:34:20 2026] [::1]:55873 Closing
[Mon Apr 20 12:34:20 2026] [::1]:55874 Accepted
[Mon Apr 20 12:34:20 2026] [::1]:55875 Accepted
[Mon Apr 20 12:34:20 2026] [::1]:55874 [200]: GET /wp-content/themes/tijus-theme/assets/images/slider/slider-1.png
[Mon Apr 20 12:34:20 2026] [::1]:55876 Accepted
[Mon Apr 20 12:34:20 2026] [::1]:55875 [200]: GET /wp-content/themes/tijus-theme/assets/images/shape/shape-9.png
[Mon Apr 20 12:34:20 2026] [::1]:55876 [200]: GET /wp-content/themes/tijus-theme/assets/images/shape/shape-10.png
[Mon Apr 20 12:34:20 2026] [::1]:55877 Accepted
[Mon Apr 20 12:34:20 2026] [::1]:55874 Closing
[Mon Apr 20 12:34:20 2026] [::1]:55875 Closing
[Mon Apr 20 12:34:20 2026] [::1]:55877 [200]: GET /wp-content/themes/tijus-theme/assets/images/courses/courses-01.jpg
[Mon Apr 20 12:34:20 2026] [::1]:55876 Closing
[Mon Apr 20 12:34:20 2026] [::1]:55877 Closing
[Mon Apr 20 12:34:20 2026] [::1]:55879 Accepted
[Mon Apr 20 12:34:20 2026] [::1]:55880 Accepted
[Mon Apr 20 12:34:20 2026] [::1]:55879 [200]: GET /wp-content/themes/tijus-theme/assets/images/shape/shape-12.png
[Mon Apr 20 12:34:20 2026] [::1]:55880 [200]: GET /wp-content/themes/tijus-theme/assets/images/shape/shape-13.svg
[Mon Apr 20 12:34:20 2026] [::1]:55879 Closing
[Mon Apr 20 12:34:20 2026] [::1]:55880 Closing
[Mon Apr 20 12:34:20 2026] [::1]:55881 Accepted
[Mon Apr 20 12:34:20 2026] [::1]:55882 Accepted
[Mon Apr 20 12:34:20 2026] [::1]:55881 [200]: GET /wp-content/themes/tijus-theme/assets/images/shape/shape-15.png
[Mon Apr 20 12:34:20 2026] [::1]:55883 Accepted
[Mon Apr 20 12:34:20 2026] [::1]:55881 Closing
[Mon Apr 20 12:34:20 2026] [::1]:55882 [200]: GET /wp-content/themes/tijus-theme/assets/images/shape/shape-17.png
[Mon Apr 20 12:34:20 2026] [::1]:55883 [200]: GET /wp-content/themes/tijus-theme/assets/images/shape/shape-16.png
[Mon Apr 20 12:34:20 2026] [::1]:55884 Accepted
[Mon Apr 20 12:34:20 2026] [::1]:55882 Closing
[Mon Apr 20 12:34:20 2026] [::1]:55885 Accepted
[Mon Apr 20 12:34:20 2026] [::1]:55883 Closing
[Mon Apr 20 12:34:20 2026] [::1]:55884 [200]: GET /wp-content/themes/tijus-theme/assets/images/shape/shape-14.png
[Mon Apr 20 12:34:20 2026] [::1]:55884 Closing
[Mon Apr 20 12:34:20 2026] [::1]:55885 [200]: GET /wp-content/themes/tijus-theme/assets/images/google-play.png
[Mon Apr 20 12:34:20 2026] [::1]:55886 Accepted
[Mon Apr 20 12:34:20 2026] [::1]:55885 Closing
[Mon Apr 20 12:34:20 2026] [::1]:55886 [200]: GET /wp-content/themes/tijus-theme/assets/images/app-store.png
[Mon Apr 20 12:34:20 2026] [::1]:55886 Closing
[Mon Apr 20 12:34:20 2026] [::1]:55887 Accepted
[Mon Apr 20 12:34:20 2026] [::1]:55887 [200]: GET /wp-content/themes/tijus-theme/assets/images/author/author-06.jpg
[Mon Apr 20 12:34:20 2026] [::1]:55887 Closing
[Mon Apr 20 12:34:20 2026] [::1]:55888 Accepted
[Mon Apr 20 12:34:20 2026] [::1]:55889 Accepted
[Mon Apr 20 12:34:20 2026] [::1]:55888 [200]: GET /wp-content/themes/tijus-theme/assets/images/author/author-07.jpg
[Mon Apr 20 12:34:20 2026] [::1]:55888 Closing
[Mon Apr 20 12:34:20 2026] [::1]:55889 [200]: GET /wp-content/themes/tijus-theme/assets/images/author/author-03.jpg
[Mon Apr 20 12:34:20 2026] [::1]:55890 Accepted
[Mon Apr 20 12:34:20 2026] [::1]:55889 Closing
[Mon Apr 20 12:34:20 2026] [::1]:55890 [200]: GET /wp-content/themes/tijus-theme/assets/images/shape/shape-19.png
[Mon Apr 20 12:34:20 2026] [::1]:55890 Closing
[Mon Apr 20 12:34:20 2026] [::1]:55891 Accepted
[Mon Apr 20 12:34:20 2026] [::1]:55891 [200]: GET /wp-content/themes/tijus-theme/assets/images/shape/shape-20.png
[Mon Apr 20 12:34:20 2026] [::1]:55892 Accepted
[Mon Apr 20 12:34:20 2026] [::1]:55891 Closing
[Mon Apr 20 12:34:20 2026] [::1]:55893 Accepted
[Mon Apr 20 12:34:20 2026] [::1]:55892 [200]: GET /wp-content/themes/tijus-theme/assets/images/brand/brand-01.png
[Mon Apr 20 12:34:20 2026] [::1]:55894 Accepted
[Mon Apr 20 12:34:20 2026] [::1]:55893 [200]: GET /wp-content/themes/tijus-theme/assets/images/brand/brand-02.png
[Mon Apr 20 12:34:20 2026] [::1]:55895 Accepted
[Mon Apr 20 12:34:20 2026] [::1]:55894 [200]: GET /wp-content/themes/tijus-theme/assets/images/brand/brand-03.png
[Mon Apr 20 12:34:20 2026] [::1]:55896 Accepted
[Mon Apr 20 12:34:20 2026] [::1]:55892 Closing
[Mon Apr 20 12:34:20 2026] [::1]:55895 [200]: GET /wp-content/themes/tijus-theme/assets/images/brand/brand-04.png
[Mon Apr 20 12:34:20 2026] [::1]:55897 Accepted
[Mon Apr 20 12:34:20 2026] [::1]:55893 Closing
[Mon Apr 20 12:34:20 2026] [::1]:55896 [200]: GET /wp-content/themes/tijus-theme/assets/images/brand/brand-05.png
[Mon Apr 20 12:34:20 2026] [::1]:55897 [200]: GET /wp-content/themes/tijus-theme/assets/images/brand/brand-06.png
[Mon Apr 20 12:34:20 2026] [::1]:55894 Closing
[Mon Apr 20 12:34:20 2026] [::1]:55895 Closing
[Mon Apr 20 12:34:20 2026] [::1]:55896 Closing
[Mon Apr 20 12:34:20 2026] [::1]:55897 Closing
[Mon Apr 20 12:34:20 2026] [::1]:55898 Accepted
[Mon Apr 20 12:34:20 2026] [::1]:55899 Accepted
[Mon Apr 20 12:34:20 2026] [::1]:55898 [200]: GET /wp-content/themes/tijus-theme/assets/images/blog/blog-01.jpg
[Mon Apr 20 12:34:20 2026] [::1]:55899 [200]: GET /wp-content/themes/tijus-theme/assets/images/shape/shape-21.png
[Mon Apr 20 12:34:20 2026] [::1]:55900 Accepted
[Mon Apr 20 12:34:20 2026] [::1]:55901 Accepted
[Mon Apr 20 12:34:20 2026] [::1]:55898 Closing
[Mon Apr 20 12:34:20 2026] [::1]:55899 Closing
[Mon Apr 20 12:34:20 2026] [::1]:55900 [200]: GET /wp-content/themes/tijus-theme/assets/images/shape/shape-22.png
[Mon Apr 20 12:34:20 2026] [::1]:55901 [200]: GET /wp-content/themes/tijus-theme/assets/images/shape/shape-1.png
[Mon Apr 20 12:34:20 2026] [::1]:55900 Closing
[Mon Apr 20 12:34:20 2026] [::1]:55902 Accepted
[Mon Apr 20 12:34:20 2026] [::1]:55901 Closing
[Mon Apr 20 12:34:20 2026] [::1]:55902 [200]: GET /wp-content/themes/tijus-theme/assets/images/shape/shape-2.png
[Mon Apr 20 12:34:20 2026] [::1]:55903 Accepted
[Mon Apr 20 12:34:20 2026] [::1]:55904 Accepted
[Mon Apr 20 12:34:20 2026] [::1]:55902 Closing
[Mon Apr 20 12:34:20 2026] [::1]:55903 [200]: GET /wp-content/themes/tijus-theme/assets/images/shape/shape-3.png
[Mon Apr 20 12:34:20 2026] [::1]:55904 [200]: GET /wp-content/themes/tijus-theme/assets/images/shape/shape-4.png
[Mon Apr 20 12:34:20 2026] [::1]:55905 Accepted
[Mon Apr 20 12:34:20 2026] [::1]:55903 Closing
[Mon Apr 20 12:34:20 2026] [::1]:55906 Accepted
[Mon Apr 20 12:34:20 2026] [::1]:55904 Closing
[Mon Apr 20 12:34:20 2026] [::1]:55905 [200]: GET /wp-content/themes/tijus-theme/assets/images/shape/shape-11.png
[Mon Apr 20 12:34:20 2026] [::1]:55906 [200]: GET /wp-content/themes/tijus-theme/assets/images/shape/shape-18.png
[Mon Apr 20 12:34:20 2026] [::1]:55905 Closing
[Mon Apr 20 12:34:20 2026] [::1]:55906 Closing
[Mon Apr 20 12:34:20 2026] [::1]:55907 Accepted
[Mon Apr 20 12:34:20 2026] [::1]:55908 Accepted
[Mon Apr 20 12:34:20 2026] [::1]:55907 [200]: GET /wp-content/themes/tijus-theme/assets/fonts/flaticon.ttf?655915d50ed0facf464660ba648373b0
[Mon Apr 20 12:34:20 2026] [::1]:55908 [200]: GET /wp-content/themes/tijus-theme/assets/fonts/icofont.woff2
[Mon Apr 20 12:34:20 2026] [::1]:55907 Closing
[Mon Apr 20 12:34:20 2026] [::1]:55908 Closing
[Mon Apr 20 12:34:20 2026] [::1]:55910 Accepted
[Mon Apr 20 12:34:20 2026] [::1]:55911 Accepted
[Mon Apr 20 12:34:20 2026] [::1]:55910 [200]: GET /wp-content/plugins/elementor/assets/js/section-frontend-handlers.d85ab872da118940910d.bundle.min.js
[Mon Apr 20 12:34:20 2026] [::1]:55911 [200]: GET /wp-content/plugins/elementor/assets/js/shared-frontend-handlers.03caa53373b56d3bab67.bundle.min.js
[Mon Apr 20 12:34:20 2026] [::1]:55910 Closing
[Mon Apr 20 12:34:20 2026] [::1]:55911 Closing
[Mon Apr 20 12:34:20 2026] [::1]:55912 Accepted
[Mon Apr 20 12:34:20 2026] [::1]:55912 [200]: GET /wp-content/themes/tijus-theme/assets/images/favicon.ico
[Mon Apr 20 12:34:20 2026] [::1]:55912 Closing
[Mon Apr 20 12:34:20 2026] [::1]:55914 Accepted
[Mon Apr 20 12:34:20 2026] [::1]:55914 [200]: GET /wp-includes/js/wp-emoji-release.min.js?ver=6.9.4
[Mon Apr 20 12:34:20 2026] [::1]:55914 Closing
[Mon Apr 20 12:38:40 2026] [::1]:56283 Accepted
[Mon Apr 20 12:38:40 2026] [::1]:56284 Accepted
[Mon Apr 20 12:38:43 2026] [::1]:56283 [200]: GET /
[Mon Apr 20 12:38:43 2026] [::1]:56283 Closing
[Mon Apr 20 12:38:43 2026] [::1]:56284 [200]: GET /wp-content/themes/tijus-theme/assets/css/vendor/plugins.min.css
[Mon Apr 20 12:38:43 2026] [::1]:56286 Accepted
[Mon Apr 20 12:38:43 2026] [::1]:56287 Accepted
[Mon Apr 20 12:38:43 2026] [::1]:56286 [200]: GET /wp-content/themes/tijus-theme/assets/css/style.min.css
[Mon Apr 20 12:38:43 2026] [::1]:56288 Accepted
[Mon Apr 20 12:38:43 2026] [::1]:56287 [200]: GET /wp-content/themes/tijus-theme/style.css?ver=1.0.0
[Mon Apr 20 12:38:43 2026] [::1]:56289 Accepted
[Mon Apr 20 12:38:43 2026] [::1]:56284 Closing
[Mon Apr 20 12:38:43 2026] [::1]:56288 [200]: GET /wp-content/plugins/elementor/assets/css/frontend.min.css?ver=4.0.2
[Mon Apr 20 12:38:43 2026] [::1]:56290 Accepted
[Mon Apr 20 12:38:43 2026] [::1]:56289 [200]: GET /wp-content/uploads/elementor/css/post-6.css?ver=1776486962
[Mon Apr 20 12:38:43 2026] [::1]:56290 [200]: GET /wp-content/uploads/elementor/css/post-10.css?ver=1776513654
[Mon Apr 20 12:38:43 2026] [::1]:56287 Closing
[Mon Apr 20 12:38:43 2026] [::1]:56288 Closing
[Mon Apr 20 12:38:43 2026] [::1]:56286 Closing
[Mon Apr 20 12:38:43 2026] [::1]:56289 Closing
[Mon Apr 20 12:38:43 2026] [::1]:56290 Closing
[Mon Apr 20 12:38:43 2026] [::1]:56291 Accepted
[Mon Apr 20 12:38:43 2026] [::1]:56291 [200]: GET /wp-content/uploads/elementor/css/base-desktop.css?ver=69e30a32eaae0
[Mon Apr 20 12:38:43 2026] [::1]:56291 Closing
[Mon Apr 20 12:38:43 2026] [::1]:56292 Accepted
[Mon Apr 20 12:38:43 2026] [::1]:56292 [200]: GET /wp-includes/js/jquery/jquery.min.js?ver=3.7.1
[Mon Apr 20 12:38:43 2026] [::1]:56293 Accepted
[Mon Apr 20 12:38:43 2026] [::1]:56292 Closing
[Mon Apr 20 12:38:43 2026] [::1]:56293 [200]: GET /wp-includes/js/jquery/jquery-migrate.min.js?ver=3.4.1
[Mon Apr 20 12:38:43 2026] [::1]:56293 Closing
[Mon Apr 20 12:38:43 2026] [::1]:56294 Accepted
[Mon Apr 20 12:38:43 2026] [::1]:56294 [200]: GET /wp-content/uploads/2026/04/logo.webp
[Mon Apr 20 12:38:43 2026] [::1]:56295 Accepted
[Mon Apr 20 12:38:43 2026] [::1]:56294 Closing
[Mon Apr 20 12:38:43 2026] [::1]:56295 [200]: GET /wp-content/themes/tijus-theme/assets/images/shape/shape-8.png
[Mon Apr 20 12:38:43 2026] [::1]:56295 Closing
[Mon Apr 20 12:38:43 2026] [::1]:56296 Accepted
[Mon Apr 20 12:38:43 2026] [::1]:56297 Accepted
[Mon Apr 20 12:38:43 2026] [::1]:56296 [200]: GET /wp-content/themes/tijus-theme/assets/images/shape/shape-5.png
[Mon Apr 20 12:38:43 2026] [::1]:56297 [200]: GET /wp-content/themes/tijus-theme/assets/images/shape/shape-6.png
[Mon Apr 20 12:38:43 2026] [::1]:56296 Closing
[Mon Apr 20 12:38:43 2026] [::1]:56297 Closing
[Mon Apr 20 12:38:43 2026] [::1]:56298 Accepted
[Mon Apr 20 12:38:43 2026] [::1]:56299 Accepted
[Mon Apr 20 12:38:43 2026] [::1]:56298 [200]: GET /wp-content/themes/tijus-theme/assets/images/shape/shape-7.png
[Mon Apr 20 12:38:43 2026] [::1]:56299 [200]: GET /wp-content/themes/tijus-theme/assets/js/vendor/modernizr-3.11.2.min.js?ver=3.11.2
[Mon Apr 20 12:38:43 2026] [::1]:56298 Closing
[Mon Apr 20 12:38:43 2026] [::1]:56299 Closing
[Mon Apr 20 12:38:43 2026] [::1]:56300 Accepted
[Mon Apr 20 12:38:43 2026] [::1]:56300 [200]: GET /wp-content/themes/tijus-theme/assets/js/plugins.min.js?ver=1.0.0
[Mon Apr 20 12:38:43 2026] [::1]:56300 Closing
[Mon Apr 20 12:38:43 2026] [::1]:56301 Accepted
[Mon Apr 20 12:38:43 2026] [::1]:56301 [200]: GET /wp-content/themes/tijus-theme/assets/js/main.js?ver=1.0.0
[Mon Apr 20 12:38:43 2026] [::1]:56302 Accepted
[Mon Apr 20 12:38:43 2026] [::1]:56303 Accepted
[Mon Apr 20 12:38:43 2026] [::1]:56301 Closing
[Mon Apr 20 12:38:43 2026] [::1]:56304 Accepted
[Mon Apr 20 12:38:43 2026] [::1]:56302 [200]: GET /wp-content/plugins/elementor/assets/js/webpack.runtime.min.js?ver=4.0.2
[Mon Apr 20 12:38:43 2026] [::1]:56305 Accepted
[Mon Apr 20 12:38:43 2026] [::1]:56303 [200]: GET /wp-content/plugins/elementor/assets/js/frontend-modules.min.js?ver=4.0.2
[Mon Apr 20 12:38:43 2026] [::1]:56304 [200]: GET /wp-includes/js/jquery/ui/core.min.js?ver=1.13.3
[Mon Apr 20 12:38:43 2026] [::1]:56302 Closing
[Mon Apr 20 12:38:43 2026] [::1]:56305 [200]: GET /wp-content/plugins/elementor/assets/js/frontend.min.js?ver=4.0.2
[Mon Apr 20 12:38:43 2026] [::1]:56303 Closing
[Mon Apr 20 12:38:43 2026] [::1]:56304 Closing
[Mon Apr 20 12:38:43 2026] [::1]:56305 Closing
[Mon Apr 20 12:38:43 2026] [::1]:56306 Accepted
[Mon Apr 20 12:38:43 2026] [::1]:56307 Accepted
[Mon Apr 20 12:38:43 2026] [::1]:56306 [200]: GET /wp-content/themes/tijus-theme/assets/images/slider/slider-1.png
[Mon Apr 20 12:38:43 2026] [::1]:56308 Accepted
[Mon Apr 20 12:38:43 2026] [::1]:56307 [200]: GET /wp-content/themes/tijus-theme/assets/images/shape/shape-9.png
[Mon Apr 20 12:38:43 2026] [::1]:56309 Accepted
[Mon Apr 20 12:38:43 2026] [::1]:56308 [200]: GET /wp-content/themes/tijus-theme/assets/images/shape/shape-10.png
[Mon Apr 20 12:38:43 2026] [::1]:56310 Accepted
[Mon Apr 20 12:38:43 2026] [::1]:56309 [200]: GET /wp-content/themes/tijus-theme/assets/images/courses/courses-01.jpg
[Mon Apr 20 12:38:43 2026] [::1]:56311 Accepted
[Mon Apr 20 12:38:43 2026] [::1]:56306 Closing
[Mon Apr 20 12:38:43 2026] [::1]:56307 Closing
[Mon Apr 20 12:38:43 2026] [::1]:56310 [200]: GET /wp-content/themes/tijus-theme/assets/images/shape/shape-12.png
[Mon Apr 20 12:38:43 2026] [::1]:56308 Closing
[Mon Apr 20 12:38:43 2026] [::1]:56309 Closing
[Mon Apr 20 12:38:43 2026] [::1]:56310 Closing
[Mon Apr 20 12:38:43 2026] [::1]:56311 [200]: GET /wp-content/themes/tijus-theme/assets/images/shape/shape-13.svg
[Mon Apr 20 12:38:43 2026] [::1]:56311 Closing
[Mon Apr 20 12:38:43 2026] [::1]:56312 Accepted
[Mon Apr 20 12:38:43 2026] [::1]:56312 [200]: GET /wp-content/themes/tijus-theme/assets/images/shape/shape-15.png
[Mon Apr 20 12:38:43 2026] [::1]:56313 Accepted
[Mon Apr 20 12:38:43 2026] [::1]:56314 Accepted
[Mon Apr 20 12:38:43 2026] [::1]:56313 [200]: GET /wp-content/themes/tijus-theme/assets/images/shape/shape-17.png
[Mon Apr 20 12:38:43 2026] [::1]:56315 Accepted
[Mon Apr 20 12:38:43 2026] [::1]:56312 Closing
[Mon Apr 20 12:38:43 2026] [::1]:56314 [200]: GET /wp-content/themes/tijus-theme/assets/images/shape/shape-16.png
[Mon Apr 20 12:38:43 2026] [::1]:56316 Accepted
[Mon Apr 20 12:38:43 2026] [::1]:56315 [200]: GET /wp-content/themes/tijus-theme/assets/images/shape/shape-14.png
[Mon Apr 20 12:38:43 2026] [::1]:56316 [200]: GET /wp-content/themes/tijus-theme/assets/images/google-play.png
[Mon Apr 20 12:38:43 2026] [::1]:56313 Closing
[Mon Apr 20 12:38:43 2026] [::1]:56317 Accepted
[Mon Apr 20 12:38:43 2026] [::1]:56314 Closing
[Mon Apr 20 12:38:43 2026] [::1]:56315 Closing
[Mon Apr 20 12:38:43 2026] [::1]:56316 Closing
[Mon Apr 20 12:38:43 2026] [::1]:56317 [200]: GET /wp-content/themes/tijus-theme/assets/images/app-store.png
[Mon Apr 20 12:38:43 2026] [::1]:56317 Closing
[Mon Apr 20 12:38:43 2026] [::1]:56318 Accepted
[Mon Apr 20 12:38:43 2026] [::1]:56318 [200]: GET /wp-content/themes/tijus-theme/assets/images/author/author-06.jpg
[Mon Apr 20 12:38:43 2026] [::1]:56318 Closing
[Mon Apr 20 12:38:43 2026] [::1]:56319 Accepted
[Mon Apr 20 12:38:43 2026] [::1]:56320 Accepted
[Mon Apr 20 12:38:43 2026] [::1]:56319 [200]: GET /wp-content/themes/tijus-theme/assets/images/author/author-07.jpg
[Mon Apr 20 12:38:43 2026] [::1]:56319 Closing
[Mon Apr 20 12:38:43 2026] [::1]:56320 [200]: GET /wp-content/themes/tijus-theme/assets/images/author/author-03.jpg
[Mon Apr 20 12:38:43 2026] [::1]:56320 Closing
[Mon Apr 20 12:38:43 2026] [::1]:56321 Accepted
[Mon Apr 20 12:38:43 2026] [::1]:56322 Accepted
[Mon Apr 20 12:38:43 2026] [::1]:56321 [200]: GET /wp-content/themes/tijus-theme/assets/images/shape/shape-19.png
[Mon Apr 20 12:38:43 2026] [::1]:56321 Closing
[Mon Apr 20 12:38:43 2026] [::1]:56323 Accepted
[Mon Apr 20 12:38:43 2026] [::1]:56322 [200]: GET /wp-content/themes/tijus-theme/assets/images/shape/shape-20.png
[Mon Apr 20 12:38:43 2026] [::1]:56323 [200]: GET /wp-content/themes/tijus-theme/assets/images/brand/brand-01.png
[Mon Apr 20 12:38:43 2026] [::1]:56324 Accepted
[Mon Apr 20 12:38:43 2026] [::1]:56322 Closing
[Mon Apr 20 12:38:43 2026] [::1]:56323 Closing
[Mon Apr 20 12:38:43 2026] [::1]:56325 Accepted
[Mon Apr 20 12:38:43 2026] [::1]:56324 [200]: GET /wp-content/themes/tijus-theme/assets/images/brand/brand-02.png
[Mon Apr 20 12:38:43 2026] [::1]:56324 Closing
[Mon Apr 20 12:38:43 2026] [::1]:56325 [200]: GET /wp-content/themes/tijus-theme/assets/images/brand/brand-03.png
[Mon Apr 20 12:38:43 2026] [::1]:56326 Accepted
[Mon Apr 20 12:38:43 2026] [::1]:56325 Closing
[Mon Apr 20 12:38:43 2026] [::1]:56326 [200]: GET /wp-content/themes/tijus-theme/assets/images/brand/brand-04.png
[Mon Apr 20 12:38:43 2026] [::1]:56326 Closing
[Mon Apr 20 12:38:43 2026] [::1]:56327 Accepted
[Mon Apr 20 12:38:43 2026] [::1]:56327 [200]: GET /wp-content/themes/tijus-theme/assets/images/brand/brand-05.png
[Mon Apr 20 12:38:43 2026] [::1]:56327 Closing
[Mon Apr 20 12:38:43 2026] [::1]:56328 Accepted
[Mon Apr 20 12:38:43 2026] [::1]:56328 [200]: GET /wp-content/themes/tijus-theme/assets/images/brand/brand-06.png
[Mon Apr 20 12:38:43 2026] [::1]:56329 Accepted
[Mon Apr 20 12:38:43 2026] [::1]:56330 Accepted
[Mon Apr 20 12:38:43 2026] [::1]:56328 Closing
[Mon Apr 20 12:38:43 2026] [::1]:56329 [200]: GET /wp-content/themes/tijus-theme/assets/images/blog/blog-01.jpg
[Mon Apr 20 12:38:43 2026] [::1]:56330 [200]: GET /wp-content/themes/tijus-theme/assets/images/shape/shape-21.png
[Mon Apr 20 12:38:43 2026] [::1]:56331 Accepted
[Mon Apr 20 12:38:43 2026] [::1]:56329 Closing
[Mon Apr 20 12:38:43 2026] [::1]:56330 Closing
[Mon Apr 20 12:38:43 2026] [::1]:56331 [200]: GET /wp-content/themes/tijus-theme/assets/images/shape/shape-22.png
[Mon Apr 20 12:38:43 2026] [::1]:56332 Accepted
[Mon Apr 20 12:38:43 2026] [::1]:56332 [200]: GET /wp-content/themes/tijus-theme/assets/images/shape/shape-1.png
[Mon Apr 20 12:38:43 2026] [::1]:56333 Accepted
[Mon Apr 20 12:38:43 2026] [::1]:56331 Closing
[Mon Apr 20 12:38:43 2026] [::1]:56332 Closing
[Mon Apr 20 12:38:43 2026] [::1]:56333 [200]: GET /wp-content/themes/tijus-theme/assets/images/shape/shape-2.png
[Mon Apr 20 12:38:43 2026] [::1]:56333 Closing
[Mon Apr 20 12:38:43 2026] [::1]:56334 Accepted
[Mon Apr 20 12:38:43 2026] [::1]:56334 [200]: GET /wp-content/themes/tijus-theme/assets/images/shape/shape-3.png
[Mon Apr 20 12:38:43 2026] [::1]:56335 Accepted
[Mon Apr 20 12:38:43 2026] [::1]:56334 Closing
[Mon Apr 20 12:38:43 2026] [::1]:56335 [200]: GET /wp-content/themes/tijus-theme/assets/images/shape/shape-4.png
[Mon Apr 20 12:38:43 2026] [::1]:56336 Accepted
[Mon Apr 20 12:38:43 2026] [::1]:56335 Closing
[Mon Apr 20 12:38:43 2026] [::1]:56337 Accepted
[Mon Apr 20 12:38:43 2026] [::1]:56336 [200]: GET /wp-content/themes/tijus-theme/assets/images/shape/shape-11.png
[Mon Apr 20 12:38:43 2026] [::1]:56337 [200]: GET /wp-content/themes/tijus-theme/assets/images/shape/shape-18.png
[Mon Apr 20 12:38:43 2026] [::1]:56336 Closing
[Mon Apr 20 12:38:43 2026] [::1]:56337 Closing
[Mon Apr 20 12:38:43 2026] [::1]:56338 Accepted
[Mon Apr 20 12:38:43 2026] [::1]:56339 Accepted
[Mon Apr 20 12:38:43 2026] [::1]:56338 [200]: GET /wp-content/themes/tijus-theme/assets/fonts/flaticon.ttf?655915d50ed0facf464660ba648373b0
[Mon Apr 20 12:38:43 2026] [::1]:56339 [200]: GET /wp-content/themes/tijus-theme/assets/fonts/icofont.woff2
[Mon Apr 20 12:38:43 2026] [::1]:56338 Closing
[Mon Apr 20 12:38:43 2026] [::1]:56339 Closing
[Mon Apr 20 12:38:43 2026] [::1]:56340 Accepted
[Mon Apr 20 12:38:43 2026] [::1]:56340 [200]: GET /wp-includes/js/wp-emoji-release.min.js?ver=6.9.4
[Mon Apr 20 12:38:43 2026] [::1]:56340 Closing
[Mon Apr 20 12:38:43 2026] [::1]:56341 Accepted
[Mon Apr 20 12:38:43 2026] [::1]:56342 Accepted
[Mon Apr 20 12:38:43 2026] [::1]:56341 [200]: GET /wp-content/plugins/elementor/assets/js/section-frontend-handlers.d85ab872da118940910d.bundle.min.js
[Mon Apr 20 12:38:43 2026] [::1]:56342 [200]: GET /wp-content/plugins/elementor/assets/js/shared-frontend-handlers.03caa53373b56d3bab67.bundle.min.js
[Mon Apr 20 12:38:43 2026] [::1]:56341 Closing
[Mon Apr 20 12:38:43 2026] [::1]:56342 Closing
[Mon Apr 20 12:38:43 2026] [::1]:56343 Accepted
[Mon Apr 20 12:38:43 2026] [::1]:56343 [200]: GET /wp-content/themes/tijus-theme/assets/images/favicon.ico
[Mon Apr 20 12:38:43 2026] [::1]:56343 Closing
[Mon Apr 20 12:38:43 2026] [::1]:56344 Accepted
[Mon Apr 20 12:38:43 2026] [::1]:56344 [200]: GET /wp-content/uploads/2026/04/cropped-logo-32x32.webp
[Mon Apr 20 12:38:43 2026] [::1]:56344 Closing
[Mon Apr 20 12:38:48 2026] [::1]:56346 Accepted
[Mon Apr 20 12:38:48 2026] [::1]:56347 Accepted
[Mon Apr 20 12:38:48 2026] [::1]:56346 Closing
[Mon Apr 20 12:38:48 2026] [::1]:56347 [200]: GET /wp-content/themes/tijus-theme/assets/css/vendor/plugins.min.css
[Mon Apr 20 12:38:48 2026] [::1]:56349 Accepted
[Mon Apr 20 12:38:48 2026] [::1]:56350 Accepted
[Mon Apr 20 12:38:48 2026] [::1]:56351 Accepted
[Mon Apr 20 12:38:48 2026] [::1]:56347 Closing
[Mon Apr 20 12:38:48 2026] [::1]:56349 [200]: GET /wp-content/themes/tijus-theme/assets/css/style.min.css
[Mon Apr 20 12:38:48 2026] [::1]:56352 Accepted
[Mon Apr 20 12:38:48 2026] [::1]:56350 [200]: GET /wp-includes/css/dist/block-library/style.min.css?ver=6.9.4
[Mon Apr 20 12:38:48 2026] [::1]:56352 [200]: GET /wp-includes/js/jquery/jquery.min.js?ver=3.7.1
[Mon Apr 20 12:38:48 2026] [::1]:56351 [200]: GET /wp-content/themes/tijus-theme/style.css?ver=1.0.0
[Mon Apr 20 12:38:48 2026] [::1]:56353 Accepted
[Mon Apr 20 12:38:48 2026] [::1]:56350 Closing
[Mon Apr 20 12:38:48 2026] [::1]:56353 [200]: GET /wp-includes/js/jquery/jquery-migrate.min.js?ver=3.4.1
[Mon Apr 20 12:38:48 2026] [::1]:56352 Closing
[Mon Apr 20 12:38:48 2026] [::1]:56351 Closing
[Mon Apr 20 12:38:48 2026] [::1]:56349 Closing
[Mon Apr 20 12:38:48 2026] [::1]:56353 Closing
[Mon Apr 20 12:38:48 2026] [::1]:56354 Accepted
[Mon Apr 20 12:38:48 2026] [::1]:56354 [200]: GET /wp-content/uploads/2026/04/logo.webp
[Mon Apr 20 12:38:48 2026] [::1]:56354 Closing
[Mon Apr 20 12:38:48 2026] [::1]:56355 Accepted
[Mon Apr 20 12:38:48 2026] [::1]:56355 [200]: GET /wp-content/themes/tijus-theme/assets/images/shape/shape-8.png
[Mon Apr 20 12:38:48 2026] [::1]:56355 Closing
[Mon Apr 20 12:38:48 2026] [::1]:56356 Accepted
[Mon Apr 20 12:38:48 2026] [::1]:56357 Accepted
[Mon Apr 20 12:38:48 2026] [::1]:56356 [200]: GET /wp-content/themes/tijus-theme/assets/images/shape/shape-23.png
[Mon Apr 20 12:38:48 2026] [::1]:56357 [200]: GET /wp-content/themes/tijus-theme/assets/images/shape/shape-5.png
[Mon Apr 20 12:38:48 2026] [::1]:56356 Closing
[Mon Apr 20 12:38:48 2026] [::1]:56357 Closing
[Mon Apr 20 12:38:48 2026] [::1]:56358 Accepted
[Mon Apr 20 12:38:48 2026] [::1]:56359 Accepted
[Mon Apr 20 12:38:48 2026] [::1]:56360 Accepted
[Mon Apr 20 12:38:48 2026] [::1]:56358 [200]: GET /wp-content/themes/tijus-theme/assets/images/shape/shape-6.png
[Mon Apr 20 12:38:48 2026] [::1]:56361 Accepted
[Mon Apr 20 12:38:48 2026] [::1]:56359 [200]: GET /wp-content/themes/tijus-theme/assets/js/vendor/modernizr-3.11.2.min.js?ver=3.11.2
[Mon Apr 20 12:38:48 2026] [::1]:56360 [200]: GET /wp-content/themes/tijus-theme/assets/js/plugins.min.js?ver=1.0.0
[Mon Apr 20 12:38:48 2026] [::1]:56362 Accepted
[Mon Apr 20 12:38:48 2026] [::1]:56361 [200]: GET /wp-content/themes/tijus-theme/assets/js/main.js?ver=1.0.0
[Mon Apr 20 12:38:48 2026] [::1]:56363 Accepted
[Mon Apr 20 12:38:48 2026] [::1]:56358 Closing
[Mon Apr 20 12:38:48 2026] [::1]:56362 [200]: GET /wp-content/themes/tijus-theme/assets/images/shape/shape-24.png
[Mon Apr 20 12:38:48 2026] [::1]:56359 Closing
[Mon Apr 20 12:38:48 2026] [::1]:56363 [200]: GET /wp-content/themes/tijus-theme/assets/images/author/author-11.jpg
[Mon Apr 20 12:38:48 2026] [::1]:56360 Closing
[Mon Apr 20 12:38:48 2026] [::1]:56361 Closing
[Mon Apr 20 12:38:48 2026] [::1]:56362 Closing
[Mon Apr 20 12:38:48 2026] [::1]:56364 Accepted
[Mon Apr 20 12:38:48 2026] [::1]:56363 Closing
[Mon Apr 20 12:38:48 2026] [::1]:56364 Closing
[Mon Apr 20 12:38:48 2026] [::1]:56365 Accepted
[Mon Apr 20 12:38:48 2026] [::1]:56366 Accepted
[Mon Apr 20 12:38:48 2026] [::1]:56365 [200]: GET /wp-content/themes/tijus-theme/assets/images/shape/shape-14.png
[Mon Apr 20 12:38:48 2026] [::1]:56367 Accepted
[Mon Apr 20 12:38:48 2026] [::1]:56366 [200]: GET /wp-content/themes/tijus-theme/assets/images/google-play.png
[Mon Apr 20 12:38:48 2026] [::1]:56368 Accepted
[Mon Apr 20 12:38:48 2026] [::1]:56367 [200]: GET /wp-content/themes/tijus-theme/assets/images/app-store.png
[Mon Apr 20 12:38:48 2026] [::1]:56369 Accepted
[Mon Apr 20 12:38:48 2026] [::1]:56365 Closing
[Mon Apr 20 12:38:48 2026] [::1]:56368 [200]: GET /wp-content/themes/tijus-theme/assets/images/shape/shape-21.png
[Mon Apr 20 12:38:48 2026] [::1]:56370 Accepted
[Mon Apr 20 12:38:48 2026] [::1]:56366 Closing
[Mon Apr 20 12:38:48 2026] [::1]:56369 [200]: GET /wp-content/themes/tijus-theme/assets/images/shape/shape-22.png
[Mon Apr 20 12:38:48 2026] [::1]:56370 [200]: GET /wp-content/themes/tijus-theme/assets/fonts/flaticon.ttf?655915d50ed0facf464660ba648373b0
[Mon Apr 20 12:38:48 2026] [::1]:56367 Closing
[Mon Apr 20 12:38:48 2026] [::1]:56371 Accepted
[Mon Apr 20 12:38:48 2026] [::1]:56368 Closing
[Mon Apr 20 12:38:48 2026] [::1]:56372 Accepted
[Mon Apr 20 12:38:48 2026] [::1]:56369 Closing
[Mon Apr 20 12:38:48 2026] [::1]:56370 Closing
[Mon Apr 20 12:38:48 2026] [::1]:56371 [200]: GET /wp-content/themes/tijus-theme/assets/fonts/icofont.woff2
[Mon Apr 20 12:38:48 2026] [::1]:56372 [200]: GET /wp-content/themes/tijus-theme/assets/images/shape/shape-4.png
[Mon Apr 20 12:38:48 2026] [::1]:56373 Accepted
[Mon Apr 20 12:38:48 2026] [::1]:56372 Closing
[Mon Apr 20 12:38:48 2026] [::1]:56371 Closing
[Mon Apr 20 12:38:48 2026] [::1]:56374 Accepted
[Mon Apr 20 12:38:48 2026] [::1]:56375 Accepted
[Mon Apr 20 12:38:48 2026] [::1]:56373 [200]: GET /wp-content/themes/tijus-theme/assets/images/shape/shape-2.png
[Mon Apr 20 12:38:48 2026] [::1]:56373 Closing
[Mon Apr 20 12:38:48 2026] [::1]:56374 [200]: GET /wp-content/themes/tijus-theme/assets/images/shape/shape-1.png
[Mon Apr 20 12:38:48 2026] [::1]:56375 [200]: GET /wp-content/themes/tijus-theme/assets/images/shape/shape-3.png
[Mon Apr 20 12:38:48 2026] [::1]:56374 Closing
[Mon Apr 20 12:38:48 2026] [::1]:56375 Closing
[Mon Apr 20 12:38:48 2026] [::1]:56376 Accepted
[Mon Apr 20 12:38:48 2026] [::1]:56376 [200]: GET /
[Mon Apr 20 12:38:48 2026] [::1]:56376 Closing
[Mon Apr 20 12:38:48 2026] [::1]:56377 Accepted
[Mon Apr 20 12:38:48 2026] [::1]:56377 [200]: GET /wp-includes/js/wp-emoji-release.min.js?ver=6.9.4
[Mon Apr 20 12:38:48 2026] [::1]:56377 Closing
[Mon Apr 20 12:38:48 2026] [::1]:56379 Accepted
[Mon Apr 20 12:38:48 2026] [::1]:56379 [200]: GET /wp-content/themes/tijus-theme/assets/images/favicon.ico
[Mon Apr 20 12:38:48 2026] [::1]:56379 Closing
[Mon Apr 20 12:40:07 2026] [::1]:56401 Accepted
[Mon Apr 20 12:40:10 2026] [::1]:56401 Closing
[Mon Apr 20 12:40:10 2026] [::1]:56402 Accepted
[Mon Apr 20 12:40:10 2026] [::1]:56403 Accepted
[Mon Apr 20 12:40:10 2026] [::1]:56402 Closing
[Mon Apr 20 12:40:10 2026] [::1]:56403 [200]: GET /wp-content/themes/tijus-theme/assets/css/vendor/plugins.min.css
[Mon Apr 20 12:40:10 2026] [::1]:56406 Accepted
[Mon Apr 20 12:40:10 2026] [::1]:56407 Accepted
[Mon Apr 20 12:40:10 2026] [::1]:56403 Closing
[Mon Apr 20 12:40:10 2026] [::1]:56408 Accepted
[Mon Apr 20 12:40:10 2026] [::1]:56406 [200]: GET /wp-content/themes/tijus-theme/assets/css/style.min.css
[Mon Apr 20 12:40:10 2026] [::1]:56409 Accepted
[Mon Apr 20 12:40:10 2026] [::1]:56407 [200]: GET /wp-includes/css/dist/block-library/style.min.css?ver=6.9.4
[Mon Apr 20 12:40:10 2026] [::1]:56410 Accepted
[Mon Apr 20 12:40:10 2026] [::1]:56408 [200]: GET /wp-content/themes/tijus-theme/style.css?ver=1.0.0
[Mon Apr 20 12:40:10 2026] [::1]:56409 [200]: GET /wp-includes/js/jquery/jquery.min.js?ver=3.7.1
[Mon Apr 20 12:40:10 2026] [::1]:56407 Closing
[Mon Apr 20 12:40:10 2026] [::1]:56410 [200]: GET /wp-includes/js/jquery/jquery-migrate.min.js?ver=3.4.1
[Mon Apr 20 12:40:10 2026] [::1]:56408 Closing
[Mon Apr 20 12:40:10 2026] [::1]:56409 Closing
[Mon Apr 20 12:40:10 2026] [::1]:56406 Closing
[Mon Apr 20 12:40:10 2026] [::1]:56410 Closing
[Mon Apr 20 12:40:10 2026] [::1]:56411 Accepted
[Mon Apr 20 12:40:10 2026] [::1]:56412 Accepted
[Mon Apr 20 12:40:10 2026] [::1]:56411 [200]: GET /wp-content/uploads/2026/04/logo.webp
[Mon Apr 20 12:40:10 2026] [::1]:56412 [200]: GET /wp-content/themes/tijus-theme/assets/images/shape/shape-8.png
[Mon Apr 20 12:40:10 2026] [::1]:56411 Closing
[Mon Apr 20 12:40:10 2026] [::1]:56412 Closing
[Mon Apr 20 12:40:10 2026] [::1]:56413 Accepted
[Mon Apr 20 12:40:10 2026] [::1]:56414 Accepted
[Mon Apr 20 12:40:10 2026] [::1]:56413 [200]: GET /wp-content/themes/tijus-theme/assets/images/shape/shape-23.png
[Mon Apr 20 12:40:10 2026] [::1]:56414 [200]: GET /wp-content/themes/tijus-theme/assets/images/shape/shape-5.png
[Mon Apr 20 12:40:10 2026] [::1]:56413 Closing
[Mon Apr 20 12:40:10 2026] [::1]:56414 Closing
[Mon Apr 20 12:40:10 2026] [::1]:56415 Accepted
[Mon Apr 20 12:40:10 2026] [::1]:56415 [200]: GET /wp-content/themes/tijus-theme/assets/images/shape/shape-6.png
[Mon Apr 20 12:40:10 2026] [::1]:56415 Closing
[Mon Apr 20 12:40:10 2026] [::1]:56416 Accepted
[Mon Apr 20 12:40:10 2026] [::1]:56417 Accepted
[Mon Apr 20 12:40:10 2026] [::1]:56416 [200]: GET /wp-content/themes/tijus-theme/assets/js/vendor/modernizr-3.11.2.min.js?ver=3.11.2
[Mon Apr 20 12:40:10 2026] [::1]:56418 Accepted
[Mon Apr 20 12:40:10 2026] [::1]:56417 [200]: GET /wp-content/themes/tijus-theme/assets/js/plugins.min.js?ver=1.0.0
[Mon Apr 20 12:40:10 2026] [::1]:56419 Accepted
[Mon Apr 20 12:40:10 2026] [::1]:56418 [200]: GET /wp-content/themes/tijus-theme/assets/js/main.js?ver=1.0.0
[Mon Apr 20 12:40:10 2026] [::1]:56420 Accepted
[Mon Apr 20 12:40:10 2026] [::1]:56416 Closing
[Mon Apr 20 12:40:10 2026] [::1]:56419 [200]: GET /wp-content/themes/tijus-theme/assets/images/shape/shape-24.png
[Mon Apr 20 12:40:10 2026] [::1]:56420 [200]: GET /wp-content/themes/tijus-theme/assets/images/author/author-11.jpg
[Mon Apr 20 12:40:10 2026] [::1]:56417 Closing
[Mon Apr 20 12:40:10 2026] [::1]:56418 Closing
[Mon Apr 20 12:40:10 2026] [::1]:56419 Closing
[Mon Apr 20 12:40:10 2026] [::1]:56420 Closing
[Mon Apr 20 12:40:10 2026] [::1]:56421 Accepted
[Mon Apr 20 12:40:10 2026] [::1]:56422 Accepted
[Mon Apr 20 12:40:10 2026] [::1]:56421 [200]: GET /wp-content/themes/tijus-theme/assets/images/shape/shape-14.png
[Mon Apr 20 12:40:10 2026] [::1]:56422 [200]: GET /wp-content/themes/tijus-theme/assets/images/google-play.png
[Mon Apr 20 12:40:10 2026] [::1]:56423 Accepted
[Mon Apr 20 12:40:10 2026] [::1]:56421 Closing
[Mon Apr 20 12:40:10 2026] [::1]:56422 Closing
[Mon Apr 20 12:40:10 2026] [::1]:56423 [200]: GET /wp-content/themes/tijus-theme/assets/images/app-store.png
[Mon Apr 20 12:40:10 2026] [::1]:56424 Accepted
[Mon Apr 20 12:40:10 2026] [::1]:56423 Closing
[Mon Apr 20 12:40:10 2026] [::1]:56424 [200]: GET /wp-content/themes/tijus-theme/assets/images/shape/shape-21.png
[Mon Apr 20 12:40:10 2026] [::1]:56424 Closing
[Mon Apr 20 12:40:10 2026] [::1]:56425 Accepted
[Mon Apr 20 12:40:10 2026] [::1]:56425 [200]: GET /wp-content/themes/tijus-theme/assets/images/shape/shape-22.png
[Mon Apr 20 12:40:10 2026] [::1]:56426 Accepted
[Mon Apr 20 12:40:10 2026] [::1]:56425 Closing
[Mon Apr 20 12:40:10 2026] [::1]:56426 [200]: GET /wp-content/themes/tijus-theme/assets/images/shape/shape-1.png
[Mon Apr 20 12:40:10 2026] [::1]:56427 Accepted
[Mon Apr 20 12:40:10 2026] [::1]:56426 Closing
[Mon Apr 20 12:40:10 2026] [::1]:56428 Accepted
[Mon Apr 20 12:40:10 2026] [::1]:56427 [200]: GET /wp-content/themes/tijus-theme/assets/images/shape/shape-2.png
[Mon Apr 20 12:40:10 2026] [::1]:56429 Accepted
[Mon Apr 20 12:40:10 2026] [::1]:56428 [200]: GET /wp-content/themes/tijus-theme/assets/images/shape/shape-3.png
[Mon Apr 20 12:40:10 2026] [::1]:56427 Closing
[Mon Apr 20 12:40:10 2026] [::1]:56428 Closing
[Mon Apr 20 12:40:10 2026] [::1]:56429 [200]: GET /wp-content/themes/tijus-theme/assets/images/shape/shape-4.png
[Mon Apr 20 12:40:10 2026] [::1]:56429 Closing
[Mon Apr 20 12:40:10 2026] [::1]:56430 Accepted
[Mon Apr 20 12:40:10 2026] [::1]:56430 [200]: GET /
[Mon Apr 20 12:40:10 2026] [::1]:56430 Closing
[Mon Apr 20 12:40:10 2026] [::1]:56431 Accepted
[Mon Apr 20 12:40:10 2026] [::1]:56432 Accepted
[Mon Apr 20 12:40:10 2026] [::1]:56431 [200]: GET /wp-content/themes/tijus-theme/assets/fonts/flaticon.ttf?655915d50ed0facf464660ba648373b0
[Mon Apr 20 12:40:10 2026] [::1]:56433 Accepted
[Mon Apr 20 12:40:10 2026] [::1]:56432 [200]: GET /wp-content/themes/tijus-theme/assets/fonts/icofont.woff2
[Mon Apr 20 12:40:10 2026] [::1]:56433 [200]: GET /wp-includes/js/wp-emoji-release.min.js?ver=6.9.4
[Mon Apr 20 12:40:10 2026] [::1]:56431 Closing
[Mon Apr 20 12:40:10 2026] [::1]:56433 Closing
[Mon Apr 20 12:40:10 2026] [::1]:56432 Closing
[Mon Apr 20 12:40:10 2026] [::1]:56435 Accepted
[Mon Apr 20 12:40:10 2026] [::1]:56435 [200]: GET /wp-content/themes/tijus-theme/assets/images/favicon.ico
[Mon Apr 20 12:40:10 2026] [::1]:56435 Closing
[Mon Apr 20 12:40:10 2026] [::1]:56436 Accepted
[Mon Apr 20 12:40:10 2026] [::1]:56436 [200]: GET /wp-content/uploads/2026/04/cropped-logo-32x32.webp
[Mon Apr 20 12:40:10 2026] [::1]:56436 Closing
[Mon Apr 20 12:40:28 2026] [::1]:56443 Accepted
[Mon Apr 20 12:40:28 2026] [::1]:56444 Accepted
[Mon Apr 20 12:40:28 2026] [::1]:56443 Closing
[Mon Apr 20 12:40:28 2026] [::1]:56444 [200]: GET /wp-content/themes/tijus-theme/assets/css/vendor/plugins.min.css
[Mon Apr 20 12:40:28 2026] [::1]:56446 Accepted
[Mon Apr 20 12:40:28 2026] [::1]:56447 Accepted
[Mon Apr 20 12:40:28 2026] [::1]:56444 Closing
[Mon Apr 20 12:40:28 2026] [::1]:56448 Accepted
[Mon Apr 20 12:40:28 2026] [::1]:56449 Accepted
[Mon Apr 20 12:40:28 2026] [::1]:56450 Accepted
[Mon Apr 20 12:40:28 2026] [::1]:56446 [200]: GET /wp-content/themes/tijus-theme/assets/css/style.min.css
[Mon Apr 20 12:40:28 2026] [::1]:56448 [200]: GET /wp-content/themes/tijus-theme/style.css?ver=1.0.0
[Mon Apr 20 12:40:28 2026] [::1]:56449 [200]: GET /wp-includes/js/jquery/jquery.min.js?ver=3.7.1
[Mon Apr 20 12:40:28 2026] [::1]:56447 [200]: GET /wp-includes/css/dist/block-library/style.min.css?ver=6.9.4
[Mon Apr 20 12:40:28 2026] [::1]:56450 [200]: GET /wp-includes/js/jquery/jquery-migrate.min.js?ver=3.4.1
[Mon Apr 20 12:40:28 2026] [::1]:56448 Closing
[Mon Apr 20 12:40:28 2026] [::1]:56449 Closing
[Mon Apr 20 12:40:28 2026] [::1]:56447 Closing
[Mon Apr 20 12:40:28 2026] [::1]:56450 Closing
[Mon Apr 20 12:40:28 2026] [::1]:56446 Closing
[Mon Apr 20 12:40:28 2026] [::1]:56451 Accepted
[Mon Apr 20 12:40:28 2026] [::1]:56452 Accepted
[Mon Apr 20 12:40:28 2026] [::1]:56451 [200]: GET /wp-content/uploads/2026/04/logo.webp
[Mon Apr 20 12:40:28 2026] [::1]:56452 [200]: GET /wp-content/themes/tijus-theme/assets/images/shape/shape-8.png
[Mon Apr 20 12:40:28 2026] [::1]:56451 Closing
[Mon Apr 20 12:40:28 2026] [::1]:56452 Closing
[Mon Apr 20 12:40:28 2026] [::1]:56453 Accepted
[Mon Apr 20 12:40:28 2026] [::1]:56454 Accepted
[Mon Apr 20 12:40:28 2026] [::1]:56453 [200]: GET /wp-content/themes/tijus-theme/assets/images/shape/shape-23.png
[Mon Apr 20 12:40:28 2026] [::1]:56454 [200]: GET /wp-content/themes/tijus-theme/assets/images/shape/shape-5.png
[Mon Apr 20 12:40:28 2026] [::1]:56453 Closing
[Mon Apr 20 12:40:28 2026] [::1]:56454 Closing
[Mon Apr 20 12:40:28 2026] [::1]:56455 Accepted
[Mon Apr 20 12:40:28 2026] [::1]:56456 Accepted
[Mon Apr 20 12:40:28 2026] [::1]:56455 [200]: GET /wp-content/themes/tijus-theme/assets/images/shape/shape-6.png
[Mon Apr 20 12:40:28 2026] [::1]:56456 [200]: GET /wp-content/themes/tijus-theme/assets/js/vendor/modernizr-3.11.2.min.js?ver=3.11.2
[Mon Apr 20 12:40:28 2026] [::1]:56455 Closing
[Mon Apr 20 12:40:28 2026] [::1]:56456 Closing
[Mon Apr 20 12:40:28 2026] [::1]:56457 Accepted
[Mon Apr 20 12:40:28 2026] [::1]:56458 Accepted
[Mon Apr 20 12:40:28 2026] [::1]:56457 [200]: GET /wp-content/themes/tijus-theme/assets/js/plugins.min.js?ver=1.0.0
[Mon Apr 20 12:40:28 2026] [::1]:56458 [200]: GET /wp-content/themes/tijus-theme/assets/js/main.js?ver=1.0.0
[Mon Apr 20 12:40:28 2026] [::1]:56457 Closing
[Mon Apr 20 12:40:28 2026] [::1]:56458 Closing
[Mon Apr 20 12:40:28 2026] [::1]:56459 Accepted
[Mon Apr 20 12:40:28 2026] [::1]:56459 [200]: GET /wp-content/themes/tijus-theme/assets/images/shape/shape-24.png
[Mon Apr 20 12:40:28 2026] [::1]:56459 Closing
[Mon Apr 20 12:40:28 2026] [::1]:56460 Accepted
[Mon Apr 20 12:40:28 2026] [::1]:56460 [200]: GET /wp-content/themes/tijus-theme/assets/images/author/author-11.jpg
[Mon Apr 20 12:40:28 2026] [::1]:56460 Closing
[Mon Apr 20 12:40:29 2026] [::1]:56461 Accepted
[Mon Apr 20 12:40:29 2026] [::1]:56461 [200]: GET /wp-content/themes/tijus-theme/assets/images/error.png
[Mon Apr 20 12:40:29 2026] [::1]:56461 Closing
[Mon Apr 20 12:40:29 2026] [::1]:56462 Accepted
[Mon Apr 20 12:40:29 2026] [::1]:56462 [200]: GET /wp-content/themes/tijus-theme/assets/images/shape/shape-14.png
[Mon Apr 20 12:40:29 2026] [::1]:56462 Closing
[Mon Apr 20 12:40:29 2026] [::1]:56463 Accepted
[Mon Apr 20 12:40:29 2026] [::1]:56463 [200]: GET /wp-content/themes/tijus-theme/assets/images/google-play.png
[Mon Apr 20 12:40:29 2026] [::1]:56463 Closing
[Mon Apr 20 12:40:29 2026] [::1]:56464 Accepted
[Mon Apr 20 12:40:29 2026] [::1]:56464 [200]: GET /wp-content/themes/tijus-theme/assets/images/app-store.png
[Mon Apr 20 12:40:29 2026] [::1]:56464 Closing
[Mon Apr 20 12:40:29 2026] [::1]:56465 Accepted
[Mon Apr 20 12:40:29 2026] [::1]:56465 [200]: GET /wp-content/themes/tijus-theme/assets/images/shape/shape-21.png
[Mon Apr 20 12:40:29 2026] [::1]:56465 Closing
[Mon Apr 20 12:40:29 2026] [::1]:56466 Accepted
[Mon Apr 20 12:40:29 2026] [::1]:56466 [200]: GET /wp-content/themes/tijus-theme/assets/images/shape/shape-22.png
[Mon Apr 20 12:40:29 2026] [::1]:56466 Closing
[Mon Apr 20 12:40:29 2026] [::1]:56467 Accepted
[Mon Apr 20 12:40:29 2026] [::1]:56467 [200]: GET /wp-content/themes/tijus-theme/assets/images/shape/shape-1.png
[Mon Apr 20 12:40:29 2026] [::1]:56467 Closing
[Mon Apr 20 12:40:29 2026] [::1]:56468 Accepted
[Mon Apr 20 12:40:29 2026] [::1]:56468 [200]: GET /wp-content/themes/tijus-theme/assets/images/shape/shape-2.png
[Mon Apr 20 12:40:29 2026] [::1]:56468 Closing
[Mon Apr 20 12:40:29 2026] [::1]:56469 Accepted
[Mon Apr 20 12:40:29 2026] [::1]:56469 [200]: GET /wp-content/themes/tijus-theme/assets/images/shape/shape-3.png
[Mon Apr 20 12:40:29 2026] [::1]:56469 Closing
[Mon Apr 20 12:40:29 2026] [::1]:56470 Accepted
[Mon Apr 20 12:40:29 2026] [::1]:56470 [200]: GET /wp-content/themes/tijus-theme/assets/images/shape/shape-4.png
[Mon Apr 20 12:40:29 2026] [::1]:56470 Closing
[Mon Apr 20 12:40:29 2026] [::1]:56471 Accepted
[Mon Apr 20 12:40:29 2026] [::1]:56472 Accepted
[Mon Apr 20 12:40:29 2026] [::1]:56471 [200]: GET /wp-content/themes/tijus-theme/assets/fonts/flaticon.ttf?655915d50ed0facf464660ba648373b0
[Mon Apr 20 12:40:29 2026] [::1]:56472 [200]: GET /wp-content/themes/tijus-theme/assets/fonts/icofont.woff2
[Mon Apr 20 12:40:29 2026] [::1]:56471 Closing
[Mon Apr 20 12:40:29 2026] [::1]:56472 Closing
[Mon Apr 20 12:40:29 2026] [::1]:56473 Accepted
[Mon Apr 20 12:40:29 2026] [::1]:56473 [200]: GET /wp-includes/js/wp-emoji-release.min.js?ver=6.9.4
[Mon Apr 20 12:40:29 2026] [::1]:56473 Closing
[Mon Apr 20 12:40:29 2026] [::1]:56474 Accepted
[Mon Apr 20 12:40:29 2026] [::1]:56474 [200]: GET /wp-content/themes/tijus-theme/assets/images/favicon.ico
[Mon Apr 20 12:40:29 2026] [::1]:56474 Closing
[Mon Apr 20 12:40:29 2026] [::1]:56475 Accepted
[Mon Apr 20 12:40:29 2026] [::1]:56475 [200]: GET /wp-content/uploads/2026/04/cropped-logo-32x32.webp
[Mon Apr 20 12:40:29 2026] [::1]:56475 Closing
[Mon Apr 20 12:40:37 2026] [::1]:56476 Accepted
[Mon Apr 20 12:40:37 2026] [::1]:56476 [200]: GET /
[Mon Apr 20 12:40:37 2026] [::1]:56476 Closing
[Mon Apr 20 12:40:37 2026] [::1]:56478 Accepted
[Mon Apr 20 12:40:37 2026] [::1]:56478 [200]: GET /wp-content/themes/tijus-theme/assets/css/vendor/plugins.min.css
[Mon Apr 20 12:40:37 2026] [::1]:56478 Closing
[Mon Apr 20 12:40:37 2026] [::1]:56479 Accepted
[Mon Apr 20 12:40:37 2026] [::1]:56480 Accepted
[Mon Apr 20 12:40:37 2026] [::1]:56481 Accepted
[Mon Apr 20 12:40:37 2026] [::1]:56479 [200]: GET /wp-content/themes/tijus-theme/assets/css/style.min.css
[Mon Apr 20 12:40:37 2026] [::1]:56482 Accepted
[Mon Apr 20 12:40:37 2026] [::1]:56480 [200]: GET /wp-content/themes/tijus-theme/style.css?ver=1.0.0
[Mon Apr 20 12:40:37 2026] [::1]:56481 [200]: GET /wp-content/plugins/elementor/assets/css/frontend.min.css?ver=4.0.2
[Mon Apr 20 12:40:37 2026] [::1]:56483 Accepted
[Mon Apr 20 12:40:37 2026] [::1]:56482 [200]: GET /wp-content/uploads/elementor/css/post-6.css?ver=1776486962
[Mon Apr 20 12:40:37 2026] [::1]:56483 [200]: GET /wp-content/uploads/elementor/css/post-10.css?ver=1776513654
[Mon Apr 20 12:40:37 2026] [::1]:56484 Accepted
[Mon Apr 20 12:40:37 2026] [::1]:56480 Closing
[Mon Apr 20 12:40:37 2026] [::1]:56481 Closing
[Mon Apr 20 12:40:37 2026] [::1]:56482 Closing
[Mon Apr 20 12:40:37 2026] [::1]:56479 Closing
[Mon Apr 20 12:40:37 2026] [::1]:56483 Closing
[Mon Apr 20 12:40:37 2026] [::1]:56485 Accepted
[Mon Apr 20 12:40:37 2026] [::1]:56484 [200]: GET /wp-content/uploads/elementor/css/base-desktop.css?ver=69e30a32eaae0
[Mon Apr 20 12:40:37 2026] [::1]:56486 Accepted
[Mon Apr 20 12:40:37 2026] [::1]:56484 Closing
[Mon Apr 20 12:40:37 2026] [::1]:56485 [200]: GET /wp-includes/js/jquery/jquery.min.js?ver=3.7.1
[Mon Apr 20 12:40:37 2026] [::1]:56486 [200]: GET /wp-includes/js/jquery/jquery-migrate.min.js?ver=3.4.1
[Mon Apr 20 12:40:37 2026] [::1]:56485 Closing
[Mon Apr 20 12:40:37 2026] [::1]:56486 Closing
[Mon Apr 20 12:40:37 2026] [::1]:56487 Accepted
[Mon Apr 20 12:40:37 2026] [::1]:56488 Accepted
[Mon Apr 20 12:40:37 2026] [::1]:56487 [200]: GET /wp-content/uploads/2026/04/logo.webp
[Mon Apr 20 12:40:37 2026] [::1]:56488 [200]: GET /wp-content/themes/tijus-theme/assets/images/shape/shape-8.png
[Mon Apr 20 12:40:37 2026] [::1]:56487 Closing
[Mon Apr 20 12:40:37 2026] [::1]:56488 Closing
[Mon Apr 20 12:40:37 2026] [::1]:56489 Accepted
[Mon Apr 20 12:40:37 2026] [::1]:56490 Accepted
[Mon Apr 20 12:40:37 2026] [::1]:56489 [200]: GET /wp-content/themes/tijus-theme/assets/images/shape/shape-5.png
[Mon Apr 20 12:40:37 2026] [::1]:56490 [200]: GET /wp-content/themes/tijus-theme/assets/images/shape/shape-6.png
[Mon Apr 20 12:40:37 2026] [::1]:56489 Closing
[Mon Apr 20 12:40:37 2026] [::1]:56490 Closing
[Mon Apr 20 12:40:37 2026] [::1]:56491 Accepted
[Mon Apr 20 12:40:37 2026] [::1]:56491 [200]: GET /wp-content/themes/tijus-theme/assets/images/shape/shape-7.png
[Mon Apr 20 12:40:37 2026] [::1]:56492 Accepted
[Mon Apr 20 12:40:37 2026] [::1]:56492 [200]: GET /wp-content/themes/tijus-theme/assets/js/vendor/modernizr-3.11.2.min.js?ver=3.11.2
[Mon Apr 20 12:40:37 2026] [::1]:56493 Accepted
[Mon Apr 20 12:40:37 2026] [::1]:56491 Closing
[Mon Apr 20 12:40:37 2026] [::1]:56494 Accepted
[Mon Apr 20 12:40:37 2026] [::1]:56493 [200]: GET /wp-content/themes/tijus-theme/assets/js/plugins.min.js?ver=1.0.0
[Mon Apr 20 12:40:37 2026] [::1]:56495 Accepted
[Mon Apr 20 12:40:37 2026] [::1]:56494 [200]: GET /wp-content/themes/tijus-theme/assets/js/main.js?ver=1.0.0
[Mon Apr 20 12:40:37 2026] [::1]:56492 Closing
[Mon Apr 20 12:40:37 2026] [::1]:56496 Accepted
[Mon Apr 20 12:40:37 2026] [::1]:56495 [200]: GET /wp-content/plugins/elementor/assets/js/webpack.runtime.min.js?ver=4.0.2
[Mon Apr 20 12:40:37 2026] [::1]:56496 [200]: GET /wp-content/plugins/elementor/assets/js/frontend-modules.min.js?ver=4.0.2
[Mon Apr 20 12:40:37 2026] [::1]:56494 Closing
[Mon Apr 20 12:40:37 2026] [::1]:56493 Closing
[Mon Apr 20 12:40:37 2026] [::1]:56495 Closing
[Mon Apr 20 12:40:37 2026] [::1]:56497 Accepted
[Mon Apr 20 12:40:37 2026] [::1]:56496 Closing
[Mon Apr 20 12:40:37 2026] [::1]:56497 [200]: GET /wp-includes/js/jquery/ui/core.min.js?ver=1.13.3
[Mon Apr 20 12:40:37 2026] [::1]:56497 Closing
[Mon Apr 20 12:40:37 2026] [::1]:56498 Accepted
[Mon Apr 20 12:40:37 2026] [::1]:56498 [200]: GET /wp-content/plugins/elementor/assets/js/frontend.min.js?ver=4.0.2
[Mon Apr 20 12:40:37 2026] [::1]:56499 Accepted
[Mon Apr 20 12:40:37 2026] [::1]:56500 Accepted
[Mon Apr 20 12:40:37 2026] [::1]:56498 Closing
[Mon Apr 20 12:40:37 2026] [::1]:56499 [200]: GET /wp-content/themes/tijus-theme/assets/images/slider/slider-1.png
[Mon Apr 20 12:40:37 2026] [::1]:56500 [200]: GET /wp-content/themes/tijus-theme/assets/images/shape/shape-9.png
[Mon Apr 20 12:40:37 2026] [::1]:56501 Accepted
[Mon Apr 20 12:40:37 2026] [::1]:56502 Accepted
[Mon Apr 20 12:40:37 2026] [::1]:56500 Closing
[Mon Apr 20 12:40:37 2026] [::1]:56501 [200]: GET /wp-content/themes/tijus-theme/assets/images/shape/shape-10.png
[Mon Apr 20 12:40:37 2026] [::1]:56502 [200]: GET /wp-content/themes/tijus-theme/assets/images/courses/courses-01.jpg
[Mon Apr 20 12:40:37 2026] [::1]:56503 Accepted
[Mon Apr 20 12:40:37 2026] [::1]:56499 Closing
[Mon Apr 20 12:40:37 2026] [::1]:56503 [200]: GET /wp-content/themes/tijus-theme/assets/images/shape/shape-12.png
[Mon Apr 20 12:40:37 2026] [::1]:56504 Accepted
[Mon Apr 20 12:40:37 2026] [::1]:56501 Closing
[Mon Apr 20 12:40:37 2026] [::1]:56502 Closing
[Mon Apr 20 12:40:37 2026] [::1]:56505 Accepted
[Mon Apr 20 12:40:37 2026] [::1]:56506 Accepted
[Mon Apr 20 12:40:37 2026] [::1]:56504 [200]: GET /wp-content/themes/tijus-theme/assets/images/shape/shape-13.svg
[Mon Apr 20 12:40:37 2026] [::1]:56503 Closing
[Mon Apr 20 12:40:37 2026] [::1]:56505 [200]: GET /wp-content/themes/tijus-theme/assets/images/shape/shape-15.png
[Mon Apr 20 12:40:37 2026] [::1]:56506 [200]: GET /wp-content/themes/tijus-theme/assets/images/shape/shape-17.png
[Mon Apr 20 12:40:37 2026] [::1]:56504 Closing
[Mon Apr 20 12:40:37 2026] [::1]:56505 Closing
[Mon Apr 20 12:40:37 2026] [::1]:56507 Accepted
[Mon Apr 20 12:40:37 2026] [::1]:56506 Closing
[Mon Apr 20 12:40:37 2026] [::1]:56507 [200]: GET /wp-content/themes/tijus-theme/assets/images/shape/shape-16.png
[Mon Apr 20 12:40:37 2026] [::1]:56507 Closing
[Mon Apr 20 12:40:37 2026] [::1]:56508 Accepted
[Mon Apr 20 12:40:37 2026] [::1]:56509 Accepted
[Mon Apr 20 12:40:37 2026] [::1]:56508 [200]: GET /wp-content/themes/tijus-theme/assets/images/shape/shape-14.png
[Mon Apr 20 12:40:37 2026] [::1]:56508 Closing
[Mon Apr 20 12:40:37 2026] [::1]:56509 [200]: GET /wp-content/themes/tijus-theme/assets/images/google-play.png
[Mon Apr 20 12:40:37 2026] [::1]:56510 Accepted
[Mon Apr 20 12:40:37 2026] [::1]:56509 Closing
[Mon Apr 20 12:40:37 2026] [::1]:56511 Accepted
[Mon Apr 20 12:40:37 2026] [::1]:56510 [200]: GET /wp-content/themes/tijus-theme/assets/images/app-store.png
[Mon Apr 20 12:40:37 2026] [::1]:56511 [200]: GET /wp-content/themes/tijus-theme/assets/images/author/author-06.jpg
[Mon Apr 20 12:40:37 2026] [::1]:56510 Closing
[Mon Apr 20 12:40:37 2026] [::1]:56511 Closing
[Mon Apr 20 12:40:37 2026] [::1]:56512 Accepted
[Mon Apr 20 12:40:37 2026] [::1]:56512 [200]: GET /wp-content/themes/tijus-theme/assets/images/author/author-07.jpg
[Mon Apr 20 12:40:37 2026] [::1]:56512 Closing
[Mon Apr 20 12:40:37 2026] [::1]:56513 Accepted
[Mon Apr 20 12:40:37 2026] [::1]:56514 Accepted
[Mon Apr 20 12:40:37 2026] [::1]:56513 [200]: GET /wp-content/themes/tijus-theme/assets/images/author/author-03.jpg
[Mon Apr 20 12:40:37 2026] [::1]:56515 Accepted
[Mon Apr 20 12:40:37 2026] [::1]:56514 [200]: GET /wp-content/themes/tijus-theme/assets/images/shape/shape-19.png
[Mon Apr 20 12:40:37 2026] [::1]:56516 Accepted
[Mon Apr 20 12:40:37 2026] [::1]:56515 [200]: GET /wp-content/themes/tijus-theme/assets/images/shape/shape-20.png
[Mon Apr 20 12:40:37 2026] [::1]:56513 Closing
[Mon Apr 20 12:40:37 2026] [::1]:56516 [200]: GET /wp-content/themes/tijus-theme/assets/images/brand/brand-01.png
[Mon Apr 20 12:40:37 2026] [::1]:56517 Accepted
[Mon Apr 20 12:40:37 2026] [::1]:56514 Closing
[Mon Apr 20 12:40:37 2026] [::1]:56518 Accepted
[Mon Apr 20 12:40:37 2026] [::1]:56517 [200]: GET /wp-content/themes/tijus-theme/assets/images/brand/brand-02.png
[Mon Apr 20 12:40:37 2026] [::1]:56515 Closing
[Mon Apr 20 12:40:37 2026] [::1]:56518 [200]: GET /wp-content/themes/tijus-theme/assets/images/brand/brand-03.png
[Mon Apr 20 12:40:37 2026] [::1]:56516 Closing
[Mon Apr 20 12:40:37 2026] [::1]:56519 Accepted
[Mon Apr 20 12:40:37 2026] [::1]:56520 Accepted
[Mon Apr 20 12:40:37 2026] [::1]:56519 [200]: GET /wp-content/themes/tijus-theme/assets/images/brand/brand-04.png
[Mon Apr 20 12:40:37 2026] [::1]:56517 Closing
[Mon Apr 20 12:40:37 2026] [::1]:56521 Accepted
[Mon Apr 20 12:40:37 2026] [::1]:56518 Closing
[Mon Apr 20 12:40:37 2026] [::1]:56520 [200]: GET /wp-content/themes/tijus-theme/assets/images/brand/brand-05.png
[Mon Apr 20 12:40:37 2026] [::1]:56521 [200]: GET /wp-content/themes/tijus-theme/assets/images/brand/brand-06.png
[Mon Apr 20 12:40:37 2026] [::1]:56522 Accepted
[Mon Apr 20 12:40:37 2026] [::1]:56519 Closing
[Mon Apr 20 12:40:37 2026] [::1]:56523 Accepted
[Mon Apr 20 12:40:37 2026] [::1]:56522 [200]: GET /wp-content/themes/tijus-theme/assets/images/blog/blog-01.jpg
[Mon Apr 20 12:40:37 2026] [::1]:56520 Closing
[Mon Apr 20 12:40:37 2026] [::1]:56524 Accepted
[Mon Apr 20 12:40:37 2026] [::1]:56523 [200]: GET /wp-content/themes/tijus-theme/assets/images/shape/shape-21.png
[Mon Apr 20 12:40:37 2026] [::1]:56521 Closing
[Mon Apr 20 12:40:37 2026] [::1]:56525 Accepted
[Mon Apr 20 12:40:37 2026] [::1]:56524 [200]: GET /wp-content/themes/tijus-theme/assets/images/shape/shape-22.png
[Mon Apr 20 12:40:37 2026] [::1]:56525 [200]: GET /wp-content/themes/tijus-theme/assets/images/shape/shape-1.png
[Mon Apr 20 12:40:37 2026] [::1]:56522 Closing
[Mon Apr 20 12:40:37 2026] [::1]:56526 Accepted
[Mon Apr 20 12:40:37 2026] [::1]:56523 Closing
[Mon Apr 20 12:40:37 2026] [::1]:56524 Closing
[Mon Apr 20 12:40:37 2026] [::1]:56525 Closing
[Mon Apr 20 12:40:37 2026] [::1]:56526 [200]: GET /wp-content/themes/tijus-theme/assets/images/shape/shape-2.png
[Mon Apr 20 12:40:37 2026] [::1]:56527 Accepted
[Mon Apr 20 12:40:37 2026] [::1]:56528 Accepted
[Mon Apr 20 12:40:37 2026] [::1]:56526 Closing
[Mon Apr 20 12:40:37 2026] [::1]:56527 [200]: GET /wp-content/themes/tijus-theme/assets/images/shape/shape-3.png
[Mon Apr 20 12:40:37 2026] [::1]:56527 Closing
[Mon Apr 20 12:40:37 2026] [::1]:56528 [200]: GET /wp-content/themes/tijus-theme/assets/images/shape/shape-4.png
[Mon Apr 20 12:40:37 2026] [::1]:56529 Accepted
[Mon Apr 20 12:40:37 2026] [::1]:56528 Closing
[Mon Apr 20 12:40:37 2026] [::1]:56529 [200]: GET /wp-content/themes/tijus-theme/assets/images/shape/shape-11.png
[Mon Apr 20 12:40:37 2026] [::1]:56530 Accepted
[Mon Apr 20 12:40:37 2026] [::1]:56529 Closing
[Mon Apr 20 12:40:37 2026] [::1]:56530 [200]: GET /wp-content/themes/tijus-theme/assets/images/shape/shape-18.png
[Mon Apr 20 12:40:37 2026] [::1]:56530 Closing
[Mon Apr 20 12:40:37 2026] [::1]:56531 Accepted
[Mon Apr 20 12:40:37 2026] [::1]:56532 Accepted
[Mon Apr 20 12:40:37 2026] [::1]:56531 [200]: GET /wp-content/themes/tijus-theme/assets/fonts/flaticon.ttf?655915d50ed0facf464660ba648373b0
[Mon Apr 20 12:40:37 2026] [::1]:56532 [200]: GET /wp-content/themes/tijus-theme/assets/fonts/icofont.woff2
[Mon Apr 20 12:40:37 2026] [::1]:56531 Closing
[Mon Apr 20 12:40:37 2026] [::1]:56532 Closing
[Mon Apr 20 12:40:37 2026] [::1]:56534 Accepted
[Mon Apr 20 12:40:37 2026] [::1]:56534 [200]: GET /wp-includes/js/wp-emoji-release.min.js?ver=6.9.4
[Mon Apr 20 12:40:37 2026] [::1]:56534 Closing
[Mon Apr 20 12:40:37 2026] [::1]:56535 Accepted
[Mon Apr 20 12:40:37 2026] [::1]:56536 Accepted
[Mon Apr 20 12:40:37 2026] [::1]:56535 [200]: GET /wp-content/plugins/elementor/assets/js/section-frontend-handlers.d85ab872da118940910d.bundle.min.js
[Mon Apr 20 12:40:37 2026] [::1]:56536 [200]: GET /wp-content/plugins/elementor/assets/js/shared-frontend-handlers.03caa53373b56d3bab67.bundle.min.js
[Mon Apr 20 12:40:37 2026] [::1]:56535 Closing
[Mon Apr 20 12:40:37 2026] [::1]:56536 Closing
[Mon Apr 20 12:40:37 2026] [::1]:56537 Accepted
[Mon Apr 20 12:40:37 2026] [::1]:56537 [200]: GET /wp-content/themes/tijus-theme/assets/images/favicon.ico
[Mon Apr 20 12:40:37 2026] [::1]:56537 Closing
[Mon Apr 20 12:40:40 2026] [::1]:56538 Accepted
[Mon Apr 20 12:40:40 2026] [::1]:56539 Accepted
[Mon Apr 20 12:40:41 2026] [::1]:56538 Closing
[Mon Apr 20 12:40:41 2026] [::1]:56539 [200]: GET /wp-content/themes/tijus-theme/assets/images/favicon.ico
[Mon Apr 20 12:40:41 2026] [::1]:56539 Closing
[Mon Apr 20 12:43:07 2026] [::1]:56580 Accepted
[Mon Apr 20 12:43:07 2026] [::1]:56581 Accepted
[Mon Apr 20 12:43:08 2026] [::1]:56580 Closing
[Mon Apr 20 12:43:08 2026] [::1]:56581 [200]: GET /wp-content/themes/tijus-theme/assets/css/vendor/plugins.min.css
[Mon Apr 20 12:43:08 2026] [::1]:56581 Closing
[Mon Apr 20 12:43:08 2026] [::1]:56583 Accepted
[Mon Apr 20 12:43:08 2026] [::1]:56584 Accepted
[Mon Apr 20 12:43:08 2026] [::1]:56583 [200]: GET /wp-content/themes/tijus-theme/assets/css/style.min.css
[Mon Apr 20 12:43:08 2026] [::1]:56585 Accepted
[Mon Apr 20 12:43:08 2026] [::1]:56584 [200]: GET /wp-includes/css/dist/block-library/style.min.css?ver=6.9.4
[Mon Apr 20 12:43:08 2026] [::1]:56586 Accepted
[Mon Apr 20 12:43:08 2026] [::1]:56585 [200]: GET /wp-content/themes/tijus-theme/style.css?ver=1.0.0
[Mon Apr 20 12:43:08 2026] [::1]:56587 Accepted
[Mon Apr 20 12:43:08 2026] [::1]:56586 [200]: GET /wp-includes/js/jquery/jquery.min.js?ver=3.7.1
[Mon Apr 20 12:43:08 2026] [::1]:56584 Closing
[Mon Apr 20 12:43:08 2026] [::1]:56585 Closing
[Mon Apr 20 12:43:08 2026] [::1]:56583 Closing
[Mon Apr 20 12:43:08 2026] [::1]:56586 Closing
[Mon Apr 20 12:43:08 2026] [::1]:56587 [200]: GET /wp-includes/js/jquery/jquery-migrate.min.js?ver=3.4.1
[Mon Apr 20 12:43:08 2026] [::1]:56587 Closing
[Mon Apr 20 12:43:08 2026] [::1]:56588 Accepted
[Mon Apr 20 12:43:08 2026] [::1]:56589 Accepted
[Mon Apr 20 12:43:08 2026] [::1]:56588 [200]: GET /wp-content/uploads/2026/04/logo.webp
[Mon Apr 20 12:43:08 2026] [::1]:56588 Closing
[Mon Apr 20 12:43:08 2026] [::1]:56589 [200]: GET /wp-content/themes/tijus-theme/assets/images/shape/shape-8.png
[Mon Apr 20 12:43:08 2026] [::1]:56589 Closing
[Mon Apr 20 12:43:08 2026] [::1]:56590 Accepted
[Mon Apr 20 12:43:08 2026] [::1]:56591 Accepted
[Mon Apr 20 12:43:08 2026] [::1]:56590 [200]: GET /wp-content/themes/tijus-theme/assets/images/shape/shape-23.png
[Mon Apr 20 12:43:08 2026] [::1]:56591 [200]: GET /wp-content/themes/tijus-theme/assets/images/shape/shape-5.png
[Mon Apr 20 12:43:08 2026] [::1]:56590 Closing
[Mon Apr 20 12:43:08 2026] [::1]:56591 Closing
[Mon Apr 20 12:43:08 2026] [::1]:56592 Accepted
[Mon Apr 20 12:43:08 2026] [::1]:56592 [200]: GET /wp-content/themes/tijus-theme/assets/images/shape/shape-6.png
[Mon Apr 20 12:43:08 2026] [::1]:56592 Closing
[Mon Apr 20 12:43:08 2026] [::1]:56593 Accepted
[Mon Apr 20 12:43:08 2026] [::1]:56593 [200]: GET /wp-content/themes/tijus-theme/assets/js/vendor/modernizr-3.11.2.min.js?ver=3.11.2
[Mon Apr 20 12:43:08 2026] [::1]:56593 Closing
[Mon Apr 20 12:43:08 2026] [::1]:56594 Accepted
[Mon Apr 20 12:43:08 2026] [::1]:56594 [200]: GET /wp-content/themes/tijus-theme/assets/js/plugins.min.js?ver=1.0.0
[Mon Apr 20 12:43:08 2026] [::1]:56595 Accepted
[Mon Apr 20 12:43:08 2026] [::1]:56596 Accepted
[Mon Apr 20 12:43:08 2026] [::1]:56597 Accepted
[Mon Apr 20 12:43:08 2026] [::1]:56594 Closing
[Mon Apr 20 12:43:08 2026] [::1]:56595 [200]: GET /wp-content/themes/tijus-theme/assets/js/main.js?ver=1.0.0
[Mon Apr 20 12:43:08 2026] [::1]:56596 [200]: GET /wp-content/themes/tijus-theme/assets/images/shape/shape-24.png
[Mon Apr 20 12:43:08 2026] [::1]:56598 Accepted
[Mon Apr 20 12:43:08 2026] [::1]:56597 [200]: GET /wp-content/themes/tijus-theme/assets/images/author/author-11.jpg
[Mon Apr 20 12:43:08 2026] [::1]:56599 Accepted
[Mon Apr 20 12:43:08 2026] [::1]:56595 Closing
[Mon Apr 20 12:43:08 2026] [::1]:56598 [200]: GET /wp-content/themes/tijus-theme/assets/images/error.png
[Mon Apr 20 12:43:08 2026] [::1]:56596 Closing
[Mon Apr 20 12:43:08 2026] [::1]:56599 [200]: GET /wp-content/themes/tijus-theme/assets/images/shape/shape-14.png
[Mon Apr 20 12:43:08 2026] [::1]:56597 Closing
[Mon Apr 20 12:43:08 2026] [::1]:56598 Closing
[Mon Apr 20 12:43:08 2026] [::1]:56599 Closing
[Mon Apr 20 12:43:08 2026] [::1]:56600 Accepted
[Mon Apr 20 12:43:08 2026] [::1]:56601 Accepted
[Mon Apr 20 12:43:08 2026] [::1]:56600 [200]: GET /wp-content/themes/tijus-theme/assets/images/google-play.png
[Mon Apr 20 12:43:08 2026] [::1]:56601 [200]: GET /wp-content/themes/tijus-theme/assets/images/app-store.png
[Mon Apr 20 12:43:08 2026] [::1]:56602 Accepted
[Mon Apr 20 12:43:08 2026] [::1]:56600 Closing
[Mon Apr 20 12:43:08 2026] [::1]:56603 Accepted
[Mon Apr 20 12:43:08 2026] [::1]:56601 Closing
[Mon Apr 20 12:43:08 2026] [::1]:56602 [200]: GET /wp-content/themes/tijus-theme/assets/images/shape/shape-21.png
[Mon Apr 20 12:43:08 2026] [::1]:56603 [200]: GET /wp-content/themes/tijus-theme/assets/images/shape/shape-22.png
[Mon Apr 20 12:43:08 2026] [::1]:56602 Closing
[Mon Apr 20 12:43:08 2026] [::1]:56603 Closing
[Mon Apr 20 12:43:08 2026] [::1]:56604 Accepted
[Mon Apr 20 12:43:08 2026] [::1]:56604 [200]: GET /wp-content/themes/tijus-theme/assets/images/shape/shape-1.png
[Mon Apr 20 12:43:08 2026] [::1]:56604 Closing
[Mon Apr 20 12:43:08 2026] [::1]:56605 Accepted
[Mon Apr 20 12:43:08 2026] [::1]:56605 [200]: GET /wp-content/themes/tijus-theme/assets/images/shape/shape-2.png
[Mon Apr 20 12:43:08 2026] [::1]:56605 Closing
[Mon Apr 20 12:43:08 2026] [::1]:56606 Accepted
[Mon Apr 20 12:43:08 2026] [::1]:56607 Accepted
[Mon Apr 20 12:43:08 2026] [::1]:56606 [200]: GET /wp-content/themes/tijus-theme/assets/images/shape/shape-3.png
[Mon Apr 20 12:43:08 2026] [::1]:56607 [200]: GET /wp-content/themes/tijus-theme/assets/images/shape/shape-4.png
[Mon Apr 20 12:43:08 2026] [::1]:56606 Closing
[Mon Apr 20 12:43:08 2026] [::1]:56607 Closing
[Mon Apr 20 12:43:08 2026] [::1]:56608 Accepted
[Mon Apr 20 12:43:08 2026] [::1]:56609 Accepted
[Mon Apr 20 12:43:08 2026] [::1]:56608 [200]: GET /wp-content/themes/tijus-theme/assets/fonts/flaticon.ttf?655915d50ed0facf464660ba648373b0
[Mon Apr 20 12:43:08 2026] [::1]:56609 [200]: GET /wp-content/themes/tijus-theme/assets/fonts/icofont.woff2
[Mon Apr 20 12:43:08 2026] [::1]:56608 Closing
[Mon Apr 20 12:43:08 2026] [::1]:56609 Closing
[Mon Apr 20 12:43:08 2026] [::1]:56610 Accepted
[Mon Apr 20 12:43:08 2026] [::1]:56610 [200]: GET /wp-includes/js/wp-emoji-release.min.js?ver=6.9.4
[Mon Apr 20 12:43:08 2026] [::1]:56610 Closing
[Mon Apr 20 12:43:08 2026] [::1]:56611 Accepted
[Mon Apr 20 12:43:08 2026] [::1]:56611 [200]: GET /wp-content/themes/tijus-theme/assets/images/favicon.ico
[Mon Apr 20 12:43:08 2026] [::1]:56611 Closing
[Mon Apr 20 12:43:08 2026] [::1]:56612 Accepted
[Mon Apr 20 12:43:08 2026] [::1]:56612 [200]: GET /wp-content/uploads/2026/04/cropped-logo-32x32.webp
[Mon Apr 20 12:43:08 2026] [::1]:56612 Closing
[Mon Apr 20 13:54:45 2026] [::1]:57280 Accepted
[Mon Apr 20 13:54:45 2026] [::1]:57281 Accepted
[Mon Apr 20 13:54:46 2026] [::1]:57280 Closing
[Mon Apr 20 13:54:46 2026] [::1]:57283 Accepted
[Mon Apr 20 13:54:46 2026] [::1]:57281 [200]: GET /wp-content/themes/tijus-theme/assets/css/vendor/plugins.min.css
[Mon Apr 20 13:54:46 2026] [::1]:57284 Accepted
[Mon Apr 20 13:54:46 2026] [::1]:57283 [200]: POST /wp-cron.php?doing_wp_cron=1776673485.2617640495300292968750
[Mon Apr 20 13:54:46 2026] [::1]:57283 Closing
[Mon Apr 20 13:54:46 2026] [::1]:57285 Accepted
[Mon Apr 20 13:54:46 2026] [::1]:57284 [200]: GET /wp-content/themes/tijus-theme/assets/css/style.min.css
[Mon Apr 20 13:54:46 2026] [::1]:57286 Accepted
[Mon Apr 20 13:54:46 2026] [::1]:57285 [200]: GET /wp-includes/css/dist/block-library/style.min.css?ver=6.9.4
[Mon Apr 20 13:54:46 2026] [::1]:57287 Accepted
[Mon Apr 20 13:54:46 2026] [::1]:57281 Closing
[Mon Apr 20 13:54:46 2026] [::1]:57286 [200]: GET /wp-content/themes/tijus-theme/style.css?ver=1.0.0
[Mon Apr 20 13:54:46 2026] [::1]:57288 Accepted
[Mon Apr 20 13:54:46 2026] [::1]:57287 [200]: GET /wp-includes/js/jquery/jquery.min.js?ver=3.7.1
[Mon Apr 20 13:54:46 2026] [::1]:57289 Accepted
[Mon Apr 20 13:54:46 2026] [::1]:57285 Closing
[Mon Apr 20 13:54:46 2026] [::1]:57288 [200]: GET /wp-includes/js/jquery/jquery-migrate.min.js?ver=3.4.1
[Mon Apr 20 13:54:46 2026] [::1]:57286 Closing
[Mon Apr 20 13:54:46 2026] [::1]:57289 [200]: GET /wp-content/uploads/2026/04/logo.webp
[Mon Apr 20 13:54:46 2026] [::1]:57290 Accepted
[Mon Apr 20 13:54:46 2026] [::1]:57284 Closing
[Mon Apr 20 13:54:46 2026] [::1]:57287 Closing
[Mon Apr 20 13:54:46 2026] [::1]:57288 Closing
[Mon Apr 20 13:54:46 2026] [::1]:57290 [200]: GET /wp-content/themes/tijus-theme/assets/images/shape/shape-8.png
[Mon Apr 20 13:54:46 2026] [::1]:57289 Closing
[Mon Apr 20 13:54:46 2026] [::1]:57290 Closing
[Mon Apr 20 13:54:46 2026] [::1]:57291 Accepted
[Mon Apr 20 13:54:46 2026] [::1]:57292 Accepted
[Mon Apr 20 13:54:46 2026] [::1]:57291 [200]: GET /wp-content/themes/tijus-theme/assets/images/shape/shape-23.png
[Mon Apr 20 13:54:46 2026] [::1]:57292 [200]: GET /wp-content/themes/tijus-theme/assets/images/shape/shape-5.png
[Mon Apr 20 13:54:46 2026] [::1]:57291 Closing
[Mon Apr 20 13:54:46 2026] [::1]:57292 Closing
[Mon Apr 20 13:54:46 2026] [::1]:57293 Accepted
[Mon Apr 20 13:54:46 2026] [::1]:57294 Accepted
[Mon Apr 20 13:54:46 2026] [::1]:57293 [200]: GET /wp-content/themes/tijus-theme/assets/images/shape/shape-6.png
[Mon Apr 20 13:54:46 2026] [::1]:57294 [200]: GET /wp-content/themes/tijus-theme/assets/js/vendor/modernizr-3.11.2.min.js?ver=3.11.2
[Mon Apr 20 13:54:46 2026] [::1]:57293 Closing
[Mon Apr 20 13:54:46 2026] [::1]:57294 Closing
[Mon Apr 20 13:54:46 2026] [::1]:57295 Accepted
[Mon Apr 20 13:54:46 2026] [::1]:57296 Accepted
[Mon Apr 20 13:54:46 2026] [::1]:57295 [200]: GET /wp-content/themes/tijus-theme/assets/js/plugins.min.js?ver=1.0.0
[Mon Apr 20 13:54:46 2026] [::1]:57297 Accepted
[Mon Apr 20 13:54:46 2026] [::1]:57296 [200]: GET /wp-content/themes/tijus-theme/assets/js/main.js?ver=1.0.0
[Mon Apr 20 13:54:46 2026] [::1]:57298 Accepted
[Mon Apr 20 13:54:46 2026] [::1]:57297 [200]: GET /wp-content/themes/tijus-theme/assets/images/shape/shape-24.png
[Mon Apr 20 13:54:46 2026] [::1]:57299 Accepted
[Mon Apr 20 13:54:46 2026] [::1]:57298 [200]: GET /wp-content/themes/tijus-theme/assets/images/author/author-11.jpg
[Mon Apr 20 13:54:46 2026] [::1]:57300 Accepted
[Mon Apr 20 13:54:46 2026] [::1]:57295 Closing
[Mon Apr 20 13:54:46 2026] [::1]:57296 Closing
[Mon Apr 20 13:54:46 2026] [::1]:57299 [200]: GET /wp-content/themes/tijus-theme/assets/images/error.png
[Mon Apr 20 13:54:46 2026] [::1]:57297 Closing
[Mon Apr 20 13:54:46 2026] [::1]:57300 [200]: GET /wp-content/themes/tijus-theme/assets/images/shape/shape-14.png
[Mon Apr 20 13:54:46 2026] [::1]:57301 Accepted
[Mon Apr 20 13:54:46 2026] [::1]:57298 Closing
[Mon Apr 20 13:54:46 2026] [::1]:57302 Accepted
[Mon Apr 20 13:54:46 2026] [::1]:57301 [200]: GET /wp-content/themes/tijus-theme/assets/images/google-play.png
[Mon Apr 20 13:54:46 2026] [::1]:57299 Closing
[Mon Apr 20 13:54:46 2026] [::1]:57303 Accepted
[Mon Apr 20 13:54:46 2026] [::1]:57302 [200]: GET /wp-content/themes/tijus-theme/assets/images/app-store.png
[Mon Apr 20 13:54:46 2026] [::1]:57300 Closing
[Mon Apr 20 13:54:46 2026] [::1]:57303 [200]: GET /wp-content/themes/tijus-theme/assets/images/shape/shape-21.png
[Mon Apr 20 13:54:46 2026] [::1]:57304 Accepted
[Mon Apr 20 13:54:46 2026] [::1]:57301 Closing
[Mon Apr 20 13:54:46 2026] [::1]:57302 Closing
[Mon Apr 20 13:54:46 2026] [::1]:57305 Accepted
[Mon Apr 20 13:54:46 2026] [::1]:57303 Closing
[Mon Apr 20 13:54:46 2026] [::1]:57304 [200]: GET /wp-content/themes/tijus-theme/assets/images/shape/shape-22.png
[Mon Apr 20 13:54:46 2026] [::1]:57305 [200]: GET /wp-content/themes/tijus-theme/assets/images/shape/shape-1.png
[Mon Apr 20 13:54:46 2026] [::1]:57304 Closing
[Mon Apr 20 13:54:46 2026] [::1]:57306 Accepted
[Mon Apr 20 13:54:46 2026] [::1]:57305 Closing
[Mon Apr 20 13:54:46 2026] [::1]:57307 Accepted
[Mon Apr 20 13:54:46 2026] [::1]:57306 [200]: GET /wp-content/themes/tijus-theme/assets/images/shape/shape-2.png
[Mon Apr 20 13:54:46 2026] [::1]:57307 [200]: GET /wp-content/themes/tijus-theme/assets/images/shape/shape-3.png
[Mon Apr 20 13:54:46 2026] [::1]:57308 Accepted
[Mon Apr 20 13:54:46 2026] [::1]:57306 Closing
[Mon Apr 20 13:54:46 2026] [::1]:57308 [200]: GET /wp-content/themes/tijus-theme/assets/images/shape/shape-4.png
[Mon Apr 20 13:54:46 2026] [::1]:57307 Closing
[Mon Apr 20 13:54:46 2026] [::1]:57308 Closing
[Mon Apr 20 13:54:46 2026] [::1]:57309 Accepted
[Mon Apr 20 13:54:46 2026] [::1]:57310 Accepted
[Mon Apr 20 13:54:46 2026] [::1]:57309 [200]: GET /wp-content/themes/tijus-theme/assets/fonts/flaticon.ttf?655915d50ed0facf464660ba648373b0
[Mon Apr 20 13:54:46 2026] [::1]:57310 [200]: GET /wp-content/themes/tijus-theme/assets/fonts/icofont.woff2
[Mon Apr 20 13:54:46 2026] [::1]:57309 Closing
[Mon Apr 20 13:54:46 2026] [::1]:57310 Closing
[Mon Apr 20 13:54:46 2026] [::1]:57311 Accepted
[Mon Apr 20 13:54:46 2026] [::1]:57311 [200]: GET /wp-content/themes/tijus-theme/assets/images/favicon.ico
[Mon Apr 20 13:54:46 2026] [::1]:57311 Closing
[Mon Apr 20 13:54:46 2026] [::1]:57312 Accepted
[Mon Apr 20 13:54:46 2026] [::1]:57312 [200]: GET /wp-content/uploads/2026/04/cropped-logo-32x32.webp
[Mon Apr 20 13:54:46 2026] [::1]:57312 Closing
[Mon Apr 20 13:54:46 2026] [::1]:57313 Accepted
[Mon Apr 20 13:54:46 2026] [::1]:57313 [200]: GET /wp-includes/js/wp-emoji-release.min.js?ver=6.9.4
[Mon Apr 20 13:54:46 2026] [::1]:57313 Closing
[Mon Apr 20 14:18:42 2026] [::1]:57629 Accepted
[Mon Apr 20 14:18:42 2026] [::1]:57630 Accepted
[Mon Apr 20 14:18:43 2026] [::1]:57629 Closing
[Mon Apr 20 14:18:43 2026] [::1]:57632 Accepted
[Mon Apr 20 14:18:43 2026] [::1]:57630 [200]: GET /wp-content/themes/tijus-theme/assets/css/vendor/plugins.min.css
[Mon Apr 20 14:18:43 2026] [::1]:57633 Accepted
[Mon Apr 20 14:18:43 2026] [::1]:57632 [200]: POST /wp-cron.php?doing_wp_cron=1776674922.9255139827728271484375
[Mon Apr 20 14:18:43 2026] [::1]:57632 Closing
[Mon Apr 20 14:18:43 2026] [::1]:57634 Accepted
[Mon Apr 20 14:18:43 2026] [::1]:57633 [200]: GET /wp-content/themes/tijus-theme/assets/css/style.min.css
[Mon Apr 20 14:18:43 2026] [::1]:57635 Accepted
[Mon Apr 20 14:18:43 2026] [::1]:57634 [200]: GET /wp-includes/css/dist/block-library/style.min.css?ver=6.9.4
[Mon Apr 20 14:18:43 2026] [::1]:57636 Accepted
[Mon Apr 20 14:18:43 2026] [::1]:57630 Closing
[Mon Apr 20 14:18:43 2026] [::1]:57635 [200]: GET /wp-content/themes/tijus-theme/style.css?ver=1.0.0
[Mon Apr 20 14:18:43 2026] [::1]:57637 Accepted
[Mon Apr 20 14:18:43 2026] [::1]:57636 [200]: GET /wp-includes/js/jquery/jquery.min.js?ver=3.7.1
[Mon Apr 20 14:18:43 2026] [::1]:57638 Accepted
[Mon Apr 20 14:18:43 2026] [::1]:57634 Closing
[Mon Apr 20 14:18:43 2026] [::1]:57637 [200]: GET /wp-includes/js/jquery/jquery-migrate.min.js?ver=3.4.1
[Mon Apr 20 14:18:43 2026] [::1]:57635 Closing
[Mon Apr 20 14:18:43 2026] [::1]:57638 [200]: GET /wp-content/uploads/2026/04/logo.webp
[Mon Apr 20 14:18:43 2026] [::1]:57639 Accepted
[Mon Apr 20 14:18:43 2026] [::1]:57633 Closing
[Mon Apr 20 14:18:43 2026] [::1]:57636 Closing
[Mon Apr 20 14:18:43 2026] [::1]:57637 Closing
[Mon Apr 20 14:18:43 2026] [::1]:57639 [200]: GET /wp-content/themes/tijus-theme/assets/images/shape/shape-8.png
[Mon Apr 20 14:18:43 2026] [::1]:57638 Closing
[Mon Apr 20 14:18:43 2026] [::1]:57639 Closing
[Mon Apr 20 14:18:43 2026] [::1]:57640 Accepted
[Mon Apr 20 14:18:43 2026] [::1]:57640 [200]: GET /wp-content/themes/tijus-theme/assets/images/shape/shape-23.png
[Mon Apr 20 14:18:43 2026] [::1]:57641 Accepted
[Mon Apr 20 14:18:43 2026] [::1]:57641 [200]: GET /wp-content/themes/tijus-theme/assets/images/shape/shape-5.png
[Mon Apr 20 14:18:43 2026] [::1]:57640 Closing
[Mon Apr 20 14:18:43 2026] [::1]:57641 Closing
[Mon Apr 20 14:18:43 2026] [::1]:57642 Accepted
[Mon Apr 20 14:18:43 2026] [::1]:57643 Accepted
[Mon Apr 20 14:18:43 2026] [::1]:57642 [200]: GET /wp-content/themes/tijus-theme/assets/images/shape/shape-6.png
[Mon Apr 20 14:18:43 2026] [::1]:57643 [200]: GET /wp-content/themes/tijus-theme/assets/js/vendor/modernizr-3.11.2.min.js?ver=3.11.2
[Mon Apr 20 14:18:43 2026] [::1]:57642 Closing
[Mon Apr 20 14:18:43 2026] [::1]:57643 Closing
[Mon Apr 20 14:18:43 2026] [::1]:57644 Accepted
[Mon Apr 20 14:18:43 2026] [::1]:57644 [200]: GET /wp-content/themes/tijus-theme/assets/js/plugins.min.js?ver=1.0.0
[Mon Apr 20 14:18:43 2026] [::1]:57645 Accepted
[Mon Apr 20 14:18:43 2026] [::1]:57646 Accepted
[Mon Apr 20 14:18:43 2026] [::1]:57644 Closing
[Mon Apr 20 14:18:43 2026] [::1]:57645 [200]: GET /wp-content/themes/tijus-theme/assets/js/main.js?ver=1.0.0
[Mon Apr 20 14:18:43 2026] [::1]:57647 Accepted
[Mon Apr 20 14:18:43 2026] [::1]:57646 [200]: GET /wp-content/themes/tijus-theme/assets/images/shape/shape-24.png
[Mon Apr 20 14:18:43 2026] [::1]:57648 Accepted
[Mon Apr 20 14:18:43 2026] [::1]:57647 [200]: GET /wp-content/themes/tijus-theme/assets/images/author/author-11.jpg
[Mon Apr 20 14:18:43 2026] [::1]:57649 Accepted
[Mon Apr 20 14:18:43 2026] [::1]:57645 Closing
[Mon Apr 20 14:18:43 2026] [::1]:57648 [200]: GET /wp-content/themes/tijus-theme/assets/images/error.png
[Mon Apr 20 14:18:43 2026] [::1]:57646 Closing
[Mon Apr 20 14:18:43 2026] [::1]:57649 [200]: GET /wp-content/themes/tijus-theme/assets/images/shape/shape-14.png
[Mon Apr 20 14:18:43 2026] [::1]:57650 Accepted
[Mon Apr 20 14:18:43 2026] [::1]:57647 Closing
[Mon Apr 20 14:18:43 2026] [::1]:57650 [200]: GET /wp-content/themes/tijus-theme/assets/images/google-play.png
[Mon Apr 20 14:18:43 2026] [::1]:57648 Closing
[Mon Apr 20 14:18:43 2026] [::1]:57651 Accepted
[Mon Apr 20 14:18:43 2026] [::1]:57649 Closing
[Mon Apr 20 14:18:43 2026] [::1]:57651 [200]: GET /wp-content/themes/tijus-theme/assets/images/app-store.png
[Mon Apr 20 14:18:43 2026] [::1]:57650 Closing
[Mon Apr 20 14:18:43 2026] [::1]:57652 Accepted
[Mon Apr 20 14:18:43 2026] [::1]:57651 Closing
[Mon Apr 20 14:18:43 2026] [::1]:57653 Accepted
[Mon Apr 20 14:18:43 2026] [::1]:57652 [200]: GET /wp-content/themes/tijus-theme/assets/images/shape/shape-21.png
[Mon Apr 20 14:18:43 2026] [::1]:57653 [200]: GET /wp-content/themes/tijus-theme/assets/images/shape/shape-22.png
[Mon Apr 20 14:18:43 2026] [::1]:57652 Closing
[Mon Apr 20 14:18:43 2026] [::1]:57654 Accepted
[Mon Apr 20 14:18:43 2026] [::1]:57653 Closing
[Mon Apr 20 14:18:43 2026] [::1]:57654 [200]: GET /wp-content/themes/tijus-theme/assets/images/shape/shape-1.png
[Mon Apr 20 14:18:43 2026] [::1]:57655 Accepted
[Mon Apr 20 14:18:43 2026] [::1]:57656 Accepted
[Mon Apr 20 14:18:43 2026] [::1]:57654 Closing
[Mon Apr 20 14:18:44 2026] [::1]:57655 [200]: GET /wp-content/themes/tijus-theme/assets/images/shape/shape-2.png
[Mon Apr 20 14:18:44 2026] [::1]:57655 Closing
[Mon Apr 20 14:18:44 2026] [::1]:57656 [200]: GET /wp-content/themes/tijus-theme/assets/images/shape/shape-3.png
[Mon Apr 20 14:18:44 2026] [::1]:57656 Closing
[Mon Apr 20 14:18:44 2026] [::1]:57657 Accepted
[Mon Apr 20 14:18:44 2026] [::1]:57657 [200]: GET /wp-content/themes/tijus-theme/assets/images/shape/shape-4.png
[Mon Apr 20 14:18:44 2026] [::1]:57657 Closing
[Mon Apr 20 14:18:44 2026] [::1]:57658 Accepted
[Mon Apr 20 14:18:44 2026] [::1]:57659 Accepted
[Mon Apr 20 14:18:44 2026] [::1]:57658 [200]: GET /wp-content/themes/tijus-theme/assets/fonts/flaticon.ttf?655915d50ed0facf464660ba648373b0
[Mon Apr 20 14:18:44 2026] [::1]:57659 [200]: GET /wp-content/themes/tijus-theme/assets/fonts/icofont.woff2
[Mon Apr 20 14:18:44 2026] [::1]:57658 Closing
[Mon Apr 20 14:18:44 2026] [::1]:57659 Closing
[Mon Apr 20 14:18:44 2026] [::1]:57660 Accepted
[Mon Apr 20 14:18:44 2026] [::1]:57660 [200]: GET /wp-content/themes/tijus-theme/assets/images/favicon.ico
[Mon Apr 20 14:18:44 2026] [::1]:57660 Closing
[Mon Apr 20 14:18:44 2026] [::1]:57661 Accepted
[Mon Apr 20 14:18:44 2026] [::1]:57661 [200]: GET /wp-content/uploads/2026/04/cropped-logo-32x32.webp
[Mon Apr 20 14:18:44 2026] [::1]:57661 Closing
[Mon Apr 20 14:18:44 2026] [::1]:57662 Accepted
[Mon Apr 20 14:18:44 2026] [::1]:57662 [200]: GET /wp-includes/js/wp-emoji-release.min.js?ver=6.9.4
[Mon Apr 20 14:18:44 2026] [::1]:57662 Closing
[Mon Apr 20 14:18:51 2026] [::1]:57664 Accepted
[Mon Apr 20 14:18:51 2026] [::1]:57665 Accepted
[Mon Apr 20 14:18:52 2026] [::1]:57664 [302]: GET /wp-admin/
[Mon Apr 20 14:18:52 2026] [::1]:57664 Closing
[Mon Apr 20 14:18:52 2026] [::1]:57665 [200]: GET /wp-login.php?redirect_to=http%3A%2F%2Flocalhost%3A8000%2Fwp-admin%2F&reauth=1
[Mon Apr 20 14:18:52 2026] [::1]:57665 Closing
[Mon Apr 20 14:18:52 2026] [::1]:57666 Accepted
[Mon Apr 20 14:18:52 2026] [::1]:57667 Accepted
[Mon Apr 20 14:18:52 2026] [::1]:57666 [200]: GET /wp-includes/js/dist/i18n.min.js?ver=c26c3dc7bed366793375
[Mon Apr 20 14:18:52 2026] [::1]:57668 Accepted
[Mon Apr 20 14:18:52 2026] [::1]:57667 [200]: GET /wp-admin/js/password-strength-meter.min.js?ver=6.9.4
[Mon Apr 20 14:18:52 2026] [::1]:57669 Accepted
[Mon Apr 20 14:18:52 2026] [::1]:57668 [200]: GET /wp-includes/js/underscore.min.js?ver=1.13.7
[Mon Apr 20 14:18:52 2026] [::1]:57670 Accepted
[Mon Apr 20 14:18:52 2026] [::1]:57666 Closing
[Mon Apr 20 14:18:52 2026] [::1]:57669 [200]: GET /wp-includes/js/wp-util.min.js?ver=6.9.4
[Mon Apr 20 14:18:52 2026] [::1]:57671 Accepted
[Mon Apr 20 14:18:52 2026] [::1]:57667 Closing
[Mon Apr 20 14:18:52 2026] [::1]:57670 [200]: GET /wp-includes/js/dist/dom-ready.min.js?ver=f77871ff7694fffea381
[Mon Apr 20 14:18:52 2026] [::1]:57672 Accepted
[Mon Apr 20 14:18:52 2026] [::1]:57671 [200]: GET /wp-includes/js/dist/a11y.min.js?ver=cb460b4676c94bd228ed
[Mon Apr 20 14:18:52 2026] [::1]:57668 Closing
[Mon Apr 20 14:18:52 2026] [::1]:57672 [200]: GET /wp-admin/js/user-profile.min.js?ver=6.9.4
[Mon Apr 20 14:18:52 2026] [::1]:57669 Closing
[Mon Apr 20 14:18:52 2026] [::1]:57670 Closing
[Mon Apr 20 14:18:52 2026] [::1]:57671 Closing
[Mon Apr 20 14:18:52 2026] [::1]:57672 Closing
[Mon Apr 20 14:18:52 2026] [::1]:57673 Accepted
[Mon Apr 20 14:18:52 2026] [::1]:57673 [200]: GET /wp-content/uploads/2026/04/logo.webp
[Mon Apr 20 14:18:52 2026] [::1]:57673 Closing
[Mon Apr 20 14:18:52 2026] [::1]:57674 Accepted
[Mon Apr 20 14:18:52 2026] [::1]:57674 [200]: GET /wp-includes/js/zxcvbn.min.js
[Mon Apr 20 14:18:52 2026] [::1]:57674 Closing
[Mon Apr 20 14:18:53 2026] [::1]:57677 Accepted
[Mon Apr 20 14:18:53 2026] [::1]:57678 Accepted
[Mon Apr 20 14:18:53 2026] [::1]:57677 [302]: POST /wp-login.php
[Mon Apr 20 14:18:53 2026] [::1]:57677 Closing
[Mon Apr 20 14:18:54 2026] [::1]:57678 [200]: GET /wp-admin/
[Mon Apr 20 14:18:54 2026] [::1]:57678 Closing
[Mon Apr 20 14:18:54 2026] [::1]:57680 Accepted
[Mon Apr 20 14:18:54 2026] [::1]:57681 Accepted
[Mon Apr 20 14:18:54 2026] [::1]:57680 [200]: GET /wp-includes/js/thickbox/thickbox.css?ver=6.9.4
[Mon Apr 20 14:18:54 2026] [::1]:57682 Accepted
[Mon Apr 20 14:18:54 2026] [::1]:57681 [200]: GET /wp-content/plugins/elementor/vendor/elementor/wp-one-package/assets/build/common.css?ver=1.0.59
[Mon Apr 20 14:18:54 2026] [::1]:57683 Accepted
[Mon Apr 20 14:18:54 2026] [::1]:57682 [200]: GET /wp-content/plugins/elementor/assets/css/modules/editor-one/admin-menu.min.css?ver=4.0.2
[Mon Apr 20 14:18:54 2026] [::1]:57684 Accepted
[Mon Apr 20 14:18:54 2026] [::1]:57680 Closing
[Mon Apr 20 14:18:54 2026] [::1]:57683 [200]: GET /wp-content/plugins/elementor/assets/lib/eicons/css/elementor-icons.min.css?ver=5.48.0
[Mon Apr 20 14:18:54 2026] [::1]:57685 Accepted
[Mon Apr 20 14:18:54 2026] [::1]:57681 Closing
[Mon Apr 20 14:18:54 2026] [::1]:57684 [200]: GET /wp-content/plugins/elementor/assets/css/common.min.css?ver=4.0.2
[Mon Apr 20 14:18:54 2026] [::1]:57686 Accepted
[Mon Apr 20 14:18:54 2026] [::1]:57685 [200]: GET /wp-content/plugins/elementor/assets/css/theme-light.min.css?ver=4.0.2
[Mon Apr 20 14:18:54 2026] [::1]:57682 Closing
[Mon Apr 20 14:18:54 2026] [::1]:57686 [200]: GET /wp-content/plugins/elementor/assets/css/admin.min.css?ver=4.0.2
[Mon Apr 20 14:18:54 2026] [::1]:57683 Closing
[Mon Apr 20 14:18:54 2026] [::1]:57687 Accepted
[Mon Apr 20 14:18:54 2026] [::1]:57684 Closing
[Mon Apr 20 14:18:54 2026] [::1]:57687 [200]: GET /wp-includes/js/dist/i18n.min.js?ver=c26c3dc7bed366793375
[Mon Apr 20 14:18:54 2026] [::1]:57685 Closing
[Mon Apr 20 14:18:54 2026] [::1]:57686 Closing
[Mon Apr 20 14:18:54 2026] [::1]:57687 Closing
[Mon Apr 20 14:18:54 2026] [::1]:57688 Accepted
[Mon Apr 20 14:18:54 2026] [::1]:57688 [200]: GET /wp-includes/js/dist/a11y.min.js?ver=cb460b4676c94bd228ed
[Mon Apr 20 14:18:54 2026] [::1]:57688 Closing
[Mon Apr 20 14:18:54 2026] [::1]:57689 Accepted
[Mon Apr 20 14:18:54 2026] [::1]:57690 Accepted
[Mon Apr 20 14:18:54 2026] [::1]:57689 [200]: GET /wp-admin/js/common.min.js?ver=6.9.4
[Mon Apr 20 14:18:54 2026] [::1]:57690 [200]: GET /wp-includes/js/hoverintent-js.min.js?ver=2.2.1
[Mon Apr 20 14:18:54 2026] [::1]:57689 Closing
[Mon Apr 20 14:18:54 2026] [::1]:57690 Closing
[Mon Apr 20 14:18:54 2026] [::1]:57691 Accepted
[Mon Apr 20 14:18:54 2026] [::1]:57691 [200]: GET /wp-includes/js/admin-bar.min.js?ver=6.9.4
[Mon Apr 20 14:18:54 2026] [::1]:57692 Accepted
[Mon Apr 20 14:18:54 2026] [::1]:57691 Closing
[Mon Apr 20 14:18:54 2026] [::1]:57693 Accepted
[Mon Apr 20 14:18:54 2026] [::1]:57692 [200]: GET /wp-includes/js/underscore.min.js?ver=1.13.7
[Mon Apr 20 14:18:54 2026] [::1]:57693 [200]: GET /wp-includes/js/wp-util.min.js?ver=6.9.4
[Mon Apr 20 14:18:54 2026] [::1]:57692 Closing
[Mon Apr 20 14:18:54 2026] [::1]:57693 Closing
[Mon Apr 20 14:18:54 2026] [::1]:57694 Accepted
[Mon Apr 20 14:18:54 2026] [::1]:57694 [200]: GET /wp-includes/js/clipboard.min.js?ver=2.0.11
[Mon Apr 20 14:18:54 2026] [::1]:57695 Accepted
[Mon Apr 20 14:18:54 2026] [::1]:57696 Accepted
[Mon Apr 20 14:18:54 2026] [::1]:57695 [200]: GET /wp-includes/js/api-request.min.js?ver=6.9.4
[Mon Apr 20 14:18:54 2026] [::1]:57694 Closing
[Mon Apr 20 14:18:54 2026] [::1]:57696 [200]: GET /wp-includes/js/dist/url.min.js?ver=9e178c9516d1222dc834
[Mon Apr 20 14:18:54 2026] [::1]:57695 Closing
[Mon Apr 20 14:18:54 2026] [::1]:57696 Closing
[Mon Apr 20 14:18:54 2026] [::1]:57697 Accepted
[Mon Apr 20 14:18:54 2026] [::1]:57698 Accepted
[Mon Apr 20 14:18:54 2026] [::1]:57699 Accepted
[Mon Apr 20 14:18:54 2026] [::1]:57700 Accepted
[Mon Apr 20 14:18:54 2026] [::1]:57701 Accepted
[Mon Apr 20 14:18:54 2026] [::1]:57702 Accepted
[Mon Apr 20 14:18:54 2026] [::1]:57697 [200]: GET /wp-includes/js/wp-ajax-response.min.js?ver=6.9.4
[Mon Apr 20 14:18:54 2026] [::1]:57698 [200]: GET /wp-includes/js/jquery/jquery.color.min.js?ver=3.0.0
[Mon Apr 20 14:18:54 2026] [::1]:57699 [200]: GET /wp-includes/js/wp-lists.min.js?ver=6.9.4
[Mon Apr 20 14:18:54 2026] [::1]:57700 [200]: GET /wp-admin/js/site-health.min.js?ver=6.9.4
[Mon Apr 20 14:18:54 2026] [::1]:57701 [200]: GET /wp-includes/js/quicktags.min.js?ver=6.9.4
[Mon Apr 20 14:18:54 2026] [::1]:57702 [200]: GET /wp-includes/js/jquery/jquery.query.js?ver=2.2.3
[Mon Apr 20 14:18:54 2026] [::1]:57697 Closing
[Mon Apr 20 14:18:54 2026] [::1]:57698 Closing
[Mon Apr 20 14:18:54 2026] [::1]:57699 Closing
[Mon Apr 20 14:18:54 2026] [::1]:57700 Closing
[Mon Apr 20 14:18:54 2026] [::1]:57701 Closing
[Mon Apr 20 14:18:54 2026] [::1]:57702 Closing
[Mon Apr 20 14:18:54 2026] [::1]:57704 Accepted
[Mon Apr 20 14:18:54 2026] [::1]:57704 [200]: GET /wp-includes/js/jquery/ui/core.min.js?ver=1.13.3
[Mon Apr 20 14:18:54 2026] [::1]:57705 Accepted
[Mon Apr 20 14:18:54 2026] [::1]:57704 Closing
[Mon Apr 20 14:18:54 2026] [::1]:57706 Accepted
[Mon Apr 20 14:18:54 2026] [::1]:57707 Accepted
[Mon Apr 20 14:18:54 2026] [::1]:57708 Accepted
[Mon Apr 20 14:18:54 2026] [::1]:57709 Accepted
[Mon Apr 20 14:18:54 2026] [::1]:57705 [200]: GET /wp-admin/js/edit-comments.min.js?ver=6.9.4
[Mon Apr 20 14:18:54 2026] [::1]:57706 [200]: GET /wp-includes/js/jquery/ui/mouse.min.js?ver=1.13.3
[Mon Apr 20 14:18:54 2026] [::1]:57707 [200]: GET /wp-includes/js/jquery/ui/sortable.min.js?ver=1.13.3
[Mon Apr 20 14:18:54 2026] [::1]:57708 [200]: GET /wp-admin/js/postbox.min.js?ver=6.9.4
[Mon Apr 20 14:18:54 2026] [::1]:57709 [200]: GET /wp-includes/js/dist/vendor/moment.min.js?ver=2.30.1
[Mon Apr 20 14:18:54 2026] [::1]:57710 Accepted
[Mon Apr 20 14:18:54 2026] [::1]:57705 Closing
[Mon Apr 20 14:18:54 2026] [::1]:57710 [200]: GET /wp-includes/js/dist/deprecated.min.js?ver=e1f84915c5e8ae38964c
[Mon Apr 20 14:18:54 2026] [::1]:57706 Closing
[Mon Apr 20 14:18:54 2026] [::1]:57707 Closing
[Mon Apr 20 14:18:54 2026] [::1]:57708 Closing
[Mon Apr 20 14:18:54 2026] [::1]:57709 Closing
[Mon Apr 20 14:18:54 2026] [::1]:57710 Closing
[Mon Apr 20 14:18:54 2026] [::1]:57711 Accepted
[Mon Apr 20 14:18:54 2026] [::1]:57711 [200]: GET /wp-includes/js/wp-sanitize.min.js?ver=6.9.4
[Mon Apr 20 14:18:54 2026] [::1]:57711 Closing
[Mon Apr 20 14:18:54 2026] [::1]:57712 Accepted
[Mon Apr 20 14:18:54 2026] [::1]:57713 Accepted
[Mon Apr 20 14:18:54 2026] [::1]:57714 Accepted
[Mon Apr 20 14:18:54 2026] [::1]:57715 Accepted
[Mon Apr 20 14:18:54 2026] [::1]:57716 Accepted
[Mon Apr 20 14:18:54 2026] [::1]:57712 [200]: GET /wp-includes/js/dist/date.min.js?ver=795a56839718d3ff7eae
[Mon Apr 20 14:18:54 2026] [::1]:57713 [200]: GET /wp-admin/js/dashboard.min.js?ver=6.9.4
[Mon Apr 20 14:18:54 2026] [::1]:57714 [200]: GET /wp-admin/js/plugin-install.min.js?ver=6.9.4
[Mon Apr 20 14:18:54 2026] [::1]:57715 [200]: GET /wp-admin/js/updates.min.js?ver=6.9.4
[Mon Apr 20 14:18:54 2026] [::1]:57716 [200]: GET /wp-includes/js/thickbox/thickbox.js?ver=3.1-20121105
[Mon Apr 20 14:18:54 2026] [::1]:57717 Accepted
[Mon Apr 20 14:18:54 2026] [::1]:57713 Closing
[Mon Apr 20 14:18:54 2026] [::1]:57714 Closing
[Mon Apr 20 14:18:54 2026] [::1]:57715 Closing
[Mon Apr 20 14:18:54 2026] [::1]:57717 [200]: GET /wp-includes/js/shortcode.min.js?ver=6.9.4
[Mon Apr 20 14:18:54 2026] [::1]:57716 Closing
[Mon Apr 20 14:18:54 2026] [::1]:57717 Closing
[Mon Apr 20 14:18:54 2026] [::1]:57712 Closing
[Mon Apr 20 14:18:54 2026] [::1]:57718 Accepted
[Mon Apr 20 14:18:54 2026] [::1]:57718 [200]: GET /wp-admin/js/media-upload.min.js?ver=6.9.4
[Mon Apr 20 14:18:54 2026] [::1]:57718 Closing
[Mon Apr 20 14:18:54 2026] [::1]:57719 Accepted
[Mon Apr 20 14:18:54 2026] [::1]:57720 Accepted
[Mon Apr 20 14:18:54 2026] [::1]:57719 [200]: GET /wp-admin/js/svg-painter.js?ver=6.9.4
[Mon Apr 20 14:18:54 2026] [::1]:57720 [200]: GET /wp-includes/js/jquery/ui/draggable.min.js?ver=1.13.3
[Mon Apr 20 14:18:54 2026] [::1]:57721 Accepted
[Mon Apr 20 14:18:54 2026] [::1]:57722 Accepted
[Mon Apr 20 14:18:54 2026] [::1]:57719 Closing
[Mon Apr 20 14:18:54 2026] [::1]:57721 [200]: GET /wp-includes/js/backbone.min.js?ver=1.6.0
[Mon Apr 20 14:18:54 2026] [::1]:57723 Accepted
[Mon Apr 20 14:18:54 2026] [::1]:57720 Closing
[Mon Apr 20 14:18:54 2026] [::1]:57721 Closing
[Mon Apr 20 14:18:54 2026] [::1]:57722 [200]: GET /wp-content/plugins/elementor/assets/lib/backbone/backbone.marionette.min.js?ver=2.4.5.e1
[Mon Apr 20 14:18:54 2026] [::1]:57724 Accepted
[Mon Apr 20 14:18:54 2026] [::1]:57723 [200]: GET /wp-content/plugins/elementor/assets/lib/backbone/backbone.radio.min.js?ver=1.0.4
[Mon Apr 20 14:18:54 2026] [::1]:57725 Accepted
[Mon Apr 20 14:18:54 2026] [::1]:57724 [200]: GET /wp-content/plugins/elementor/assets/js/common-modules.min.js?ver=4.0.2
[Mon Apr 20 14:18:54 2026] [::1]:57722 Closing
[Mon Apr 20 14:18:54 2026] [::1]:57726 Accepted
[Mon Apr 20 14:18:54 2026] [::1]:57723 Closing
[Mon Apr 20 14:18:54 2026] [::1]:57725 [200]: GET /wp-content/plugins/elementor/assets/js/web-cli.min.js?ver=4.0.2
[Mon Apr 20 14:18:54 2026] [::1]:57727 Accepted
[Mon Apr 20 14:18:54 2026] [::1]:57728 Accepted
[Mon Apr 20 14:18:54 2026] [::1]:57726 [200]: GET /wp-content/plugins/elementor/assets/js/dev-tools.min.js?ver=4.0.2
[Mon Apr 20 14:18:54 2026] [::1]:57724 Closing
[Mon Apr 20 14:18:54 2026] [::1]:57727 [200]: GET /wp-content/plugins/elementor/assets/lib/dialog/dialog.min.js?ver=4.9.0
[Mon Apr 20 14:18:54 2026] [::1]:57728 [200]: GET /wp-content/plugins/elementor/assets/js/common.min.js?ver=4.0.2
[Mon Apr 20 14:18:54 2026] [::1]:57729 Accepted
[Mon Apr 20 14:18:54 2026] [::1]:57725 Closing
[Mon Apr 20 14:18:54 2026] [::1]:57730 Accepted
[Mon Apr 20 14:18:54 2026] [::1]:57726 Closing
[Mon Apr 20 14:18:54 2026] [::1]:57729 [200]: GET /wp-content/plugins/elementor/assets/js/app-loader.min.js?ver=4.0.2
[Mon Apr 20 14:18:54 2026] [::1]:57731 Accepted
[Mon Apr 20 14:18:54 2026] [::1]:57730 [200]: GET /wp-includes/js/heartbeat.min.js?ver=6.9.4
[Mon Apr 20 14:18:54 2026] [::1]:57727 Closing
[Mon Apr 20 14:18:54 2026] [::1]:57732 Accepted
[Mon Apr 20 14:18:54 2026] [::1]:57731 [200]: GET /wp-includes/js/wp-auth-check.min.js?ver=6.9.4
[Mon Apr 20 14:18:54 2026] [::1]:57732 [200]: GET /wp-includes/js/dist/vendor/react.min.js?ver=18.3.1.1
[Mon Apr 20 14:18:54 2026] [::1]:57729 Closing
[Mon Apr 20 14:18:54 2026] [::1]:57733 Accepted
[Mon Apr 20 14:18:54 2026] [::1]:57730 Closing
[Mon Apr 20 14:18:54 2026] [::1]:57733 [200]: GET /wp-includes/js/dist/vendor/react-dom.min.js?ver=18.3.1.1
[Mon Apr 20 14:18:54 2026] [::1]:57731 Closing
[Mon Apr 20 14:18:54 2026] [::1]:57728 Closing
[Mon Apr 20 14:18:54 2026] [::1]:57732 Closing
[Mon Apr 20 14:18:54 2026] [::1]:57733 Closing
[Mon Apr 20 14:18:54 2026] [::1]:57734 Accepted
[Mon Apr 20 14:18:54 2026] [::1]:57734 [200]: GET /wp-includes/js/dist/vendor/react-jsx-runtime.min.js?ver=18.3.1
[Mon Apr 20 14:18:54 2026] [::1]:57735 Accepted
[Mon Apr 20 14:18:54 2026] [::1]:57734 Closing
[Mon Apr 20 14:18:54 2026] [::1]:57735 [200]: GET /wp-includes/js/dist/dom.min.js?ver=26edef3be6483da3de2e
[Mon Apr 20 14:18:54 2026] [::1]:57736 Accepted
[Mon Apr 20 14:18:54 2026] [::1]:57735 Closing
[Mon Apr 20 14:18:54 2026] [::1]:57737 Accepted
[Mon Apr 20 14:18:54 2026] [::1]:57736 [200]: GET /wp-includes/js/dist/escape-html.min.js?ver=6561a406d2d232a6fbd2
[Mon Apr 20 14:18:54 2026] [::1]:57737 [200]: GET /wp-includes/js/dist/element.min.js?ver=6a582b0c827fa25df3dd
[Mon Apr 20 14:18:54 2026] [::1]:57738 Accepted
[Mon Apr 20 14:18:54 2026] [::1]:57739 Accepted
[Mon Apr 20 14:18:54 2026] [::1]:57736 Closing
[Mon Apr 20 14:18:54 2026] [::1]:57737 Closing
[Mon Apr 20 14:18:54 2026] [::1]:57738 [200]: GET /wp-includes/js/dist/is-shallow-equal.min.js?ver=e0f9f1d78d83f5196979
[Mon Apr 20 14:18:54 2026] [::1]:57739 [200]: GET /wp-includes/js/dist/keycodes.min.js?ver=34c8fb5e7a594a1c8037
[Mon Apr 20 14:18:54 2026] [::1]:57740 Accepted
[Mon Apr 20 14:18:54 2026] [::1]:57740 [200]: GET /wp-includes/js/dist/priority-queue.min.js?ver=2d59d091223ee9a33838
[Mon Apr 20 14:18:54 2026] [::1]:57738 Closing
[Mon Apr 20 14:18:54 2026] [::1]:57739 Closing
[Mon Apr 20 14:18:54 2026] [::1]:57741 Accepted
[Mon Apr 20 14:18:54 2026] [::1]:57742 Accepted
[Mon Apr 20 14:18:54 2026] [::1]:57740 Closing
[Mon Apr 20 14:18:54 2026] [::1]:57741 [200]: GET /wp-includes/js/dist/compose.min.js?ver=7a9b375d8c19cf9d3d9b
[Mon Apr 20 14:18:54 2026] [::1]:57743 Accepted
[Mon Apr 20 14:18:54 2026] [::1]:57742 [200]: GET /wp-includes/js/dist/html-entities.min.js?ver=e8b78b18a162491d5e5f
[Mon Apr 20 14:18:54 2026] [::1]:57743 [200]: GET /wp-includes/js/dist/primitives.min.js?ver=0b5dcc337aa7cbf75570
[Mon Apr 20 14:18:54 2026] [::1]:57744 Accepted
[Mon Apr 20 14:18:54 2026] [::1]:57741 Closing
[Mon Apr 20 14:18:54 2026] [::1]:57745 Accepted
[Mon Apr 20 14:18:54 2026] [::1]:57742 Closing
[Mon Apr 20 14:18:54 2026] [::1]:57744 [200]: GET /wp-includes/js/dist/private-apis.min.js?ver=4f465748bda624774139
[Mon Apr 20 14:18:54 2026] [::1]:57746 Accepted
[Mon Apr 20 14:18:54 2026] [::1]:57745 [200]: GET /wp-includes/js/dist/data.min.js?ver=f940198280891b0b6318
[Mon Apr 20 14:18:54 2026] [::1]:57743 Closing
[Mon Apr 20 14:18:54 2026] [::1]:57746 [200]: GET /wp-includes/js/dist/redux-routine.min.js?ver=8bb92d45458b29590f53
[Mon Apr 20 14:18:54 2026] [::1]:57744 Closing
[Mon Apr 20 14:18:54 2026] [::1]:57745 Closing
[Mon Apr 20 14:18:54 2026] [::1]:57746 Closing
[Mon Apr 20 14:18:54 2026] [::1]:57747 Accepted
[Mon Apr 20 14:18:54 2026] [::1]:57747 [200]: GET /wp-includes/js/dist/rich-text.min.js?ver=5bdbb44f3039529e3645
[Mon Apr 20 14:18:54 2026] [::1]:57748 Accepted
[Mon Apr 20 14:18:54 2026] [::1]:57749 Accepted
[Mon Apr 20 14:18:54 2026] [::1]:57750 Accepted
[Mon Apr 20 14:18:54 2026] [::1]:57747 Closing
[Mon Apr 20 14:18:54 2026] [::1]:57748 [200]: GET /wp-includes/js/dist/warning.min.js?ver=d69bc18c456d01c11d5a
[Mon Apr 20 14:18:54 2026] [::1]:57749 [200]: GET /wp-includes/js/dist/components.min.js?ver=0d72a218dfea8f6f442f
[Mon Apr 20 14:18:54 2026] [::1]:57751 Accepted
[Mon Apr 20 14:18:54 2026] [::1]:57750 [200]: GET /wp-includes/js/dist/keyboard-shortcuts.min.js?ver=fbc45a34ce65c5723afa
[Mon Apr 20 14:18:54 2026] [::1]:57752 Accepted
[Mon Apr 20 14:18:54 2026] [::1]:57751 [200]: GET /wp-includes/js/dist/commands.min.js?ver=cac8f4817ab7cea0ac49
[Mon Apr 20 14:18:54 2026] [::1]:57748 Closing
[Mon Apr 20 14:18:54 2026] [::1]:57752 [200]: GET /wp-includes/js/dist/api-fetch.min.js?ver=3a4d9af2b423048b0dee
[Mon Apr 20 14:18:54 2026] [::1]:57753 Accepted
[Mon Apr 20 14:18:54 2026] [::1]:57750 Closing
[Mon Apr 20 14:18:54 2026] [::1]:57754 Accepted
[Mon Apr 20 14:18:54 2026] [::1]:57751 Closing
[Mon Apr 20 14:18:54 2026] [::1]:57753 [200]: GET /wp-includes/js/dist/blob.min.js?ver=9113eed771d446f4a556
[Mon Apr 20 14:18:54 2026] [::1]:57754 [200]: GET /wp-includes/js/dist/block-serialization-default-parser.min.js?ver=14d44daebf663d05d330
[Mon Apr 20 14:18:54 2026] [::1]:57752 Closing
[Mon Apr 20 14:18:54 2026] [::1]:57755 Accepted
[Mon Apr 20 14:18:54 2026] [::1]:57753 Closing
[Mon Apr 20 14:18:54 2026] [::1]:57749 Closing
[Mon Apr 20 14:18:54 2026] [::1]:57754 Closing
[Mon Apr 20 14:18:54 2026] [::1]:57755 [200]: GET /wp-includes/js/dist/autop.min.js?ver=9fb50649848277dd318d
[Mon Apr 20 14:18:54 2026] [::1]:57756 Accepted
[Mon Apr 20 14:18:54 2026] [::1]:57755 Closing
[Mon Apr 20 14:18:54 2026] [::1]:57756 [200]: GET /wp-includes/js/dist/shortcode.min.js?ver=0b3174183b858f2df320
[Mon Apr 20 14:18:54 2026] [::1]:57757 Accepted
[Mon Apr 20 14:18:54 2026] [::1]:57756 Closing
[Mon Apr 20 14:18:54 2026] [::1]:57757 [200]: GET /wp-includes/js/dist/blocks.min.js?ver=57eca4d23daac7159d88
[Mon Apr 20 14:18:54 2026] [::1]:57758 Accepted
[Mon Apr 20 14:18:54 2026] [::1]:57757 Closing
[Mon Apr 20 14:18:54 2026] [::1]:57759 Accepted
[Mon Apr 20 14:18:54 2026] [::1]:57758 [200]: GET /wp-includes/js/dist/notices.min.js?ver=f62fbf15dcc23301922f
[Mon Apr 20 14:18:54 2026] [::1]:57760 Accepted
[Mon Apr 20 14:18:54 2026] [::1]:57759 [200]: GET /wp-includes/js/dist/preferences-persistence.min.js?ver=e954d3a4426d311f7d1a
[Mon Apr 20 14:18:54 2026] [::1]:57761 Accepted
[Mon Apr 20 14:18:54 2026] [::1]:57762 Accepted
[Mon Apr 20 14:18:54 2026] [::1]:57758 Closing
[Mon Apr 20 14:18:54 2026] [::1]:57760 [200]: GET /wp-includes/js/dist/preferences.min.js?ver=2ca086aed510c242a1ed
[Mon Apr 20 14:18:54 2026] [::1]:57759 Closing
[Mon Apr 20 14:18:54 2026] [::1]:57761 [200]: GET /wp-includes/js/dist/style-engine.min.js?ver=7c6fcedc37dadafb8a81
[Mon Apr 20 14:18:54 2026] [::1]:57762 [200]: GET /wp-includes/js/dist/token-list.min.js?ver=cfdf635a436c3953a965
[Mon Apr 20 14:18:54 2026] [::1]:57760 Closing
[Mon Apr 20 14:18:54 2026] [::1]:57761 Closing
[Mon Apr 20 14:18:54 2026] [::1]:57762 Closing
[Mon Apr 20 14:18:54 2026] [::1]:57763 Accepted
[Mon Apr 20 14:18:54 2026] [::1]:57763 [200]: GET /wp-includes/js/dist/block-editor.min.js?ver=addf558a422e2ee57920
[Mon Apr 20 14:18:54 2026] [::1]:57764 Accepted
[Mon Apr 20 14:18:54 2026] [::1]:57765 Accepted
[Mon Apr 20 14:18:54 2026] [::1]:57764 [200]: GET /wp-includes/js/dist/core-data.min.js?ver=15baadfe6e1374188072
[Mon Apr 20 14:18:54 2026] [::1]:57765 [200]: GET /wp-includes/js/dist/router.min.js?ver=2dfc4b954318a03e6a76
[Mon Apr 20 14:18:54 2026] [::1]:57764 Closing
[Mon Apr 20 14:18:54 2026] [::1]:57765 Closing
[Mon Apr 20 14:18:54 2026] [::1]:57763 Closing
[Mon Apr 20 14:18:54 2026] [::1]:57766 Accepted
[Mon Apr 20 14:18:54 2026] [::1]:57767 Accepted
[Mon Apr 20 14:18:54 2026] [::1]:57768 Accepted
[Mon Apr 20 14:18:54 2026] [::1]:57766 [200]: GET /wp-includes/js/dist/core-commands.min.js?ver=effe2d88d7f0c50a8ce9
[Mon Apr 20 14:18:54 2026] [::1]:57767 [200]: GET /wp-content/plugins/elementor/vendor/elementor/wp-one-package/assets/build/common.js?ver=71fc09ea1a9e23155639
[Mon Apr 20 14:18:54 2026] [::1]:57768 [200]: GET /wp-content/plugins/elementor/assets/js/editor-one-menu.min.js?ver=4.0.2
[Mon Apr 20 14:18:54 2026] [::1]:57769 Accepted
[Mon Apr 20 14:18:54 2026] [::1]:57770 Accepted
[Mon Apr 20 14:18:54 2026] [::1]:57766 Closing
[Mon Apr 20 14:18:54 2026] [::1]:57769 [200]: GET /wp-content/plugins/elementor/assets/js/import-export-customization-admin.min.js?ver=4.0.2
[Mon Apr 20 14:18:54 2026] [::1]:57767 Closing
[Mon Apr 20 14:18:54 2026] [::1]:57768 Closing
[Mon Apr 20 14:18:54 2026] [::1]:57770 [200]: GET /wp-content/plugins/elementor/assets/js/import-export-admin.min.js?ver=4.0.2
[Mon Apr 20 14:18:54 2026] [::1]:57769 Closing
[Mon Apr 20 14:18:54 2026] [::1]:57770 Closing
[Mon Apr 20 14:18:54 2026] [::1]:57771 Accepted
[Mon Apr 20 14:18:54 2026] [::1]:57772 Accepted
[Mon Apr 20 14:18:54 2026] [::1]:57773 Accepted
[Mon Apr 20 14:18:54 2026] [::1]:57771 [200]: GET /wp-content/plugins/elementor/assets/js/admin-modules.min.js?ver=4.0.2
[Mon Apr 20 14:18:54 2026] [::1]:57772 [200]: GET /wp-content/plugins/elementor/assets/js/admin.min.js?ver=4.0.2
[Mon Apr 20 14:18:54 2026] [::1]:57773 [200]: GET /wp-content/plugins/elementor/assets/js/media-hints.min.js?ver=4.0.2
[Mon Apr 20 14:18:54 2026] [::1]:57771 Closing
[Mon Apr 20 14:18:54 2026] [::1]:57772 Closing
[Mon Apr 20 14:18:54 2026] [::1]:57773 Closing
[Mon Apr 20 14:18:54 2026] [::1]:57774 Accepted
[Mon Apr 20 14:18:54 2026] [::1]:57774 [200]: GET /wp-includes/js/thickbox/loadingAnimation.gif
[Mon Apr 20 14:18:54 2026] [::1]:57774 Closing
[Mon Apr 20 14:19:06 2026] [::1]:57779 Accepted
[Mon Apr 20 14:19:07 2026] [::1]:57779 [200]: GET /wp-admin/edit.php?post_type=career
[Mon Apr 20 14:19:07 2026] [::1]:57779 Closing
[Mon Apr 20 14:19:07 2026] [::1]:57780 Accepted
[Mon Apr 20 14:19:07 2026] [::1]:57781 Accepted
[Mon Apr 20 14:19:07 2026] [::1]:57780 [200]: GET /wp-content/plugins/elementor/vendor/elementor/wp-one-package/assets/build/common.css?ver=1.0.59
[Mon Apr 20 14:19:07 2026] [::1]:57782 Accepted
[Mon Apr 20 14:19:07 2026] [::1]:57781 [200]: GET /wp-content/plugins/elementor/assets/css/modules/editor-one/admin-menu.min.css?ver=4.0.2
[Mon Apr 20 14:19:07 2026] [::1]:57783 Accepted
[Mon Apr 20 14:19:07 2026] [::1]:57782 [200]: GET /wp-content/plugins/elementor/assets/lib/eicons/css/elementor-icons.min.css?ver=5.48.0
[Mon Apr 20 14:19:07 2026] [::1]:57784 Accepted
[Mon Apr 20 14:19:07 2026] [::1]:57780 Closing
[Mon Apr 20 14:19:07 2026] [::1]:57783 [200]: GET /wp-content/plugins/elementor/assets/css/common.min.css?ver=4.0.2
[Mon Apr 20 14:19:07 2026] [::1]:57785 Accepted
[Mon Apr 20 14:19:07 2026] [::1]:57781 Closing
[Mon Apr 20 14:19:07 2026] [::1]:57784 [200]: GET /wp-content/plugins/elementor/assets/css/theme-light.min.css?ver=4.0.2
[Mon Apr 20 14:19:07 2026] [::1]:57786 Accepted
[Mon Apr 20 14:19:07 2026] [::1]:57785 [200]: GET /wp-content/plugins/elementor/assets/css/admin.min.css?ver=4.0.2
[Mon Apr 20 14:19:07 2026] [::1]:57782 Closing
[Mon Apr 20 14:19:07 2026] [::1]:57783 Closing
[Mon Apr 20 14:19:07 2026] [::1]:57784 Closing
[Mon Apr 20 14:19:07 2026] [::1]:57786 [200]: GET /wp-includes/js/thickbox/thickbox.css?ver=6.9.4
[Mon Apr 20 14:19:07 2026] [::1]:57785 Closing
[Mon Apr 20 14:19:07 2026] [::1]:57786 Closing
[Mon Apr 20 14:19:07 2026] [::1]:57787 Accepted
[Mon Apr 20 14:19:07 2026] [::1]:57787 [200]: GET /wp-includes/js/dist/i18n.min.js?ver=c26c3dc7bed366793375
[Mon Apr 20 14:19:07 2026] [::1]:57787 Closing
[Mon Apr 20 14:19:07 2026] [::1]:57788 Accepted
[Mon Apr 20 14:19:07 2026] [::1]:57788 [200]: GET /wp-includes/js/dist/a11y.min.js?ver=cb460b4676c94bd228ed
[Mon Apr 20 14:19:07 2026] [::1]:57788 Closing
[Mon Apr 20 14:19:07 2026] [::1]:57789 Accepted
[Mon Apr 20 14:19:07 2026] [::1]:57790 Accepted
[Mon Apr 20 14:19:07 2026] [::1]:57789 [200]: GET /wp-admin/js/common.min.js?ver=6.9.4
[Mon Apr 20 14:19:07 2026] [::1]:57790 [200]: GET /wp-includes/js/hoverintent-js.min.js?ver=2.2.1
[Mon Apr 20 14:19:07 2026] [::1]:57789 Closing
[Mon Apr 20 14:19:07 2026] [::1]:57790 Closing
[Mon Apr 20 14:19:07 2026] [::1]:57791 Accepted
[Mon Apr 20 14:19:07 2026] [::1]:57791 [200]: GET /wp-includes/js/admin-bar.min.js?ver=6.9.4
[Mon Apr 20 14:19:07 2026] [::1]:57791 Closing
[Mon Apr 20 14:19:07 2026] [::1]:57792 Accepted
[Mon Apr 20 14:19:07 2026] [::1]:57792 [200]: GET /wp-includes/js/jquery/ui/core.min.js?ver=1.13.3
[Mon Apr 20 14:19:07 2026] [::1]:57792 Closing
[Mon Apr 20 14:19:07 2026] [::1]:57793 Accepted
[Mon Apr 20 14:19:07 2026] [::1]:57794 Accepted
[Mon Apr 20 14:19:07 2026] [::1]:57795 Accepted
[Mon Apr 20 14:19:07 2026] [::1]:57796 Accepted
[Mon Apr 20 14:19:07 2026] [::1]:57793 [200]: GET /wp-includes/js/jquery/ui/menu.min.js?ver=1.13.3
[Mon Apr 20 14:19:07 2026] [::1]:57797 Accepted
[Mon Apr 20 14:19:07 2026] [::1]:57794 [200]: GET /wp-includes/js/jquery/ui/autocomplete.min.js?ver=1.13.3
[Mon Apr 20 14:19:07 2026] [::1]:57795 [200]: GET /wp-admin/js/tags-suggest.min.js?ver=6.9.4
[Mon Apr 20 14:19:07 2026] [::1]:57796 [200]: GET /wp-admin/js/inline-edit-post.min.js?ver=6.9.4
[Mon Apr 20 14:19:07 2026] [::1]:57797 [200]: GET /wp-includes/js/heartbeat.min.js?ver=6.9.4
[Mon Apr 20 14:19:07 2026] [::1]:57798 Accepted
[Mon Apr 20 14:19:07 2026] [::1]:57793 Closing
[Mon Apr 20 14:19:07 2026] [::1]:57794 Closing
[Mon Apr 20 14:19:07 2026] [::1]:57795 Closing
[Mon Apr 20 14:19:07 2026] [::1]:57796 Closing
[Mon Apr 20 14:19:07 2026] [::1]:57798 [200]: GET /wp-admin/js/svg-painter.js?ver=6.9.4
[Mon Apr 20 14:19:07 2026] [::1]:57797 Closing
[Mon Apr 20 14:19:07 2026] [::1]:57798 Closing
[Mon Apr 20 14:19:07 2026] [::1]:57799 Accepted
[Mon Apr 20 14:19:07 2026] [::1]:57800 Accepted
[Mon Apr 20 14:19:07 2026] [::1]:57801 Accepted
[Mon Apr 20 14:19:07 2026] [::1]:57799 [200]: GET /wp-includes/js/jquery/ui/mouse.min.js?ver=1.13.3
[Mon Apr 20 14:19:07 2026] [::1]:57802 Accepted
[Mon Apr 20 14:19:07 2026] [::1]:57800 [200]: GET /wp-includes/js/jquery/ui/draggable.min.js?ver=1.13.3
[Mon Apr 20 14:19:07 2026] [::1]:57801 [200]: GET /wp-includes/js/underscore.min.js?ver=1.13.7
[Mon Apr 20 14:19:07 2026] [::1]:57802 [200]: GET /wp-includes/js/backbone.min.js?ver=1.6.0
[Mon Apr 20 14:19:07 2026] [::1]:57799 Closing
[Mon Apr 20 14:19:07 2026] [::1]:57800 Closing
[Mon Apr 20 14:19:07 2026] [::1]:57801 Closing
[Mon Apr 20 14:19:07 2026] [::1]:57802 Closing
[Mon Apr 20 14:19:07 2026] [::1]:57803 Accepted
[Mon Apr 20 14:19:07 2026] [::1]:57804 Accepted
[Mon Apr 20 14:19:07 2026] [::1]:57803 [200]: GET /wp-content/plugins/elementor/assets/lib/backbone/backbone.marionette.min.js?ver=2.4.5.e1
[Mon Apr 20 14:19:07 2026] [::1]:57804 [200]: GET /wp-content/plugins/elementor/assets/lib/backbone/backbone.radio.min.js?ver=1.0.4
[Mon Apr 20 14:19:07 2026] [::1]:57803 Closing
[Mon Apr 20 14:19:07 2026] [::1]:57804 Closing
[Mon Apr 20 14:19:07 2026] [::1]:57805 Accepted
[Mon Apr 20 14:19:07 2026] [::1]:57805 [200]: GET /wp-content/plugins/elementor/assets/js/common-modules.min.js?ver=4.0.2
[Mon Apr 20 14:19:07 2026] [::1]:57806 Accepted
[Mon Apr 20 14:19:07 2026] [::1]:57807 Accepted
[Mon Apr 20 14:19:07 2026] [::1]:57805 Closing
[Mon Apr 20 14:19:07 2026] [::1]:57806 [200]: GET /wp-content/plugins/elementor/assets/js/web-cli.min.js?ver=4.0.2
[Mon Apr 20 14:19:07 2026] [::1]:57808 Accepted
[Mon Apr 20 14:19:07 2026] [::1]:57807 [200]: GET /wp-content/plugins/elementor/assets/lib/dialog/dialog.min.js?ver=4.9.0
[Mon Apr 20 14:19:07 2026] [::1]:57809 Accepted
[Mon Apr 20 14:19:07 2026] [::1]:57808 [200]: GET /wp-includes/js/api-request.min.js?ver=6.9.4
[Mon Apr 20 14:19:07 2026] [::1]:57810 Accepted
[Mon Apr 20 14:19:07 2026] [::1]:57809 [200]: GET /wp-content/plugins/elementor/assets/js/dev-tools.min.js?ver=4.0.2
[Mon Apr 20 14:19:07 2026] [::1]:57806 Closing
[Mon Apr 20 14:19:07 2026] [::1]:57807 Closing
[Mon Apr 20 14:19:07 2026] [::1]:57810 [200]: GET /wp-content/plugins/elementor/assets/js/common.min.js?ver=4.0.2
[Mon Apr 20 14:19:07 2026] [::1]:57808 Closing
[Mon Apr 20 14:19:07 2026] [::1]:57809 Closing
[Mon Apr 20 14:19:07 2026] [::1]:57810 Closing
[Mon Apr 20 14:19:07 2026] [::1]:57811 Accepted
[Mon Apr 20 14:19:07 2026] [::1]:57812 Accepted
[Mon Apr 20 14:19:07 2026] [::1]:57811 [200]: GET /wp-content/plugins/elementor/assets/js/app-loader.min.js?ver=4.0.2
[Mon Apr 20 14:19:07 2026] [::1]:57812 [200]: GET /wp-includes/js/wp-auth-check.min.js?ver=6.9.4
[Mon Apr 20 14:19:07 2026] [::1]:57813 Accepted
[Mon Apr 20 14:19:07 2026] [::1]:57811 Closing
[Mon Apr 20 14:19:07 2026] [::1]:57812 Closing
[Mon Apr 20 14:19:07 2026] [::1]:57814 Accepted
[Mon Apr 20 14:19:07 2026] [::1]:57813 [200]: GET /wp-includes/js/dist/vendor/react.min.js?ver=18.3.1.1
[Mon Apr 20 14:19:07 2026] [::1]:57813 Closing
[Mon Apr 20 14:19:07 2026] [::1]:57814 [200]: GET /wp-includes/js/dist/vendor/react-dom.min.js?ver=18.3.1.1
[Mon Apr 20 14:19:07 2026] [::1]:57815 Accepted
[Mon Apr 20 14:19:07 2026] [::1]:57814 Closing
[Mon Apr 20 14:19:07 2026] [::1]:57815 [200]: GET /wp-includes/js/dist/vendor/react-jsx-runtime.min.js?ver=18.3.1
[Mon Apr 20 14:19:07 2026] [::1]:57815 Closing
[Mon Apr 20 14:19:07 2026] [::1]:57816 Accepted
[Mon Apr 20 14:19:07 2026] [::1]:57817 Accepted
[Mon Apr 20 14:19:07 2026] [::1]:57816 [200]: GET /wp-includes/js/dist/deprecated.min.js?ver=e1f84915c5e8ae38964c
[Mon Apr 20 14:19:07 2026] [::1]:57817 [200]: GET /wp-includes/js/dist/dom.min.js?ver=26edef3be6483da3de2e
[Mon Apr 20 14:19:07 2026] [::1]:57816 Closing
[Mon Apr 20 14:19:07 2026] [::1]:57817 Closing
[Mon Apr 20 14:19:07 2026] [::1]:57818 Accepted
[Mon Apr 20 14:19:07 2026] [::1]:57819 Accepted
[Mon Apr 20 14:19:07 2026] [::1]:57820 Accepted
[Mon Apr 20 14:19:07 2026] [::1]:57818 [200]: GET /wp-includes/js/dist/escape-html.min.js?ver=6561a406d2d232a6fbd2
[Mon Apr 20 14:19:07 2026] [::1]:57821 Accepted
[Mon Apr 20 14:19:07 2026] [::1]:57819 [200]: GET /wp-includes/js/dist/element.min.js?ver=6a582b0c827fa25df3dd
[Mon Apr 20 14:19:07 2026] [::1]:57820 [200]: GET /wp-includes/js/dist/is-shallow-equal.min.js?ver=e0f9f1d78d83f5196979
[Mon Apr 20 14:19:07 2026] [::1]:57821 [200]: GET /wp-includes/js/dist/keycodes.min.js?ver=34c8fb5e7a594a1c8037
[Mon Apr 20 14:19:07 2026] [::1]:57822 Accepted
[Mon Apr 20 14:19:07 2026] [::1]:57818 Closing
[Mon Apr 20 14:19:07 2026] [::1]:57819 Closing
[Mon Apr 20 14:19:07 2026] [::1]:57820 Closing
[Mon Apr 20 14:19:07 2026] [::1]:57822 [200]: GET /wp-includes/js/dist/priority-queue.min.js?ver=2d59d091223ee9a33838
[Mon Apr 20 14:19:07 2026] [::1]:57821 Closing
[Mon Apr 20 14:19:07 2026] [::1]:57822 Closing
[Mon Apr 20 14:19:07 2026] [::1]:57823 Accepted
[Mon Apr 20 14:19:07 2026] [::1]:57824 Accepted
[Mon Apr 20 14:19:07 2026] [::1]:57823 [200]: GET /wp-includes/js/dist/compose.min.js?ver=7a9b375d8c19cf9d3d9b
[Mon Apr 20 14:19:07 2026] [::1]:57824 [200]: GET /wp-includes/js/dist/vendor/moment.min.js?ver=2.30.1
[Mon Apr 20 14:19:07 2026] [::1]:57823 Closing
[Mon Apr 20 14:19:07 2026] [::1]:57825 Accepted
[Mon Apr 20 14:19:07 2026] [::1]:57824 Closing
[Mon Apr 20 14:19:07 2026] [::1]:57826 Accepted
[Mon Apr 20 14:19:07 2026] [::1]:57825 [200]: GET /wp-includes/js/dist/date.min.js?ver=795a56839718d3ff7eae
[Mon Apr 20 14:19:07 2026] [::1]:57827 Accepted
[Mon Apr 20 14:19:07 2026] [::1]:57826 [200]: GET /wp-includes/js/dist/html-entities.min.js?ver=e8b78b18a162491d5e5f
[Mon Apr 20 14:19:07 2026] [::1]:57828 Accepted
[Mon Apr 20 14:19:07 2026] [::1]:57827 [200]: GET /wp-includes/js/dist/primitives.min.js?ver=0b5dcc337aa7cbf75570
[Mon Apr 20 14:19:07 2026] [::1]:57828 [200]: GET /wp-includes/js/dist/private-apis.min.js?ver=4f465748bda624774139
[Mon Apr 20 14:19:07 2026] [::1]:57826 Closing
[Mon Apr 20 14:19:07 2026] [::1]:57827 Closing
[Mon Apr 20 14:19:07 2026] [::1]:57828 Closing
[Mon Apr 20 14:19:07 2026] [::1]:57825 Closing
[Mon Apr 20 14:19:07 2026] [::1]:57829 Accepted
[Mon Apr 20 14:19:07 2026] [::1]:57830 Accepted
[Mon Apr 20 14:19:07 2026] [::1]:57829 [200]: GET /wp-includes/js/dist/redux-routine.min.js?ver=8bb92d45458b29590f53
[Mon Apr 20 14:19:07 2026] [::1]:57829 Closing
[Mon Apr 20 14:19:07 2026] [::1]:57830 [200]: GET /wp-includes/js/dist/data.min.js?ver=f940198280891b0b6318
[Mon Apr 20 14:19:07 2026] [::1]:57830 Closing
[Mon Apr 20 14:19:07 2026] [::1]:57831 Accepted
[Mon Apr 20 14:19:07 2026] [::1]:57832 Accepted
[Mon Apr 20 14:19:07 2026] [::1]:57831 [200]: GET /wp-includes/js/dist/rich-text.min.js?ver=5bdbb44f3039529e3645
[Mon Apr 20 14:19:07 2026] [::1]:57832 [200]: GET /wp-includes/js/dist/warning.min.js?ver=d69bc18c456d01c11d5a
[Mon Apr 20 14:19:07 2026] [::1]:57833 Accepted
[Mon Apr 20 14:19:07 2026] [::1]:57831 Closing
[Mon Apr 20 14:19:07 2026] [::1]:57832 Closing
[Mon Apr 20 14:19:07 2026] [::1]:57833 [200]: GET /wp-includes/js/dist/components.min.js?ver=0d72a218dfea8f6f442f
[Mon Apr 20 14:19:07 2026] [::1]:57834 Accepted
[Mon Apr 20 14:19:07 2026] [::1]:57835 Accepted
[Mon Apr 20 14:19:07 2026] [::1]:57836 Accepted
[Mon Apr 20 14:19:07 2026] [::1]:57834 [200]: GET /wp-includes/js/dist/keyboard-shortcuts.min.js?ver=fbc45a34ce65c5723afa
[Mon Apr 20 14:19:07 2026] [::1]:57835 [200]: GET /wp-includes/js/dist/commands.min.js?ver=cac8f4817ab7cea0ac49
[Mon Apr 20 14:19:07 2026] [::1]:57836 [200]: GET /wp-includes/js/dist/url.min.js?ver=9e178c9516d1222dc834
[Mon Apr 20 14:19:07 2026] [::1]:57837 Accepted
[Mon Apr 20 14:19:07 2026] [::1]:57838 Accepted
[Mon Apr 20 14:19:07 2026] [::1]:57834 Closing
[Mon Apr 20 14:19:07 2026] [::1]:57837 [200]: GET /wp-includes/js/dist/api-fetch.min.js?ver=3a4d9af2b423048b0dee
[Mon Apr 20 14:19:07 2026] [::1]:57835 Closing
[Mon Apr 20 14:19:07 2026] [::1]:57836 Closing
[Mon Apr 20 14:19:07 2026] [::1]:57833 Closing
[Mon Apr 20 14:19:07 2026] [::1]:57837 Closing
[Mon Apr 20 14:19:07 2026] [::1]:57838 [200]: GET /wp-includes/js/dist/blob.min.js?ver=9113eed771d446f4a556
[Mon Apr 20 14:19:07 2026] [::1]:57838 Closing
[Mon Apr 20 14:19:07 2026] [::1]:57839 Accepted
[Mon Apr 20 14:19:07 2026] [::1]:57839 [200]: GET /wp-includes/js/dist/block-serialization-default-parser.min.js?ver=14d44daebf663d05d330
[Mon Apr 20 14:19:07 2026] [::1]:57839 Closing
[Mon Apr 20 14:19:07 2026] [::1]:57840 Accepted
[Mon Apr 20 14:19:07 2026] [::1]:57841 Accepted
[Mon Apr 20 14:19:07 2026] [::1]:57842 Accepted
[Mon Apr 20 14:19:07 2026] [::1]:57840 [200]: GET /wp-includes/js/dist/autop.min.js?ver=9fb50649848277dd318d
[Mon Apr 20 14:19:07 2026] [::1]:57843 Accepted
[Mon Apr 20 14:19:07 2026] [::1]:57841 [200]: GET /wp-includes/js/dist/shortcode.min.js?ver=0b3174183b858f2df320
[Mon Apr 20 14:19:07 2026] [::1]:57842 [200]: GET /wp-includes/js/dist/blocks.min.js?ver=57eca4d23daac7159d88
[Mon Apr 20 14:19:07 2026] [::1]:57840 Closing
[Mon Apr 20 14:19:07 2026] [::1]:57843 [200]: GET /wp-includes/js/dist/notices.min.js?ver=f62fbf15dcc23301922f
[Mon Apr 20 14:19:07 2026] [::1]:57844 Accepted
[Mon Apr 20 14:19:07 2026] [::1]:57841 Closing
[Mon Apr 20 14:19:07 2026] [::1]:57842 Closing
[Mon Apr 20 14:19:07 2026] [::1]:57844 [200]: GET /wp-includes/js/dist/preferences-persistence.min.js?ver=e954d3a4426d311f7d1a
[Mon Apr 20 14:19:07 2026] [::1]:57843 Closing
[Mon Apr 20 14:19:07 2026] [::1]:57844 Closing
[Mon Apr 20 14:19:07 2026] [::1]:57845 Accepted
[Mon Apr 20 14:19:07 2026] [::1]:57846 Accepted
[Mon Apr 20 14:19:07 2026] [::1]:57847 Accepted
[Mon Apr 20 14:19:07 2026] [::1]:57845 [200]: GET /wp-includes/js/dist/preferences.min.js?ver=2ca086aed510c242a1ed
[Mon Apr 20 14:19:07 2026] [::1]:57848 Accepted
[Mon Apr 20 14:19:07 2026] [::1]:57846 [200]: GET /wp-includes/js/dist/style-engine.min.js?ver=7c6fcedc37dadafb8a81
[Mon Apr 20 14:19:07 2026] [::1]:57847 [200]: GET /wp-includes/js/dist/token-list.min.js?ver=cfdf635a436c3953a965
[Mon Apr 20 14:19:07 2026] [::1]:57849 Accepted
[Mon Apr 20 14:19:07 2026] [::1]:57848 [200]: GET /wp-includes/js/dist/block-editor.min.js?ver=addf558a422e2ee57920
[Mon Apr 20 14:19:07 2026] [::1]:57850 Accepted
[Mon Apr 20 14:19:07 2026] [::1]:57845 Closing
[Mon Apr 20 14:19:07 2026] [::1]:57849 [200]: GET /wp-includes/js/dist/core-data.min.js?ver=15baadfe6e1374188072
[Mon Apr 20 14:19:07 2026] [::1]:57846 Closing
[Mon Apr 20 14:19:07 2026] [::1]:57847 Closing
[Mon Apr 20 14:19:07 2026] [::1]:57850 [200]: GET /wp-includes/js/dist/router.min.js?ver=2dfc4b954318a03e6a76
[Mon Apr 20 14:19:07 2026] [::1]:57849 Closing
[Mon Apr 20 14:19:07 2026] [::1]:57850 Closing
[Mon Apr 20 14:19:07 2026] [::1]:57848 Closing
[Mon Apr 20 14:19:07 2026] [::1]:57851 Accepted
[Mon Apr 20 14:19:07 2026] [::1]:57851 [200]: GET /wp-includes/js/dist/core-commands.min.js?ver=effe2d88d7f0c50a8ce9
[Mon Apr 20 14:19:07 2026] [::1]:57852 Accepted
[Mon Apr 20 14:19:07 2026] [::1]:57851 Closing
[Mon Apr 20 14:19:07 2026] [::1]:57853 Accepted
[Mon Apr 20 14:19:07 2026] [::1]:57852 [200]: GET /wp-content/plugins/elementor/vendor/elementor/wp-one-package/assets/build/common.js?ver=71fc09ea1a9e23155639
[Mon Apr 20 14:19:07 2026] [::1]:57853 [200]: GET /wp-content/plugins/elementor/assets/js/editor-one-menu.min.js?ver=4.0.2
[Mon Apr 20 14:19:07 2026] [::1]:57852 Closing
[Mon Apr 20 14:19:07 2026] [::1]:57853 Closing
[Mon Apr 20 14:19:07 2026] [::1]:57854 Accepted
[Mon Apr 20 14:19:07 2026] [::1]:57854 [200]: GET /wp-content/plugins/elementor/assets/js/import-export-admin.min.js?ver=4.0.2
[Mon Apr 20 14:19:07 2026] [::1]:57854 Closing
[Mon Apr 20 14:19:07 2026] [::1]:57855 Accepted
[Mon Apr 20 14:19:07 2026] [::1]:57856 Accepted
[Mon Apr 20 14:19:07 2026] [::1]:57855 [200]: GET /wp-content/plugins/elementor/assets/js/import-export-customization-admin.min.js?ver=4.0.2
[Mon Apr 20 14:19:07 2026] [::1]:57855 Closing
[Mon Apr 20 14:19:07 2026] [::1]:57857 Accepted
[Mon Apr 20 14:19:07 2026] [::1]:57856 [200]: GET /wp-content/plugins/elementor/assets/js/admin-modules.min.js?ver=4.0.2
[Mon Apr 20 14:19:07 2026] [::1]:57856 Closing
[Mon Apr 20 14:19:07 2026] [::1]:57857 [200]: GET /wp-content/plugins/elementor/assets/js/admin.min.js?ver=4.0.2
[Mon Apr 20 14:19:07 2026] [::1]:57858 Accepted
[Mon Apr 20 14:19:07 2026] [::1]:57857 Closing
[Mon Apr 20 14:19:07 2026] [::1]:57858 [200]: GET /wp-content/plugins/elementor/assets/js/media-hints.min.js?ver=4.0.2
[Mon Apr 20 14:19:07 2026] [::1]:57858 Closing
[Mon Apr 20 14:19:07 2026] [::1]:57859 Accepted
[Mon Apr 20 14:19:07 2026] [::1]:57859 [200]: GET /wp-includes/js/thickbox/thickbox.js?ver=3.1-20121105
[Mon Apr 20 14:19:07 2026] [::1]:57859 Closing
[Mon Apr 20 14:19:07 2026] [::1]:57860 Accepted
[Mon Apr 20 14:19:07 2026] [::1]:57860 [200]: POST /wp-admin/admin-ajax.php
[Mon Apr 20 14:19:07 2026] [::1]:57860 Closing
[Mon Apr 20 14:19:07 2026] [::1]:57861 Accepted
[Mon Apr 20 14:19:07 2026] [::1]:57861 [200]: GET /wp-includes/js/thickbox/loadingAnimation.gif
[Mon Apr 20 14:19:07 2026] [::1]:57861 Closing
[Mon Apr 20 14:19:17 2026] [::1]:57864 Accepted
[Mon Apr 20 14:19:17 2026] [::1]:57864 [200]: POST /wp-admin/admin-ajax.php
[Mon Apr 20 14:19:17 2026] [::1]:57864 Closing
[Mon Apr 20 14:19:27 2026] [::1]:57874 Accepted
[Mon Apr 20 14:19:27 2026] [::1]:57874 [200]: POST /wp-admin/admin-ajax.php
[Mon Apr 20 14:19:27 2026] [::1]:57874 Closing
[Mon Apr 20 14:19:37 2026] [::1]:57875 Accepted
[Mon Apr 20 14:19:37 2026] [::1]:57875 [200]: POST /wp-admin/admin-ajax.php
[Mon Apr 20 14:19:37 2026] [::1]:57875 Closing
[Mon Apr 20 14:19:47 2026] [::1]:57878 Accepted
[Mon Apr 20 14:19:47 2026] [::1]:57878 [200]: POST /wp-admin/admin-ajax.php
[Mon Apr 20 14:19:47 2026] [::1]:57878 Closing
[Mon Apr 20 14:19:57 2026] [::1]:57880 Accepted
[Mon Apr 20 14:19:57 2026] [::1]:57880 [200]: POST /wp-admin/admin-ajax.php
[Mon Apr 20 14:19:57 2026] [::1]:57880 Closing
[Mon Apr 20 14:20:03 2026] [::1]:57883 Accepted
[Mon Apr 20 14:20:03 2026] [::1]:57883 [200]: GET /wp-admin/post-new.php?post_type=page
[Mon Apr 20 14:20:03 2026] [::1]:57883 Closing
[Mon Apr 20 14:20:03 2026] [::1]:57884 Accepted
[Mon Apr 20 14:20:03 2026] [::1]:57885 Accepted
[Mon Apr 20 14:20:03 2026] [::1]:57884 [200]: GET /wp-includes/js/thickbox/thickbox.css?ver=6.9.4
[Mon Apr 20 14:20:03 2026] [::1]:57886 Accepted
[Mon Apr 20 14:20:03 2026] [::1]:57885 [200]: GET /wp-content/plugins/elementor/vendor/elementor/wp-one-package/assets/build/common.css?ver=1.0.59
[Mon Apr 20 14:20:03 2026] [::1]:57887 Accepted
[Mon Apr 20 14:20:03 2026] [::1]:57886 [200]: GET /wp-content/plugins/elementor/assets/css/modules/editor-one/admin-menu.min.css?ver=4.0.2
[Mon Apr 20 14:20:03 2026] [::1]:57888 Accepted
[Mon Apr 20 14:20:03 2026] [::1]:57884 Closing
[Mon Apr 20 14:20:03 2026] [::1]:57887 [200]: GET /wp-content/plugins/elementor/assets/lib/eicons/css/elementor-icons.min.css?ver=5.48.0
[Mon Apr 20 14:20:03 2026] [::1]:57889 Accepted
[Mon Apr 20 14:20:03 2026] [::1]:57885 Closing
[Mon Apr 20 14:20:03 2026] [::1]:57888 [200]: GET /wp-content/plugins/elementor/assets/css/common.min.css?ver=4.0.2
[Mon Apr 20 14:20:03 2026] [::1]:57890 Accepted
[Mon Apr 20 14:20:03 2026] [::1]:57889 [200]: GET /wp-content/plugins/elementor/assets/css/theme-light.min.css?ver=4.0.2
[Mon Apr 20 14:20:03 2026] [::1]:57886 Closing
[Mon Apr 20 14:20:03 2026] [::1]:57891 Accepted
[Mon Apr 20 14:20:03 2026] [::1]:57890 [200]: GET /wp-content/plugins/elementor/assets/css/admin.min.css?ver=4.0.2
[Mon Apr 20 14:20:03 2026] [::1]:57887 Closing
[Mon Apr 20 14:20:03 2026] [::1]:57892 Accepted
[Mon Apr 20 14:20:03 2026] [::1]:57891 [200]: GET /wp-includes/js/imgareaselect/imgareaselect.css?ver=0.9.8
[Mon Apr 20 14:20:03 2026] [::1]:57888 Closing
[Mon Apr 20 14:20:03 2026] [::1]:57893 Accepted
[Mon Apr 20 14:20:03 2026] [::1]:57892 [200]: GET /wp-includes/js/mediaelement/mediaelementplayer-legacy.min.css?ver=4.2.17
[Mon Apr 20 14:20:03 2026] [::1]:57889 Closing
[Mon Apr 20 14:20:03 2026] [::1]:57894 Accepted
[Mon Apr 20 14:20:03 2026] [::1]:57893 [200]: GET /wp-includes/js/mediaelement/wp-mediaelement.min.css?ver=6.9.4
[Mon Apr 20 14:20:03 2026] [::1]:57895 Accepted
[Mon Apr 20 14:20:03 2026] [::1]:57894 [200]: GET /wp-includes/js/dist/i18n.min.js?ver=c26c3dc7bed366793375
[Mon Apr 20 14:20:03 2026] [::1]:57891 Closing
[Mon Apr 20 14:20:03 2026] [::1]:57890 Closing
[Mon Apr 20 14:20:03 2026] [::1]:57892 Closing
[Mon Apr 20 14:20:03 2026] [::1]:57895 [200]: GET /wp-includes/css/editor.min.css?ver=6.9.4
[Mon Apr 20 14:20:03 2026] [::1]:57893 Closing
[Mon Apr 20 14:20:03 2026] [::1]:57894 Closing
[Mon Apr 20 14:20:03 2026] [::1]:57895 Closing
[Mon Apr 20 14:20:03 2026] [::1]:57896 Accepted
[Mon Apr 20 14:20:03 2026] [::1]:57896 [200]: GET /wp-includes/js/dist/a11y.min.js?ver=cb460b4676c94bd228ed
[Mon Apr 20 14:20:03 2026] [::1]:57896 Closing
[Mon Apr 20 14:20:04 2026] [::1]:57897 Accepted
[Mon Apr 20 14:20:04 2026] [::1]:57897 [200]: GET /wp-admin/js/common.min.js?ver=6.9.4
[Mon Apr 20 14:20:04 2026] [::1]:57897 Closing
[Mon Apr 20 14:20:04 2026] [::1]:57898 Accepted
[Mon Apr 20 14:20:04 2026] [::1]:57898 [200]: GET /wp-includes/js/hoverintent-js.min.js?ver=2.2.1
[Mon Apr 20 14:20:04 2026] [::1]:57899 Accepted
[Mon Apr 20 14:20:04 2026] [::1]:57900 Accepted
[Mon Apr 20 14:20:04 2026] [::1]:57898 Closing
[Mon Apr 20 14:20:04 2026] [::1]:57899 [200]: GET /wp-includes/js/admin-bar.min.js?ver=6.9.4
[Mon Apr 20 14:20:04 2026] [::1]:57900 [200]: GET /wp-includes/js/heartbeat.min.js?ver=6.9.4
[Mon Apr 20 14:20:04 2026] [::1]:57901 Accepted
[Mon Apr 20 14:20:04 2026] [::1]:57899 Closing
[Mon Apr 20 14:20:04 2026] [::1]:57902 Accepted
[Mon Apr 20 14:20:04 2026] [::1]:57900 Closing
[Mon Apr 20 14:20:04 2026] [::1]:57901 [200]: GET /wp-includes/js/jquery/suggest.min.js?ver=1.1-20110113
[Mon Apr 20 14:20:04 2026] [::1]:57902 [200]: GET /wp-includes/js/autosave.min.js?ver=6.9.4
[Mon Apr 20 14:20:04 2026] [::1]:57903 Accepted
[Mon Apr 20 14:20:04 2026] [::1]:57903 [200]: GET /wp-admin/images/spinner-2x.gif
[Mon Apr 20 14:20:04 2026] [::1]:57901 Closing
[Mon Apr 20 14:20:04 2026] [::1]:57902 Closing
[Mon Apr 20 14:20:04 2026] [::1]:57903 Closing
[Mon Apr 20 14:20:04 2026] [::1]:57904 Accepted
[Mon Apr 20 14:20:04 2026] [::1]:57905 Accepted
[Mon Apr 20 14:20:04 2026] [::1]:57906 Accepted
[Mon Apr 20 14:20:04 2026] [::1]:57904 [200]: GET /wp-includes/js/wp-ajax-response.min.js?ver=6.9.4
[Mon Apr 20 14:20:04 2026] [::1]:57905 [200]: GET /wp-includes/js/jquery/jquery.color.min.js?ver=3.0.0
[Mon Apr 20 14:20:04 2026] [::1]:57904 Closing
[Mon Apr 20 14:20:04 2026] [::1]:57905 Closing
[Mon Apr 20 14:20:04 2026] [::1]:57906 [200]: GET /wp-includes/js/wp-lists.min.js?ver=6.9.4
[Mon Apr 20 14:20:04 2026] [::1]:57906 Closing
[Mon Apr 20 14:20:04 2026] [::1]:57907 Accepted
[Mon Apr 20 14:20:04 2026] [::1]:57907 [200]: GET /wp-includes/js/jquery/ui/core.min.js?ver=1.13.3
[Mon Apr 20 14:20:04 2026] [::1]:57908 Accepted
[Mon Apr 20 14:20:04 2026] [::1]:57907 Closing
[Mon Apr 20 14:20:04 2026] [::1]:57909 Accepted
[Mon Apr 20 14:20:04 2026] [::1]:57908 [200]: GET /wp-includes/js/jquery/ui/mouse.min.js?ver=1.13.3
[Mon Apr 20 14:20:04 2026] [::1]:57909 [200]: GET /wp-includes/js/jquery/ui/sortable.min.js?ver=1.13.3
[Mon Apr 20 14:20:04 2026] [::1]:57910 Accepted
[Mon Apr 20 14:20:04 2026] [::1]:57908 Closing
[Mon Apr 20 14:20:04 2026] [::1]:57909 Closing
[Mon Apr 20 14:20:04 2026] [::1]:57910 [200]: GET /wp-admin/js/postbox.min.js?ver=6.9.4
[Mon Apr 20 14:20:04 2026] [::1]:57911 Accepted
[Mon Apr 20 14:20:04 2026] [::1]:57910 Closing
[Mon Apr 20 14:20:04 2026] [::1]:57912 Accepted
[Mon Apr 20 14:20:04 2026] [::1]:57911 [200]: GET /wp-content/plugins/elementor/assets/lib/eicons/fonts/eicons.woff2?5.48.0
[Mon Apr 20 14:20:04 2026] [::1]:57912 [200]: GET /wp-includes/js/jquery/ui/menu.min.js?ver=1.13.3
[Mon Apr 20 14:20:04 2026] [::1]:57911 Closing
[Mon Apr 20 14:20:04 2026] [::1]:57912 Closing
[Mon Apr 20 14:20:04 2026] [::1]:57913 Accepted
[Mon Apr 20 14:20:04 2026] [::1]:57913 [200]: GET /wp-includes/js/jquery/ui/autocomplete.min.js?ver=1.13.3
[Mon Apr 20 14:20:04 2026] [::1]:57914 Accepted
[Mon Apr 20 14:20:04 2026] [::1]:57913 Closing
[Mon Apr 20 14:20:04 2026] [::1]:57914 [200]: GET /wp-admin/js/tags-suggest.min.js?ver=6.9.4
[Mon Apr 20 14:20:04 2026] [::1]:57915 Accepted
[Mon Apr 20 14:20:04 2026] [::1]:57914 Closing
[Mon Apr 20 14:20:04 2026] [::1]:57916 Accepted
[Mon Apr 20 14:20:04 2026] [::1]:57915 [200]: GET /wp-admin/js/tags-box.min.js?ver=6.9.4
[Mon Apr 20 14:20:04 2026] [::1]:57916 [200]: GET /wp-includes/js/underscore.min.js?ver=1.13.7
[Mon Apr 20 14:20:04 2026] [::1]:57915 Closing
[Mon Apr 20 14:20:04 2026] [::1]:57917 Accepted
[Mon Apr 20 14:20:04 2026] [::1]:57916 Closing
[Mon Apr 20 14:20:04 2026] [::1]:57918 Accepted
[Mon Apr 20 14:20:04 2026] [::1]:57919 Accepted
[Mon Apr 20 14:20:04 2026] [::1]:57917 [200]: GET /wp-admin/js/word-count.min.js?ver=6.9.4
[Mon Apr 20 14:20:04 2026] [::1]:57918 [200]: GET /wp-includes/js/wp-sanitize.min.js?ver=6.9.4
[Mon Apr 20 14:20:04 2026] [::1]:57919 [200]: GET /wp-includes/js/clipboard.min.js?ver=2.0.11
[Mon Apr 20 14:20:04 2026] [::1]:57920 Accepted
[Mon Apr 20 14:20:04 2026] [::1]:57917 Closing
[Mon Apr 20 14:20:04 2026] [::1]:57920 [200]: GET /wp-admin/js/post.min.js?ver=6.9.4
[Mon Apr 20 14:20:04 2026] [::1]:57918 Closing
[Mon Apr 20 14:20:04 2026] [::1]:57919 Closing
[Mon Apr 20 14:20:04 2026] [::1]:57920 Closing
[Mon Apr 20 14:20:04 2026] [::1]:57921 Accepted
[Mon Apr 20 14:20:04 2026] [::1]:57922 Accepted
[Mon Apr 20 14:20:04 2026] [::1]:57921 [200]: GET /wp-includes/js/thickbox/thickbox.js?ver=3.1-20121105
[Mon Apr 20 14:20:04 2026] [::1]:57922 [200]: GET /wp-includes/js/shortcode.min.js?ver=6.9.4
[Mon Apr 20 14:20:04 2026] [::1]:57923 Accepted
[Mon Apr 20 14:20:04 2026] [::1]:57924 Accepted
[Mon Apr 20 14:20:04 2026] [::1]:57921 Closing
[Mon Apr 20 14:20:04 2026] [::1]:57925 Accepted
[Mon Apr 20 14:20:04 2026] [::1]:57922 Closing
[Mon Apr 20 14:20:04 2026] [::1]:57923 [200]: GET /wp-admin/js/editor-expand.min.js?ver=6.9.4
[Mon Apr 20 14:20:04 2026] [::1]:57925 [200]: GET /wp-includes/js/wp-util.min.js?ver=6.9.4
[Mon Apr 20 14:20:04 2026] [::1]:57924 [200]: GET /wp-includes/js/backbone.min.js?ver=1.6.0
[Mon Apr 20 14:20:04 2026] [::1]:57923 Closing
[Mon Apr 20 14:20:04 2026] [::1]:57925 Closing
[Mon Apr 20 14:20:04 2026] [::1]:57924 Closing
[Mon Apr 20 14:20:04 2026] [::1]:57926 Accepted
[Mon Apr 20 14:20:04 2026] [::1]:57926 [200]: GET /wp-includes/js/wp-backbone.min.js?ver=6.9.4
[Mon Apr 20 14:20:04 2026] [::1]:57927 Accepted
[Mon Apr 20 14:20:04 2026] [::1]:57926 Closing
[Mon Apr 20 14:20:04 2026] [::1]:57927 [200]: GET /wp-includes/js/media-models.min.js?ver=6.9.4
[Mon Apr 20 14:20:04 2026] [::1]:57927 Closing
[Mon Apr 20 14:20:04 2026] [::1]:57928 Accepted
[Mon Apr 20 14:20:04 2026] [::1]:57929 Accepted
[Mon Apr 20 14:20:04 2026] [::1]:57930 Accepted
[Mon Apr 20 14:20:04 2026] [::1]:57928 [200]: GET /wp-includes/js/plupload/wp-plupload.min.js?ver=6.9.4
[Mon Apr 20 14:20:04 2026] [::1]:57931 Accepted
[Mon Apr 20 14:20:04 2026] [::1]:57929 [200]: GET /wp-includes/js/mediaelement/mediaelement-and-player.min.js?ver=4.2.17
[Mon Apr 20 14:20:04 2026] [::1]:57932 Accepted
[Mon Apr 20 14:20:04 2026] [::1]:57930 [200]: GET /wp-includes/js/mediaelement/mediaelement-migrate.min.js?ver=6.9.4
[Mon Apr 20 14:20:04 2026] [::1]:57928 Closing
[Mon Apr 20 14:20:04 2026] [::1]:57931 [200]: GET /wp-includes/js/mediaelement/wp-mediaelement.min.js?ver=6.9.4
[Mon Apr 20 14:20:04 2026] [::1]:57932 [200]: GET /wp-includes/js/api-request.min.js?ver=6.9.4
[Mon Apr 20 14:20:04 2026] [::1]:57929 Closing
[Mon Apr 20 14:20:04 2026] [::1]:57930 Closing
[Mon Apr 20 14:20:04 2026] [::1]:57931 Closing
[Mon Apr 20 14:20:04 2026] [::1]:57932 Closing
[Mon Apr 20 14:20:04 2026] [::1]:57933 Accepted
[Mon Apr 20 14:20:04 2026] [::1]:57934 Accepted
[Mon Apr 20 14:20:04 2026] [::1]:57933 [200]: GET /wp-includes/js/media-views.min.js?ver=6.9.4
[Mon Apr 20 14:20:04 2026] [::1]:57934 [200]: GET /wp-includes/js/media-editor.min.js?ver=6.9.4
[Mon Apr 20 14:20:04 2026] [::1]:57933 Closing
[Mon Apr 20 14:20:04 2026] [::1]:57935 Accepted
[Mon Apr 20 14:20:04 2026] [::1]:57934 Closing
[Mon Apr 20 14:20:04 2026] [::1]:57935 [200]: GET /wp-includes/js/imgareaselect/jquery.imgareaselect.min.js?ver=6.9.4
[Mon Apr 20 14:20:04 2026] [::1]:57936 Accepted
[Mon Apr 20 14:20:04 2026] [::1]:57937 Accepted
[Mon Apr 20 14:20:04 2026] [::1]:57938 Accepted
[Mon Apr 20 14:20:04 2026] [::1]:57935 Closing
[Mon Apr 20 14:20:04 2026] [::1]:57936 [200]: GET /wp-includes/js/media-audiovideo.min.js?ver=6.9.4
[Mon Apr 20 14:20:04 2026] [::1]:57937 [200]: GET /wp-includes/js/mce-view.min.js?ver=6.9.4
[Mon Apr 20 14:20:04 2026] [::1]:57939 Accepted
[Mon Apr 20 14:20:04 2026] [::1]:57936 Closing
[Mon Apr 20 14:20:04 2026] [::1]:57937 Closing
[Mon Apr 20 14:20:04 2026] [::1]:57938 [200]: GET /wp-admin/js/image-edit.min.js?ver=6.9.4
[Mon Apr 20 14:20:04 2026] [::1]:57940 Accepted
[Mon Apr 20 14:20:04 2026] [::1]:57939 [200]: GET /wp-includes/js/dist/vendor/react.min.js?ver=18.3.1.1
[Mon Apr 20 14:20:04 2026] [::1]:57940 [200]: GET /wp-includes/js/dist/vendor/react-dom.min.js?ver=18.3.1.1
[Mon Apr 20 14:20:04 2026] [::1]:57938 Closing
[Mon Apr 20 14:20:04 2026] [::1]:57939 Closing
[Mon Apr 20 14:20:04 2026] [::1]:57940 Closing
[Mon Apr 20 14:20:04 2026] [::1]:57941 Accepted
[Mon Apr 20 14:20:04 2026] [::1]:57941 [200]: GET /wp-content/plugins/elementor/assets/js/packages/ui/ui.min.js?ver=4.0.2
[Mon Apr 20 14:20:04 2026] [::1]:57942 Accepted
[Mon Apr 20 14:20:04 2026] [::1]:57943 Accepted
[Mon Apr 20 14:20:04 2026] [::1]:57942 [200]: GET /wp-content/plugins/elementor/assets/js/packages/icons/icons.min.js?ver=4.0.2
[Mon Apr 20 14:20:04 2026] [::1]:57944 Accepted
[Mon Apr 20 14:20:04 2026] [::1]:57943 [200]: GET /wp-includes/js/media-grid.min.js?ver=6.9.4
[Mon Apr 20 14:20:04 2026] [::1]:57945 Accepted
[Mon Apr 20 14:20:04 2026] [::1]:57944 [200]: GET /wp-content/plugins/elementor/assets/js/ai-media-library.min.js?ver=4.0.2
[Mon Apr 20 14:20:04 2026] [::1]:57946 Accepted
[Mon Apr 20 14:20:04 2026] [::1]:57945 [200]: GET /wp-admin/js/svg-painter.js?ver=6.9.4
[Mon Apr 20 14:20:04 2026] [::1]:57947 Accepted
[Mon Apr 20 14:20:04 2026] [::1]:57943 Closing
[Mon Apr 20 14:20:04 2026] [::1]:57946 [200]: GET /wp-includes/js/jquery/ui/draggable.min.js?ver=1.13.3
[Mon Apr 20 14:20:04 2026] [::1]:57941 Closing
[Mon Apr 20 14:20:04 2026] [::1]:57947 [200]: GET /wp-content/plugins/elementor/assets/lib/backbone/backbone.marionette.min.js?ver=2.4.5.e1
[Mon Apr 20 14:20:04 2026] [::1]:57942 Closing
[Mon Apr 20 14:20:04 2026] [::1]:57945 Closing
[Mon Apr 20 14:20:04 2026] [::1]:57948 Accepted
[Mon Apr 20 14:20:04 2026] [::1]:57946 Closing
[Mon Apr 20 14:20:04 2026] [::1]:57949 Accepted
[Mon Apr 20 14:20:04 2026] [::1]:57948 [200]: GET /wp-content/plugins/elementor/assets/lib/backbone/backbone.radio.min.js?ver=1.0.4
[Mon Apr 20 14:20:04 2026] [::1]:57947 Closing
[Mon Apr 20 14:20:04 2026] [::1]:57949 [200]: GET /wp-content/plugins/elementor/assets/js/common-modules.min.js?ver=4.0.2
[Mon Apr 20 14:20:04 2026] [::1]:57944 Closing
[Mon Apr 20 14:20:04 2026] [::1]:57950 Accepted
[Mon Apr 20 14:20:04 2026] [::1]:57948 Closing
[Mon Apr 20 14:20:04 2026] [::1]:57951 Accepted
[Mon Apr 20 14:20:04 2026] [::1]:57949 Closing
[Mon Apr 20 14:20:04 2026] [::1]:57950 [200]: GET /wp-content/plugins/elementor/assets/js/web-cli.min.js?ver=4.0.2
[Mon Apr 20 14:20:04 2026] [::1]:57951 [200]: GET /wp-content/plugins/elementor/assets/lib/dialog/dialog.min.js?ver=4.9.0
[Mon Apr 20 14:20:04 2026] [::1]:57952 Accepted
[Mon Apr 20 14:20:04 2026] [::1]:57953 Accepted
[Mon Apr 20 14:20:04 2026] [::1]:57952 [200]: GET /wp-content/plugins/elementor/assets/js/dev-tools.min.js?ver=4.0.2
[Mon Apr 20 14:20:04 2026] [::1]:57954 Accepted
[Mon Apr 20 14:20:04 2026] [::1]:57951 Closing
[Mon Apr 20 14:20:04 2026] [::1]:57950 Closing
[Mon Apr 20 14:20:04 2026] [::1]:57953 [200]: GET /wp-content/plugins/elementor/assets/js/common.min.js?ver=4.0.2
[Mon Apr 20 14:20:04 2026] [::1]:57955 Accepted
[Mon Apr 20 14:20:04 2026] [::1]:57954 [200]: GET /wp-content/plugins/elementor/assets/js/app-loader.min.js?ver=4.0.2
[Mon Apr 20 14:20:04 2026] [::1]:57956 Accepted
[Mon Apr 20 14:20:04 2026] [::1]:57955 [200]: GET /wp-includes/js/wp-auth-check.min.js?ver=6.9.4
[Mon Apr 20 14:20:04 2026] [::1]:57952 Closing
[Mon Apr 20 14:20:04 2026] [::1]:57957 Accepted
[Mon Apr 20 14:20:04 2026] [::1]:57956 [200]: GET /wp-includes/js/dist/vendor/react-jsx-runtime.min.js?ver=18.3.1
[Mon Apr 20 14:20:04 2026] [::1]:57958 Accepted
[Mon Apr 20 14:20:04 2026] [::1]:57957 [200]: GET /wp-includes/js/dist/deprecated.min.js?ver=e1f84915c5e8ae38964c
[Mon Apr 20 14:20:04 2026] [::1]:57954 Closing
[Mon Apr 20 14:20:04 2026] [::1]:57955 Closing
[Mon Apr 20 14:20:04 2026] [::1]:57958 [200]: GET /wp-includes/js/dist/dom.min.js?ver=26edef3be6483da3de2e
[Mon Apr 20 14:20:04 2026] [::1]:57959 Accepted
[Mon Apr 20 14:20:04 2026] [::1]:57956 Closing
[Mon Apr 20 14:20:04 2026] [::1]:57960 Accepted
[Mon Apr 20 14:20:04 2026] [::1]:57959 [200]: GET /wp-includes/js/dist/escape-html.min.js?ver=6561a406d2d232a6fbd2
[Mon Apr 20 14:20:04 2026] [::1]:57957 Closing
[Mon Apr 20 14:20:04 2026] [::1]:57953 Closing
[Mon Apr 20 14:20:04 2026] [::1]:57960 [200]: GET /wp-includes/js/dist/element.min.js?ver=6a582b0c827fa25df3dd
[Mon Apr 20 14:20:04 2026] [::1]:57958 Closing
[Mon Apr 20 14:20:04 2026] [::1]:57961 Accepted
[Mon Apr 20 14:20:04 2026] [::1]:57959 Closing
[Mon Apr 20 14:20:04 2026] [::1]:57961 [200]: GET /wp-includes/js/dist/is-shallow-equal.min.js?ver=e0f9f1d78d83f5196979
[Mon Apr 20 14:20:04 2026] [::1]:57960 Closing
[Mon Apr 20 14:20:04 2026] [::1]:57962 Accepted
[Mon Apr 20 14:20:04 2026] [::1]:57961 Closing
[Mon Apr 20 14:20:04 2026] [::1]:57962 [200]: GET /wp-includes/js/dist/keycodes.min.js?ver=34c8fb5e7a594a1c8037
[Mon Apr 20 14:20:04 2026] [::1]:57963 Accepted
[Mon Apr 20 14:20:04 2026] [::1]:57962 Closing
[Mon Apr 20 14:20:04 2026] [::1]:57964 Accepted
[Mon Apr 20 14:20:04 2026] [::1]:57963 [200]: GET /wp-includes/js/dist/priority-queue.min.js?ver=2d59d091223ee9a33838
[Mon Apr 20 14:20:04 2026] [::1]:57965 Accepted
[Mon Apr 20 14:20:04 2026] [::1]:57964 [200]: GET /wp-includes/js/dist/compose.min.js?ver=7a9b375d8c19cf9d3d9b
[Mon Apr 20 14:20:04 2026] [::1]:57963 Closing
[Mon Apr 20 14:20:04 2026] [::1]:57966 Accepted
[Mon Apr 20 14:20:04 2026] [::1]:57965 [200]: GET /wp-includes/js/dist/vendor/moment.min.js?ver=2.30.1
[Mon Apr 20 14:20:04 2026] [::1]:57964 Closing
[Mon Apr 20 14:20:04 2026] [::1]:57966 [200]: GET /wp-includes/js/dist/date.min.js?ver=795a56839718d3ff7eae
[Mon Apr 20 14:20:04 2026] [::1]:57967 Accepted
[Mon Apr 20 14:20:04 2026] [::1]:57965 Closing
[Mon Apr 20 14:20:04 2026] [::1]:57968 Accepted
[Mon Apr 20 14:20:04 2026] [::1]:57967 [200]: GET /wp-includes/js/dist/html-entities.min.js?ver=e8b78b18a162491d5e5f
[Mon Apr 20 14:20:04 2026] [::1]:57968 [200]: GET /wp-includes/js/dist/primitives.min.js?ver=0b5dcc337aa7cbf75570
[Mon Apr 20 14:20:04 2026] [::1]:57969 Accepted
[Mon Apr 20 14:20:04 2026] [::1]:57967 Closing
[Mon Apr 20 14:20:04 2026] [::1]:57970 Accepted
[Mon Apr 20 14:20:04 2026] [::1]:57968 Closing
[Mon Apr 20 14:20:04 2026] [::1]:57969 [200]: GET /wp-includes/js/dist/private-apis.min.js?ver=4f465748bda624774139
[Mon Apr 20 14:20:04 2026] [::1]:57971 Accepted
[Mon Apr 20 14:20:04 2026] [::1]:57966 Closing
[Mon Apr 20 14:20:04 2026] [::1]:57970 [200]: GET /wp-includes/js/dist/redux-routine.min.js?ver=8bb92d45458b29590f53
[Mon Apr 20 14:20:04 2026] [::1]:57971 [200]: GET /wp-includes/js/dist/data.min.js?ver=f940198280891b0b6318
[Mon Apr 20 14:20:04 2026] [::1]:57969 Closing
[Mon Apr 20 14:20:04 2026] [::1]:57972 Accepted
[Mon Apr 20 14:20:04 2026] [::1]:57970 Closing
[Mon Apr 20 14:20:04 2026] [::1]:57971 Closing
[Mon Apr 20 14:20:04 2026] [::1]:57972 [200]: GET /wp-includes/js/dist/rich-text.min.js?ver=5bdbb44f3039529e3645
[Mon Apr 20 14:20:04 2026] [::1]:57972 Closing
[Mon Apr 20 14:20:04 2026] [::1]:57973 Accepted
[Mon Apr 20 14:20:04 2026] [::1]:57974 Accepted
[Mon Apr 20 14:20:04 2026] [::1]:57973 [200]: GET /wp-includes/js/dist/warning.min.js?ver=d69bc18c456d01c11d5a
[Mon Apr 20 14:20:04 2026] [::1]:57973 Closing
[Mon Apr 20 14:20:04 2026] [::1]:57974 [200]: GET /wp-includes/js/dist/components.min.js?ver=0d72a218dfea8f6f442f
[Mon Apr 20 14:20:04 2026] [::1]:57975 Accepted
[Mon Apr 20 14:20:04 2026] [::1]:57976 Accepted
[Mon Apr 20 14:20:04 2026] [::1]:57975 [200]: GET /wp-includes/js/dist/keyboard-shortcuts.min.js?ver=fbc45a34ce65c5723afa
[Mon Apr 20 14:20:04 2026] [::1]:57977 Accepted
[Mon Apr 20 14:20:04 2026] [::1]:57976 [200]: GET /wp-includes/js/dist/commands.min.js?ver=cac8f4817ab7cea0ac49
[Mon Apr 20 14:20:04 2026] [::1]:57978 Accepted
[Mon Apr 20 14:20:04 2026] [::1]:57977 [200]: GET /wp-includes/js/dist/url.min.js?ver=9e178c9516d1222dc834
[Mon Apr 20 14:20:04 2026] [::1]:57979 Accepted
[Mon Apr 20 14:20:04 2026] [::1]:57975 Closing
[Mon Apr 20 14:20:04 2026] [::1]:57978 [200]: GET /wp-includes/js/dist/api-fetch.min.js?ver=3a4d9af2b423048b0dee
[Mon Apr 20 14:20:04 2026] [::1]:57980 Accepted
[Mon Apr 20 14:20:04 2026] [::1]:57976 Closing
[Mon Apr 20 14:20:04 2026] [::1]:57979 [200]: GET /wp-includes/js/dist/blob.min.js?ver=9113eed771d446f4a556
[Mon Apr 20 14:20:04 2026] [::1]:57980 [200]: GET /wp-includes/js/dist/block-serialization-default-parser.min.js?ver=14d44daebf663d05d330
[Mon Apr 20 14:20:04 2026] [::1]:57977 Closing
[Mon Apr 20 14:20:04 2026] [::1]:57981 Accepted
[Mon Apr 20 14:20:04 2026] [::1]:57974 Closing
[Mon Apr 20 14:20:04 2026] [::1]:57978 Closing
[Mon Apr 20 14:20:04 2026] [::1]:57981 [200]: GET /wp-includes/js/dist/autop.min.js?ver=9fb50649848277dd318d
[Mon Apr 20 14:20:04 2026] [::1]:57979 Closing
[Mon Apr 20 14:20:04 2026] [::1]:57980 Closing
[Mon Apr 20 14:20:04 2026] [::1]:57981 Closing
[Mon Apr 20 14:20:04 2026] [::1]:57982 Accepted
[Mon Apr 20 14:20:04 2026] [::1]:57982 [200]: GET /wp-includes/js/dist/shortcode.min.js?ver=0b3174183b858f2df320
[Mon Apr 20 14:20:04 2026] [::1]:57983 Accepted
[Mon Apr 20 14:20:04 2026] [::1]:57982 Closing
[Mon Apr 20 14:20:04 2026] [::1]:57984 Accepted
[Mon Apr 20 14:20:04 2026] [::1]:57985 Accepted
[Mon Apr 20 14:20:04 2026] [::1]:57984 [200]: GET /wp-includes/js/dist/notices.min.js?ver=f62fbf15dcc23301922f
[Mon Apr 20 14:20:04 2026] [::1]:57983 [200]: GET /wp-includes/js/dist/blocks.min.js?ver=57eca4d23daac7159d88
[Mon Apr 20 14:20:04 2026] [::1]:57986 Accepted
[Mon Apr 20 14:20:04 2026] [::1]:57985 [200]: GET /wp-includes/js/dist/preferences-persistence.min.js?ver=e954d3a4426d311f7d1a
[Mon Apr 20 14:20:04 2026] [::1]:57987 Accepted
[Mon Apr 20 14:20:04 2026] [::1]:57986 [200]: GET /wp-includes/js/dist/preferences.min.js?ver=2ca086aed510c242a1ed
[Mon Apr 20 14:20:04 2026] [::1]:57988 Accepted
[Mon Apr 20 14:20:04 2026] [::1]:57984 Closing
[Mon Apr 20 14:20:04 2026] [::1]:57987 [200]: GET /wp-includes/js/dist/style-engine.min.js?ver=7c6fcedc37dadafb8a81
[Mon Apr 20 14:20:04 2026] [::1]:57985 Closing
[Mon Apr 20 14:20:04 2026] [::1]:57983 Closing
[Mon Apr 20 14:20:04 2026] [::1]:57988 [200]: GET /wp-includes/js/dist/token-list.min.js?ver=cfdf635a436c3953a965
[Mon Apr 20 14:20:04 2026] [::1]:57989 Accepted
[Mon Apr 20 14:20:04 2026] [::1]:57986 Closing
[Mon Apr 20 14:20:04 2026] [::1]:57990 Accepted
[Mon Apr 20 14:20:04 2026] [::1]:57989 [200]: GET /wp-includes/js/dist/block-editor.min.js?ver=addf558a422e2ee57920
[Mon Apr 20 14:20:04 2026] [::1]:57987 Closing
[Mon Apr 20 14:20:04 2026] [::1]:57991 Accepted
[Mon Apr 20 14:20:04 2026] [::1]:57990 [200]: GET /wp-includes/js/dist/core-data.min.js?ver=15baadfe6e1374188072
[Mon Apr 20 14:20:04 2026] [::1]:57988 Closing
[Mon Apr 20 14:20:04 2026] [::1]:57992 Accepted
[Mon Apr 20 14:20:04 2026] [::1]:57991 [200]: GET /wp-includes/js/dist/router.min.js?ver=2dfc4b954318a03e6a76
[Mon Apr 20 14:20:04 2026] [::1]:57993 Accepted
[Mon Apr 20 14:20:04 2026] [::1]:57992 [200]: GET /wp-includes/js/dist/core-commands.min.js?ver=effe2d88d7f0c50a8ce9
[Mon Apr 20 14:20:04 2026] [::1]:57994 Accepted
[Mon Apr 20 14:20:04 2026] [::1]:57990 Closing
[Mon Apr 20 14:20:04 2026] [::1]:57993 [200]: GET /wp-content/plugins/elementor/vendor/elementor/wp-one-package/assets/build/common.js?ver=71fc09ea1a9e23155639
[Mon Apr 20 14:20:04 2026] [::1]:57991 Closing
[Mon Apr 20 14:20:04 2026] [::1]:57994 [200]: GET /wp-content/plugins/elementor/assets/js/editor-one-menu.min.js?ver=4.0.2
[Mon Apr 20 14:20:04 2026] [::1]:57995 Accepted
[Mon Apr 20 14:20:04 2026] [::1]:57992 Closing
[Mon Apr 20 14:20:04 2026] [::1]:57996 Accepted
[Mon Apr 20 14:20:04 2026] [::1]:57995 [200]: GET /wp-content/plugins/elementor/assets/js/import-export-admin.min.js?ver=4.0.2
[Mon Apr 20 14:20:04 2026] [::1]:57993 Closing
[Mon Apr 20 14:20:04 2026] [::1]:57997 Accepted
[Mon Apr 20 14:20:04 2026] [::1]:57996 [200]: GET /wp-content/plugins/elementor/assets/js/import-export-customization-admin.min.js?ver=4.0.2
[Mon Apr 20 14:20:04 2026] [::1]:57994 Closing
[Mon Apr 20 14:20:04 2026] [::1]:57998 Accepted
[Mon Apr 20 14:20:04 2026] [::1]:57989 Closing
[Mon Apr 20 14:20:04 2026] [::1]:57997 [200]: GET /wp-content/plugins/elementor/assets/js/admin-modules.min.js?ver=4.0.2
[Mon Apr 20 14:20:04 2026] [::1]:57999 Accepted
[Mon Apr 20 14:20:04 2026] [::1]:57998 [200]: GET /wp-content/plugins/elementor/assets/js/admin.min.js?ver=4.0.2
[Mon Apr 20 14:20:04 2026] [::1]:57995 Closing
[Mon Apr 20 14:20:04 2026] [::1]:57996 Closing
[Mon Apr 20 14:20:04 2026] [::1]:57999 [200]: GET /wp-content/plugins/elementor/assets/js/media-hints.min.js?ver=4.0.2
[Mon Apr 20 14:20:04 2026] [::1]:58000 Accepted
[Mon Apr 20 14:20:04 2026] [::1]:57997 Closing
[Mon Apr 20 14:20:04 2026] [::1]:58001 Accepted
[Mon Apr 20 14:20:04 2026] [::1]:57998 Closing
[Mon Apr 20 14:20:04 2026] [::1]:58000 [200]: GET /wp-includes/js/quicktags.min.js?ver=6.9.4
[Mon Apr 20 14:20:04 2026] [::1]:58002 Accepted
[Mon Apr 20 14:20:04 2026] [::1]:58001 [200]: GET /wp-admin/js/editor.min.js?ver=6.9.4
[Mon Apr 20 14:20:04 2026] [::1]:57999 Closing
[Mon Apr 20 14:20:04 2026] [::1]:58003 Accepted
[Mon Apr 20 14:20:04 2026] [::1]:58002 [200]: GET /wp-includes/js/wplink.min.js?ver=6.9.4
[Mon Apr 20 14:20:04 2026] [::1]:58003 [200]: GET /wp-admin/js/media-upload.min.js?ver=6.9.4
[Mon Apr 20 14:20:04 2026] [::1]:58000 Closing
[Mon Apr 20 14:20:04 2026] [::1]:58001 Closing
[Mon Apr 20 14:20:04 2026] [::1]:58002 Closing
[Mon Apr 20 14:20:04 2026] [::1]:58003 Closing
[Mon Apr 20 14:20:04 2026] [::1]:58004 Accepted
[Mon Apr 20 14:20:04 2026] [::1]:58004 [200]: GET /wp-includes/js/tinymce/wp-tinymce.js?ver=49110-20250317
[Mon Apr 20 14:20:04 2026] [::1]:58005 Accepted
[Mon Apr 20 14:20:04 2026] [::1]:58005 [200]: GET /wp-includes/js/wp-embed.min.js?ver=6.9.4
[Mon Apr 20 14:20:04 2026] [::1]:58005 Closing
[Mon Apr 20 14:20:04 2026] [::1]:58004 Closing
[Mon Apr 20 14:20:04 2026] [::1]:58006 Accepted
[Mon Apr 20 14:20:04 2026] [::1]:58006 [200]: GET /wp-includes/js/tinymce/skins/lightgray/skin.min.css?wp-mce-49110-20250317
[Mon Apr 20 14:20:04 2026] [::1]:58006 Closing
[Mon Apr 20 14:20:04 2026] [::1]:58007 Accepted
[Mon Apr 20 14:20:04 2026] [::1]:58008 Accepted
[Mon Apr 20 14:20:04 2026] [::1]:58007 [200]: GET /wp-includes/js/tinymce/skins/lightgray/content.min.css?wp-mce-49110-20250317
[Mon Apr 20 14:20:04 2026] [::1]:58009 Accepted
[Mon Apr 20 14:20:04 2026] [::1]:58008 [200]: GET /wp-includes/css/dashicons.min.css?ver=6.9.4&wp-mce-49110-20250317
[Mon Apr 20 14:20:04 2026] [::1]:58009 [200]: GET /wp-includes/js/tinymce/skins/wordpress/wp-content.css?ver=6.9.4&wp-mce-49110-20250317
[Mon Apr 20 14:20:04 2026] [::1]:58007 Closing
[Mon Apr 20 14:20:04 2026] [::1]:58008 Closing
[Mon Apr 20 14:20:04 2026] [::1]:58009 Closing
[Mon Apr 20 14:20:04 2026] [::1]:58010 Accepted
[Mon Apr 20 14:20:04 2026] [::1]:58010 [200]: GET /wp-includes/js/thickbox/loadingAnimation.gif
[Mon Apr 20 14:20:04 2026] [::1]:58010 Closing
[Mon Apr 20 14:20:19 2026] [::1]:58016 Accepted
[Mon Apr 20 14:20:19 2026] [::1]:58017 Accepted
[Mon Apr 20 14:20:20 2026] [::1]:58016 [200]: GET /wp-admin/edit.php?post_type=career
[Mon Apr 20 14:20:20 2026] [::1]:58016 Closing
[Mon Apr 20 14:20:20 2026] [::1]:58017 [200]: POST /wp-admin/admin-ajax.php
[Mon Apr 20 14:20:20 2026] [::1]:58017 Closing
[Mon Apr 20 14:20:26 2026] [::1]:58018 Accepted
[Mon Apr 20 14:20:26 2026] [::1]:58018 [200]: GET /wp-admin/post-new.php?post_type=page
[Mon Apr 20 14:20:26 2026] [::1]:58018 Closing
[Mon Apr 20 14:20:26 2026] [::1]:58019 Accepted
[Mon Apr 20 14:20:26 2026] [::1]:58020 Accepted
[Mon Apr 20 14:20:26 2026] [::1]:58019 [200]: GET /wp-includes/js/thickbox/thickbox.css?ver=6.9.4
[Mon Apr 20 14:20:26 2026] [::1]:58021 Accepted
[Mon Apr 20 14:20:26 2026] [::1]:58020 [200]: GET /wp-includes/js/mediaelement/mediaelementplayer-legacy.min.css?ver=4.2.17
[Mon Apr 20 14:20:26 2026] [::1]:58022 Accepted
[Mon Apr 20 14:20:26 2026] [::1]:58021 [200]: GET /wp-includes/js/mediaelement/wp-mediaelement.min.css?ver=6.9.4
[Mon Apr 20 14:20:26 2026] [::1]:58023 Accepted
[Mon Apr 20 14:20:26 2026] [::1]:58019 Closing
[Mon Apr 20 14:20:26 2026] [::1]:58022 [200]: GET /wp-includes/js/imgareaselect/imgareaselect.css?ver=0.9.8
[Mon Apr 20 14:20:26 2026] [::1]:58024 Accepted
[Mon Apr 20 14:20:26 2026] [::1]:58020 Closing
[Mon Apr 20 14:20:26 2026] [::1]:58023 [200]: GET /wp-content/plugins/elementor/vendor/elementor/wp-one-package/assets/build/common.css?ver=1.0.59
[Mon Apr 20 14:20:26 2026] [::1]:58025 Accepted
[Mon Apr 20 14:20:26 2026] [::1]:58024 [200]: GET /wp-content/plugins/elementor/assets/css/modules/editor-one/admin-menu.min.css?ver=4.0.2
[Mon Apr 20 14:20:26 2026] [::1]:58021 Closing
[Mon Apr 20 14:20:26 2026] [::1]:58026 Accepted
[Mon Apr 20 14:20:26 2026] [::1]:58022 Closing
[Mon Apr 20 14:20:26 2026] [::1]:58023 Closing
[Mon Apr 20 14:20:26 2026] [::1]:58024 Closing
[Mon Apr 20 14:20:26 2026] [::1]:58025 [200]: GET /wp-content/plugins/elementor/assets/lib/eicons/css/elementor-icons.min.css?ver=5.48.0
[Mon Apr 20 14:20:26 2026] [::1]:58025 Closing
[Mon Apr 20 14:20:26 2026] [::1]:58027 Accepted
[Mon Apr 20 14:20:26 2026] [::1]:58026 [200]: GET /wp-content/plugins/elementor/assets/css/common.min.css?ver=4.0.2
[Mon Apr 20 14:20:26 2026] [::1]:58028 Accepted
[Mon Apr 20 14:20:26 2026] [::1]:58026 Closing
[Mon Apr 20 14:20:26 2026] [::1]:58027 [200]: GET /wp-content/plugins/elementor/assets/css/theme-light.min.css?ver=4.0.2
[Mon Apr 20 14:20:26 2026] [::1]:58027 Closing
[Mon Apr 20 14:20:26 2026] [::1]:58028 [200]: GET /wp-content/plugins/elementor/assets/css/admin.min.css?ver=4.0.2
[Mon Apr 20 14:20:26 2026] [::1]:58028 Closing
[Mon Apr 20 14:20:26 2026] [::1]:58029 Accepted
[Mon Apr 20 14:20:26 2026] [::1]:58029 [200]: GET /wp-includes/css/editor.min.css?ver=6.9.4
[Mon Apr 20 14:20:26 2026] [::1]:58030 Accepted
[Mon Apr 20 14:20:26 2026] [::1]:58029 Closing
[Mon Apr 20 14:20:26 2026] [::1]:58030 [200]: GET /wp-includes/js/dist/i18n.min.js?ver=c26c3dc7bed366793375
[Mon Apr 20 14:20:26 2026] [::1]:58030 Closing
[Mon Apr 20 14:20:26 2026] [::1]:58031 Accepted
[Mon Apr 20 14:20:26 2026] [::1]:58032 Accepted
[Mon Apr 20 14:20:26 2026] [::1]:58031 [200]: GET /wp-includes/js/dist/a11y.min.js?ver=cb460b4676c94bd228ed
[Mon Apr 20 14:20:26 2026] [::1]:58032 [200]: GET /wp-admin/js/common.min.js?ver=6.9.4
[Mon Apr 20 14:20:26 2026] [::1]:58031 Closing
[Mon Apr 20 14:20:26 2026] [::1]:58032 Closing
[Mon Apr 20 14:20:26 2026] [::1]:58033 Accepted
[Mon Apr 20 14:20:26 2026] [::1]:58033 [200]: GET /wp-includes/js/hoverintent-js.min.js?ver=2.2.1
[Mon Apr 20 14:20:26 2026] [::1]:58033 Closing
[Mon Apr 20 14:20:26 2026] [::1]:58034 Accepted
[Mon Apr 20 14:20:26 2026] [::1]:58034 [200]: GET /wp-includes/js/admin-bar.min.js?ver=6.9.4
[Mon Apr 20 14:20:26 2026] [::1]:58035 Accepted
[Mon Apr 20 14:20:26 2026] [::1]:58034 Closing
[Mon Apr 20 14:20:26 2026] [::1]:58036 Accepted
[Mon Apr 20 14:20:26 2026] [::1]:58037 Accepted
[Mon Apr 20 14:20:26 2026] [::1]:58035 [200]: GET /wp-includes/js/heartbeat.min.js?ver=6.9.4
[Mon Apr 20 14:20:26 2026] [::1]:58038 Accepted
[Mon Apr 20 14:20:26 2026] [::1]:58036 [200]: GET /wp-includes/js/autosave.min.js?ver=6.9.4
[Mon Apr 20 14:20:26 2026] [::1]:58037 [200]: GET /wp-includes/js/jquery/suggest.min.js?ver=1.1-20110113
[Mon Apr 20 14:20:26 2026] [::1]:58038 [200]: GET /wp-includes/js/wp-ajax-response.min.js?ver=6.9.4
[Mon Apr 20 14:20:26 2026] [::1]:58035 Closing
[Mon Apr 20 14:20:26 2026] [::1]:58036 Closing
[Mon Apr 20 14:20:26 2026] [::1]:58037 Closing
[Mon Apr 20 14:20:26 2026] [::1]:58038 Closing
[Mon Apr 20 14:20:26 2026] [::1]:58039 Accepted
[Mon Apr 20 14:20:26 2026] [::1]:58039 [200]: GET /wp-admin/images/spinner-2x.gif
[Mon Apr 20 14:20:26 2026] [::1]:58039 Closing
[Mon Apr 20 14:20:26 2026] [::1]:58040 Accepted
[Mon Apr 20 14:20:26 2026] [::1]:58040 [200]: GET /wp-includes/js/jquery/jquery.color.min.js?ver=3.0.0
[Mon Apr 20 14:20:26 2026] [::1]:58041 Accepted
[Mon Apr 20 14:20:26 2026] [::1]:58040 Closing
[Mon Apr 20 14:20:26 2026] [::1]:58042 Accepted
[Mon Apr 20 14:20:26 2026] [::1]:58043 Accepted
[Mon Apr 20 14:20:26 2026] [::1]:58041 [200]: GET /wp-includes/js/wp-lists.min.js?ver=6.9.4
[Mon Apr 20 14:20:26 2026] [::1]:58044 Accepted
[Mon Apr 20 14:20:26 2026] [::1]:58042 [200]: GET /wp-includes/js/jquery/ui/core.min.js?ver=1.13.3
[Mon Apr 20 14:20:26 2026] [::1]:58043 [200]: GET /wp-includes/js/jquery/ui/mouse.min.js?ver=1.13.3
[Mon Apr 20 14:20:26 2026] [::1]:58044 [200]: GET /wp-includes/js/jquery/ui/sortable.min.js?ver=1.13.3
[Mon Apr 20 14:20:26 2026] [::1]:58041 Closing
[Mon Apr 20 14:20:26 2026] [::1]:58042 Closing
[Mon Apr 20 14:20:26 2026] [::1]:58043 Closing
[Mon Apr 20 14:20:26 2026] [::1]:58044 Closing
[Mon Apr 20 14:20:26 2026] [::1]:58045 Accepted
[Mon Apr 20 14:20:26 2026] [::1]:58045 [200]: GET /wp-content/plugins/elementor/assets/lib/eicons/fonts/eicons.woff2?5.48.0
[Mon Apr 20 14:20:26 2026] [::1]:58045 Closing
[Mon Apr 20 14:20:26 2026] [::1]:58046 Accepted
[Mon Apr 20 14:20:26 2026] [::1]:58047 Accepted
[Mon Apr 20 14:20:26 2026] [::1]:58046 [200]: GET /wp-admin/js/postbox.min.js?ver=6.9.4
[Mon Apr 20 14:20:26 2026] [::1]:58048 Accepted
[Mon Apr 20 14:20:26 2026] [::1]:58047 [200]: GET /wp-includes/js/jquery/ui/menu.min.js?ver=1.13.3
[Mon Apr 20 14:20:26 2026] [::1]:58049 Accepted
[Mon Apr 20 14:20:26 2026] [::1]:58050 Accepted
[Mon Apr 20 14:20:26 2026] [::1]:58046 Closing
[Mon Apr 20 14:20:26 2026] [::1]:58047 Closing
[Mon Apr 20 14:20:26 2026] [::1]:58048 [200]: GET /wp-includes/js/jquery/ui/autocomplete.min.js?ver=1.13.3
[Mon Apr 20 14:20:26 2026] [::1]:58049 [200]: GET /wp-admin/js/tags-suggest.min.js?ver=6.9.4
[Mon Apr 20 14:20:26 2026] [::1]:58050 [200]: GET /wp-admin/js/tags-box.min.js?ver=6.9.4
[Mon Apr 20 14:20:26 2026] [::1]:58051 Accepted
[Mon Apr 20 14:20:26 2026] [::1]:58048 Closing
[Mon Apr 20 14:20:26 2026] [::1]:58051 [200]: GET /wp-includes/js/underscore.min.js?ver=1.13.7
[Mon Apr 20 14:20:26 2026] [::1]:58049 Closing
[Mon Apr 20 14:20:26 2026] [::1]:58050 Closing
[Mon Apr 20 14:20:26 2026] [::1]:58051 Closing
[Mon Apr 20 14:20:26 2026] [::1]:58052 Accepted
[Mon Apr 20 14:20:26 2026] [::1]:58053 Accepted
[Mon Apr 20 14:20:26 2026] [::1]:58052 [200]: GET /wp-admin/js/word-count.min.js?ver=6.9.4
[Mon Apr 20 14:20:26 2026] [::1]:58054 Accepted
[Mon Apr 20 14:20:26 2026] [::1]:58052 Closing
[Mon Apr 20 14:20:26 2026] [::1]:58053 [200]: GET /wp-includes/js/wp-sanitize.min.js?ver=6.9.4
[Mon Apr 20 14:20:26 2026] [::1]:58053 Closing
[Mon Apr 20 14:20:26 2026] [::1]:58055 Accepted
[Mon Apr 20 14:20:26 2026] [::1]:58054 [200]: GET /wp-includes/js/clipboard.min.js?ver=2.0.11
[Mon Apr 20 14:20:26 2026] [::1]:58056 Accepted
[Mon Apr 20 14:20:26 2026] [::1]:58055 [200]: GET /wp-admin/js/post.min.js?ver=6.9.4
[Mon Apr 20 14:20:26 2026] [::1]:58056 [200]: GET /wp-admin/js/editor-expand.min.js?ver=6.9.4
[Mon Apr 20 14:20:26 2026] [::1]:58054 Closing
[Mon Apr 20 14:20:26 2026] [::1]:58057 Accepted
[Mon Apr 20 14:20:26 2026] [::1]:58055 Closing
[Mon Apr 20 14:20:26 2026] [::1]:58057 [200]: GET /wp-includes/js/thickbox/thickbox.js?ver=3.1-20121105
[Mon Apr 20 14:20:26 2026] [::1]:58056 Closing
[Mon Apr 20 14:20:26 2026] [::1]:58057 Closing
[Mon Apr 20 14:20:26 2026] [::1]:58058 Accepted
[Mon Apr 20 14:20:26 2026] [::1]:58059 Accepted
[Mon Apr 20 14:20:26 2026] [::1]:58058 [200]: GET /wp-includes/js/shortcode.min.js?ver=6.9.4
[Mon Apr 20 14:20:26 2026] [::1]:58060 Accepted
[Mon Apr 20 14:20:26 2026] [::1]:58059 [200]: GET /wp-includes/js/backbone.min.js?ver=1.6.0
[Mon Apr 20 14:20:26 2026] [::1]:58061 Accepted
[Mon Apr 20 14:20:26 2026] [::1]:58060 [200]: GET /wp-includes/js/wp-util.min.js?ver=6.9.4
[Mon Apr 20 14:20:26 2026] [::1]:58062 Accepted
[Mon Apr 20 14:20:26 2026] [::1]:58058 Closing
[Mon Apr 20 14:20:26 2026] [::1]:58059 Closing
[Mon Apr 20 14:20:26 2026] [::1]:58060 Closing
[Mon Apr 20 14:20:26 2026] [::1]:58061 [200]: GET /wp-includes/js/wp-backbone.min.js?ver=6.9.4
[Mon Apr 20 14:20:26 2026] [::1]:58063 Accepted
[Mon Apr 20 14:20:26 2026] [::1]:58062 [200]: GET /wp-includes/js/media-models.min.js?ver=6.9.4
[Mon Apr 20 14:20:26 2026] [::1]:58063 [200]: GET /wp-includes/js/plupload/wp-plupload.min.js?ver=6.9.4
[Mon Apr 20 14:20:26 2026] [::1]:58061 Closing
[Mon Apr 20 14:20:26 2026] [::1]:58062 Closing
[Mon Apr 20 14:20:26 2026] [::1]:58063 Closing
[Mon Apr 20 14:20:26 2026] [::1]:58064 Accepted
[Mon Apr 20 14:20:26 2026] [::1]:58065 Accepted
[Mon Apr 20 14:20:26 2026] [::1]:58064 [200]: GET /wp-includes/js/mediaelement/mediaelement-and-player.min.js?ver=4.2.17
[Mon Apr 20 14:20:26 2026] [::1]:58065 [200]: GET /wp-includes/js/mediaelement/mediaelement-migrate.min.js?ver=6.9.4
[Mon Apr 20 14:20:26 2026] [::1]:58066 Accepted
[Mon Apr 20 14:20:26 2026] [::1]:58067 Accepted
[Mon Apr 20 14:20:26 2026] [::1]:58066 [200]: GET /wp-includes/js/mediaelement/wp-mediaelement.min.js?ver=6.9.4
[Mon Apr 20 14:20:26 2026] [::1]:58068 Accepted
[Mon Apr 20 14:20:26 2026] [::1]:58064 Closing
[Mon Apr 20 14:20:26 2026] [::1]:58065 Closing
[Mon Apr 20 14:20:26 2026] [::1]:58067 [200]: GET /wp-includes/js/api-request.min.js?ver=6.9.4
[Mon Apr 20 14:20:26 2026] [::1]:58069 Accepted
[Mon Apr 20 14:20:26 2026] [::1]:58068 [200]: GET /wp-includes/js/media-views.min.js?ver=6.9.4
[Mon Apr 20 14:20:26 2026] [::1]:58069 [200]: GET /wp-includes/js/media-editor.min.js?ver=6.9.4
[Mon Apr 20 14:20:26 2026] [::1]:58066 Closing
[Mon Apr 20 14:20:26 2026] [::1]:58067 Closing
[Mon Apr 20 14:20:26 2026] [::1]:58068 Closing
[Mon Apr 20 14:20:26 2026] [::1]:58069 Closing
[Mon Apr 20 14:20:26 2026] [::1]:58070 Accepted
[Mon Apr 20 14:20:26 2026] [::1]:58071 Accepted
[Mon Apr 20 14:20:26 2026] [::1]:58070 [200]: GET /wp-includes/js/media-audiovideo.min.js?ver=6.9.4
[Mon Apr 20 14:20:26 2026] [::1]:58070 Closing
[Mon Apr 20 14:20:26 2026] [::1]:58071 [200]: GET /wp-includes/js/mce-view.min.js?ver=6.9.4
[Mon Apr 20 14:20:26 2026] [::1]:58072 Accepted
[Mon Apr 20 14:20:26 2026] [::1]:58071 Closing
[Mon Apr 20 14:20:26 2026] [::1]:58072 [200]: GET /wp-includes/js/imgareaselect/jquery.imgareaselect.min.js?ver=6.9.4
[Mon Apr 20 14:20:26 2026] [::1]:58072 Closing
[Mon Apr 20 14:20:26 2026] [::1]:58073 Accepted
[Mon Apr 20 14:20:26 2026] [::1]:58073 [200]: GET /wp-admin/js/image-edit.min.js?ver=6.9.4
[Mon Apr 20 14:20:26 2026] [::1]:58073 Closing
[Mon Apr 20 14:20:26 2026] [::1]:58074 Accepted
[Mon Apr 20 14:20:26 2026] [::1]:58075 Accepted
[Mon Apr 20 14:20:26 2026] [::1]:58074 [200]: GET /wp-includes/js/dist/vendor/react.min.js?ver=18.3.1.1
[Mon Apr 20 14:20:26 2026] [::1]:58075 [200]: GET /wp-includes/js/dist/vendor/react-dom.min.js?ver=18.3.1.1
[Mon Apr 20 14:20:26 2026] [::1]:58076 Accepted
[Mon Apr 20 14:20:26 2026] [::1]:58074 Closing
[Mon Apr 20 14:20:26 2026] [::1]:58075 Closing
[Mon Apr 20 14:20:26 2026] [::1]:58077 Accepted
[Mon Apr 20 14:20:26 2026] [::1]:58076 [200]: GET /wp-content/plugins/elementor/assets/js/packages/ui/ui.min.js?ver=4.0.2
[Mon Apr 20 14:20:26 2026] [::1]:58078 Accepted
[Mon Apr 20 14:20:26 2026] [::1]:58077 [200]: GET /wp-content/plugins/elementor/assets/js/packages/icons/icons.min.js?ver=4.0.2
[Mon Apr 20 14:20:26 2026] [::1]:58079 Accepted
[Mon Apr 20 14:20:26 2026] [::1]:58078 [200]: GET /wp-includes/js/media-grid.min.js?ver=6.9.4
[Mon Apr 20 14:20:26 2026] [::1]:58079 [200]: GET /wp-content/plugins/elementor/assets/js/ai-media-library.min.js?ver=4.0.2
[Mon Apr 20 14:20:26 2026] [::1]:58078 Closing
[Mon Apr 20 14:20:26 2026] [::1]:58077 Closing
[Mon Apr 20 14:20:26 2026] [::1]:58076 Closing
[Mon Apr 20 14:20:26 2026] [::1]:58080 Accepted
[Mon Apr 20 14:20:26 2026] [::1]:58081 Accepted
[Mon Apr 20 14:20:26 2026] [::1]:58080 [200]: GET /wp-admin/js/svg-painter.js?ver=6.9.4
[Mon Apr 20 14:20:26 2026] [::1]:58081 [200]: GET /wp-includes/js/jquery/ui/draggable.min.js?ver=1.13.3
[Mon Apr 20 14:20:26 2026] [::1]:58080 Closing
[Mon Apr 20 14:20:26 2026] [::1]:58079 Closing
[Mon Apr 20 14:20:26 2026] [::1]:58081 Closing
[Mon Apr 20 14:20:26 2026] [::1]:58082 Accepted
[Mon Apr 20 14:20:26 2026] [::1]:58083 Accepted
[Mon Apr 20 14:20:26 2026] [::1]:58082 [200]: GET /wp-content/plugins/elementor/assets/lib/backbone/backbone.marionette.min.js?ver=2.4.5.e1
[Mon Apr 20 14:20:26 2026] [::1]:58084 Accepted
[Mon Apr 20 14:20:26 2026] [::1]:58083 [200]: GET /wp-content/plugins/elementor/assets/lib/backbone/backbone.radio.min.js?ver=1.0.4
[Mon Apr 20 14:20:26 2026] [::1]:58085 Accepted
[Mon Apr 20 14:20:26 2026] [::1]:58084 [200]: GET /wp-content/plugins/elementor/assets/js/common-modules.min.js?ver=4.0.2
[Mon Apr 20 14:20:26 2026] [::1]:58082 Closing
[Mon Apr 20 14:20:26 2026] [::1]:58085 [200]: GET /wp-content/plugins/elementor/assets/js/web-cli.min.js?ver=4.0.2
[Mon Apr 20 14:20:26 2026] [::1]:58083 Closing
[Mon Apr 20 14:20:26 2026] [::1]:58084 Closing
[Mon Apr 20 14:20:26 2026] [::1]:58085 Closing
[Mon Apr 20 14:20:26 2026] [::1]:58086 Accepted
[Mon Apr 20 14:20:26 2026] [::1]:58087 Accepted
[Mon Apr 20 14:20:26 2026] [::1]:58086 [200]: GET /wp-content/plugins/elementor/assets/lib/dialog/dialog.min.js?ver=4.9.0
[Mon Apr 20 14:20:27 2026] [::1]:58087 [200]: GET /wp-content/plugins/elementor/assets/js/dev-tools.min.js?ver=4.0.2
[Mon Apr 20 14:20:27 2026] [::1]:58088 Accepted
[Mon Apr 20 14:20:27 2026] [::1]:58086 Closing
[Mon Apr 20 14:20:27 2026] [::1]:58087 Closing
[Mon Apr 20 14:20:27 2026] [::1]:58089 Accepted
[Mon Apr 20 14:20:27 2026] [::1]:58088 [200]: GET /wp-content/plugins/elementor/assets/js/common.min.js?ver=4.0.2
[Mon Apr 20 14:20:27 2026] [::1]:58090 Accepted
[Mon Apr 20 14:20:27 2026] [::1]:58089 [200]: GET /wp-content/plugins/elementor/assets/js/app-loader.min.js?ver=4.0.2
[Mon Apr 20 14:20:27 2026] [::1]:58091 Accepted
[Mon Apr 20 14:20:27 2026] [::1]:58090 [200]: GET /wp-includes/js/wp-auth-check.min.js?ver=6.9.4
[Mon Apr 20 14:20:27 2026] [::1]:58091 [200]: GET /wp-includes/js/dist/vendor/react-jsx-runtime.min.js?ver=18.3.1
[Mon Apr 20 14:20:27 2026] [::1]:58089 Closing
[Mon Apr 20 14:20:27 2026] [::1]:58090 Closing
[Mon Apr 20 14:20:27 2026] [::1]:58091 Closing
[Mon Apr 20 14:20:27 2026] [::1]:58088 Closing
[Mon Apr 20 14:20:27 2026] [::1]:58092 Accepted
[Mon Apr 20 14:20:27 2026] [::1]:58093 Accepted
[Mon Apr 20 14:20:27 2026] [::1]:58092 [200]: GET /wp-includes/js/dist/deprecated.min.js?ver=e1f84915c5e8ae38964c
[Mon Apr 20 14:20:27 2026] [::1]:58092 Closing
[Mon Apr 20 14:20:27 2026] [::1]:58093 [200]: GET /wp-includes/js/dist/dom.min.js?ver=26edef3be6483da3de2e
[Mon Apr 20 14:20:27 2026] [::1]:58093 Closing
[Mon Apr 20 14:20:27 2026] [::1]:58094 Accepted
[Mon Apr 20 14:20:27 2026] [::1]:58095 Accepted
[Mon Apr 20 14:20:27 2026] [::1]:58094 [200]: GET /wp-includes/js/dist/escape-html.min.js?ver=6561a406d2d232a6fbd2
[Mon Apr 20 14:20:27 2026] [::1]:58096 Accepted
[Mon Apr 20 14:20:27 2026] [::1]:58094 Closing
[Mon Apr 20 14:20:27 2026] [::1]:58095 [200]: GET /wp-includes/js/dist/element.min.js?ver=6a582b0c827fa25df3dd
[Mon Apr 20 14:20:27 2026] [::1]:58095 Closing
[Mon Apr 20 14:20:27 2026] [::1]:58097 Accepted
[Mon Apr 20 14:20:27 2026] [::1]:58096 [200]: GET /wp-includes/js/dist/is-shallow-equal.min.js?ver=e0f9f1d78d83f5196979
[Mon Apr 20 14:20:27 2026] [::1]:58096 Closing
[Mon Apr 20 14:20:27 2026] [::1]:58098 Accepted
[Mon Apr 20 14:20:27 2026] [::1]:58097 [200]: GET /wp-includes/js/dist/keycodes.min.js?ver=34c8fb5e7a594a1c8037
[Mon Apr 20 14:20:27 2026] [::1]:58097 Closing
[Mon Apr 20 14:20:27 2026] [::1]:58098 [200]: GET /wp-includes/js/dist/priority-queue.min.js?ver=2d59d091223ee9a33838
[Mon Apr 20 14:20:27 2026] [::1]:58099 Accepted
[Mon Apr 20 14:20:27 2026] [::1]:58098 Closing
[Mon Apr 20 14:20:27 2026] [::1]:58099 [200]: GET /wp-includes/js/dist/compose.min.js?ver=7a9b375d8c19cf9d3d9b
[Mon Apr 20 14:20:27 2026] [::1]:58099 Closing
[Mon Apr 20 14:20:27 2026] [::1]:58100 Accepted
[Mon Apr 20 14:20:27 2026] [::1]:58100 [200]: GET /wp-includes/js/dist/vendor/moment.min.js?ver=2.30.1
[Mon Apr 20 14:20:27 2026] [::1]:58100 Closing
[Mon Apr 20 14:20:27 2026] [::1]:58101 Accepted
[Mon Apr 20 14:20:27 2026] [::1]:58102 Accepted
[Mon Apr 20 14:20:27 2026] [::1]:58101 [200]: GET /wp-includes/js/dist/date.min.js?ver=795a56839718d3ff7eae
[Mon Apr 20 14:20:27 2026] [::1]:58102 [200]: GET /wp-includes/js/dist/html-entities.min.js?ver=e8b78b18a162491d5e5f
[Mon Apr 20 14:20:27 2026] [::1]:58103 Accepted
[Mon Apr 20 14:20:27 2026] [::1]:58104 Accepted
[Mon Apr 20 14:20:27 2026] [::1]:58103 [200]: GET /wp-includes/js/dist/primitives.min.js?ver=0b5dcc337aa7cbf75570
[Mon Apr 20 14:20:27 2026] [::1]:58102 Closing
[Mon Apr 20 14:20:27 2026] [::1]:58104 [200]: GET /wp-includes/js/dist/private-apis.min.js?ver=4f465748bda624774139
[Mon Apr 20 14:20:27 2026] [::1]:58103 Closing
[Mon Apr 20 14:20:27 2026] [::1]:58105 Accepted
[Mon Apr 20 14:20:27 2026] [::1]:58104 Closing
[Mon Apr 20 14:20:27 2026] [::1]:58101 Closing
[Mon Apr 20 14:20:27 2026] [::1]:58105 [200]: GET /wp-includes/js/dist/redux-routine.min.js?ver=8bb92d45458b29590f53
[Mon Apr 20 14:20:27 2026] [::1]:58106 Accepted
[Mon Apr 20 14:20:27 2026] [::1]:58105 Closing
[Mon Apr 20 14:20:27 2026] [::1]:58106 [200]: GET /wp-includes/js/dist/data.min.js?ver=f940198280891b0b6318
[Mon Apr 20 14:20:27 2026] [::1]:58106 Closing
[Mon Apr 20 14:20:27 2026] [::1]:58107 Accepted
[Mon Apr 20 14:20:27 2026] [::1]:58108 Accepted
[Mon Apr 20 14:20:27 2026] [::1]:58107 [200]: GET /wp-includes/js/dist/rich-text.min.js?ver=5bdbb44f3039529e3645
[Mon Apr 20 14:20:27 2026] [::1]:58108 [200]: GET /wp-includes/js/dist/warning.min.js?ver=d69bc18c456d01c11d5a
[Mon Apr 20 14:20:27 2026] [::1]:58109 Accepted
[Mon Apr 20 14:20:27 2026] [::1]:58107 Closing
[Mon Apr 20 14:20:27 2026] [::1]:58109 [200]: GET /wp-includes/js/dist/components.min.js?ver=0d72a218dfea8f6f442f
[Mon Apr 20 14:20:27 2026] [::1]:58108 Closing
[Mon Apr 20 14:20:27 2026] [::1]:58110 Accepted
[Mon Apr 20 14:20:27 2026] [::1]:58110 [200]: GET /wp-includes/js/dist/keyboard-shortcuts.min.js?ver=fbc45a34ce65c5723afa
[Mon Apr 20 14:20:27 2026] [::1]:58111 Accepted
[Mon Apr 20 14:20:27 2026] [::1]:58112 Accepted
[Mon Apr 20 14:20:27 2026] [::1]:58111 [200]: GET /wp-includes/js/dist/commands.min.js?ver=cac8f4817ab7cea0ac49
[Mon Apr 20 14:20:27 2026] [::1]:58113 Accepted
[Mon Apr 20 14:20:27 2026] [::1]:58110 Closing
[Mon Apr 20 14:20:27 2026] [::1]:58112 [200]: GET /wp-includes/js/dist/url.min.js?ver=9e178c9516d1222dc834
[Mon Apr 20 14:20:27 2026] [::1]:58114 Accepted
[Mon Apr 20 14:20:27 2026] [::1]:58113 [200]: GET /wp-includes/js/dist/api-fetch.min.js?ver=3a4d9af2b423048b0dee
[Mon Apr 20 14:20:27 2026] [::1]:58111 Closing
[Mon Apr 20 14:20:27 2026] [::1]:58109 Closing
[Mon Apr 20 14:20:27 2026] [::1]:58112 Closing
[Mon Apr 20 14:20:27 2026] [::1]:58113 Closing
[Mon Apr 20 14:20:27 2026] [::1]:58114 [200]: GET /wp-includes/js/dist/blob.min.js?ver=9113eed771d446f4a556
[Mon Apr 20 14:20:27 2026] [::1]:58115 Accepted
[Mon Apr 20 14:20:27 2026] [::1]:58114 Closing
[Mon Apr 20 14:20:27 2026] [::1]:58116 Accepted
[Mon Apr 20 14:20:27 2026] [::1]:58115 [200]: GET /wp-includes/js/dist/block-serialization-default-parser.min.js?ver=14d44daebf663d05d330
[Mon Apr 20 14:20:27 2026] [::1]:58116 [200]: GET /wp-includes/js/dist/autop.min.js?ver=9fb50649848277dd318d
[Mon Apr 20 14:20:27 2026] [::1]:58115 Closing
[Mon Apr 20 14:20:27 2026] [::1]:58116 Closing
[Mon Apr 20 14:20:27 2026] [::1]:58117 Accepted
[Mon Apr 20 14:20:27 2026] [::1]:58118 Accepted
[Mon Apr 20 14:20:27 2026] [::1]:58119 Accepted
[Mon Apr 20 14:20:27 2026] [::1]:58117 [200]: GET /wp-includes/js/dist/shortcode.min.js?ver=0b3174183b858f2df320
[Mon Apr 20 14:20:27 2026] [::1]:58118 [200]: GET /wp-includes/js/dist/blocks.min.js?ver=57eca4d23daac7159d88
[Mon Apr 20 14:20:27 2026] [::1]:58117 Closing
[Mon Apr 20 14:20:27 2026] [::1]:58118 Closing
[Mon Apr 20 14:20:27 2026] [::1]:58119 [200]: GET /wp-includes/js/dist/notices.min.js?ver=f62fbf15dcc23301922f
[Mon Apr 20 14:20:27 2026] [::1]:58119 Closing
[Mon Apr 20 14:20:27 2026] [::1]:58120 Accepted
[Mon Apr 20 14:20:27 2026] [::1]:58120 [200]: GET /wp-includes/js/dist/preferences-persistence.min.js?ver=e954d3a4426d311f7d1a
[Mon Apr 20 14:20:27 2026] [::1]:58120 Closing
[Mon Apr 20 14:20:27 2026] [::1]:58121 Accepted
[Mon Apr 20 14:20:27 2026] [::1]:58122 Accepted
[Mon Apr 20 14:20:27 2026] [::1]:58123 Accepted
[Mon Apr 20 14:20:27 2026] [::1]:58121 [200]: GET /wp-includes/js/dist/preferences.min.js?ver=2ca086aed510c242a1ed
[Mon Apr 20 14:20:27 2026] [::1]:58122 [200]: GET /wp-includes/js/dist/style-engine.min.js?ver=7c6fcedc37dadafb8a81
[Mon Apr 20 14:20:27 2026] [::1]:58124 Accepted
[Mon Apr 20 14:20:27 2026] [::1]:58123 [200]: GET /wp-includes/js/dist/token-list.min.js?ver=cfdf635a436c3953a965
[Mon Apr 20 14:20:27 2026] [::1]:58125 Accepted
[Mon Apr 20 14:20:27 2026] [::1]:58124 [200]: GET /wp-includes/js/dist/block-editor.min.js?ver=addf558a422e2ee57920
[Mon Apr 20 14:20:27 2026] [::1]:58126 Accepted
[Mon Apr 20 14:20:27 2026] [::1]:58121 Closing
[Mon Apr 20 14:20:27 2026] [::1]:58122 Closing
[Mon Apr 20 14:20:27 2026] [::1]:58125 [200]: GET /wp-includes/js/dist/core-data.min.js?ver=15baadfe6e1374188072
[Mon Apr 20 14:20:27 2026] [::1]:58123 Closing
[Mon Apr 20 14:20:27 2026] [::1]:58126 [200]: GET /wp-includes/js/dist/router.min.js?ver=2dfc4b954318a03e6a76
[Mon Apr 20 14:20:27 2026] [::1]:58127 Accepted
[Mon Apr 20 14:20:27 2026] [::1]:58125 Closing
[Mon Apr 20 14:20:27 2026] [::1]:58126 Closing
[Mon Apr 20 14:20:27 2026] [::1]:58124 Closing
[Mon Apr 20 14:20:27 2026] [::1]:58128 Accepted
[Mon Apr 20 14:20:27 2026] [::1]:58127 [200]: GET /wp-includes/js/dist/core-commands.min.js?ver=effe2d88d7f0c50a8ce9
[Mon Apr 20 14:20:27 2026] [::1]:58129 Accepted
[Mon Apr 20 14:20:27 2026] [::1]:58128 [200]: GET /wp-content/plugins/elementor/vendor/elementor/wp-one-package/assets/build/common.js?ver=71fc09ea1a9e23155639
[Mon Apr 20 14:20:27 2026] [::1]:58130 Accepted
[Mon Apr 20 14:20:27 2026] [::1]:58129 [200]: GET /wp-content/plugins/elementor/assets/js/editor-one-menu.min.js?ver=4.0.2
[Mon Apr 20 14:20:27 2026] [::1]:58131 Accepted
[Mon Apr 20 14:20:27 2026] [::1]:58127 Closing
[Mon Apr 20 14:20:27 2026] [::1]:58130 [200]: GET /wp-content/plugins/elementor/assets/js/import-export-admin.min.js?ver=4.0.2
[Mon Apr 20 14:20:27 2026] [::1]:58128 Closing
[Mon Apr 20 14:20:27 2026] [::1]:58131 [200]: GET /wp-content/plugins/elementor/assets/js/import-export-customization-admin.min.js?ver=4.0.2
[Mon Apr 20 14:20:27 2026] [::1]:58129 Closing
[Mon Apr 20 14:20:27 2026] [::1]:58130 Closing
[Mon Apr 20 14:20:27 2026] [::1]:58131 Closing
[Mon Apr 20 14:20:27 2026] [::1]:58132 Accepted
[Mon Apr 20 14:20:27 2026] [::1]:58133 Accepted
[Mon Apr 20 14:20:27 2026] [::1]:58132 [200]: GET /wp-content/plugins/elementor/assets/js/admin-modules.min.js?ver=4.0.2
[Mon Apr 20 14:20:27 2026] [::1]:58132 Closing
[Mon Apr 20 14:20:27 2026] [::1]:58133 [200]: GET /wp-content/plugins/elementor/assets/js/admin.min.js?ver=4.0.2
[Mon Apr 20 14:20:27 2026] [::1]:58134 Accepted
[Mon Apr 20 14:20:27 2026] [::1]:58133 Closing
[Mon Apr 20 14:20:27 2026] [::1]:58134 [200]: GET /wp-content/plugins/elementor/assets/js/media-hints.min.js?ver=4.0.2
[Mon Apr 20 14:20:27 2026] [::1]:58135 Accepted
[Mon Apr 20 14:20:27 2026] [::1]:58136 Accepted
[Mon Apr 20 14:20:27 2026] [::1]:58135 [200]: GET /wp-admin/js/editor.min.js?ver=6.9.4
[Mon Apr 20 14:20:27 2026] [::1]:58134 Closing
[Mon Apr 20 14:20:27 2026] [::1]:58136 [200]: GET /wp-includes/js/quicktags.min.js?ver=6.9.4
[Mon Apr 20 14:20:27 2026] [::1]:58137 Accepted
[Mon Apr 20 14:20:27 2026] [::1]:58138 Accepted
[Mon Apr 20 14:20:27 2026] [::1]:58135 Closing
[Mon Apr 20 14:20:27 2026] [::1]:58137 [200]: GET /wp-includes/js/wplink.min.js?ver=6.9.4
[Mon Apr 20 14:20:27 2026] [::1]:58139 Accepted
[Mon Apr 20 14:20:27 2026] [::1]:58136 Closing
[Mon Apr 20 14:20:27 2026] [::1]:58138 [200]: GET /wp-admin/js/media-upload.min.js?ver=6.9.4
[Mon Apr 20 14:20:27 2026] [::1]:58140 Accepted
[Mon Apr 20 14:20:27 2026] [::1]:58139 [200]: GET /wp-includes/js/tinymce/wp-tinymce.js?ver=49110-20250317
[Mon Apr 20 14:20:27 2026] [::1]:58137 Closing
[Mon Apr 20 14:20:27 2026] [::1]:58140 [200]: GET /wp-includes/js/wp-embed.min.js?ver=6.9.4
[Mon Apr 20 14:20:27 2026] [::1]:58138 Closing
[Mon Apr 20 14:20:27 2026] [::1]:58140 Closing
[Mon Apr 20 14:20:27 2026] [::1]:58139 Closing
[Mon Apr 20 14:20:27 2026] [::1]:58141 Accepted
[Mon Apr 20 14:20:27 2026] [::1]:58141 [200]: GET /wp-includes/js/tinymce/skins/lightgray/skin.min.css?wp-mce-49110-20250317
[Mon Apr 20 14:20:27 2026] [::1]:58141 Closing
[Mon Apr 20 14:20:27 2026] [::1]:58142 Accepted
[Mon Apr 20 14:20:27 2026] [::1]:58143 Accepted
[Mon Apr 20 14:20:27 2026] [::1]:58144 Accepted
[Mon Apr 20 14:20:27 2026] [::1]:58142 [200]: GET /wp-includes/js/tinymce/skins/lightgray/content.min.css?wp-mce-49110-20250317
[Mon Apr 20 14:20:27 2026] [::1]:58143 [200]: GET /wp-includes/css/dashicons.min.css?ver=6.9.4&wp-mce-49110-20250317
[Mon Apr 20 14:20:27 2026] [::1]:58144 [200]: GET /wp-includes/js/tinymce/skins/wordpress/wp-content.css?ver=6.9.4&wp-mce-49110-20250317
[Mon Apr 20 14:20:27 2026] [::1]:58142 Closing
[Mon Apr 20 14:20:27 2026] [::1]:58143 Closing
[Mon Apr 20 14:20:27 2026] [::1]:58144 Closing
[Mon Apr 20 14:20:27 2026] [::1]:58145 Accepted
[Mon Apr 20 14:20:27 2026] [::1]:58145 [200]: GET /wp-includes/js/thickbox/loadingAnimation.gif
[Mon Apr 20 14:20:27 2026] [::1]:58145 Closing
[Mon Apr 20 14:20:34 2026] [::1]:58147 Accepted
[Mon Apr 20 14:20:34 2026] [::1]:58147 [200]: POST /wp-admin/admin-ajax.php
[Mon Apr 20 14:20:34 2026] [::1]:58147 Closing
[Mon Apr 20 14:20:34 2026] [::1]:58148 Accepted
[Mon Apr 20 14:20:34 2026] [::1]:58148 [200]: POST /wp-admin/admin-ajax.php
[Mon Apr 20 14:20:34 2026] [::1]:58148 Closing
[Mon Apr 20 14:20:36 2026] [::1]:58149 Accepted
[Mon Apr 20 14:20:36 2026] [::1]:58150 Accepted
[Mon Apr 20 14:20:36 2026] [::1]:58149 [302]: POST /wp-admin/post.php
[Mon Apr 20 14:20:36 2026] [::1]:58149 Closing
[Mon Apr 20 14:20:36 2026] [::1]:58150 [200]: GET /wp-admin/post.php?post=96&action=edit&message=6
[Mon Apr 20 14:20:36 2026] [::1]:58150 Closing
[Mon Apr 20 14:20:36 2026] [::1]:58151 Accepted
[Mon Apr 20 14:20:36 2026] [::1]:58152 Accepted
[Mon Apr 20 14:20:36 2026] [::1]:58151 [200]: GET /wp-includes/js/thickbox/thickbox.css?ver=6.9.4
[Mon Apr 20 14:20:36 2026] [::1]:58153 Accepted
[Mon Apr 20 14:20:36 2026] [::1]:58152 [200]: GET /wp-includes/js/mediaelement/mediaelementplayer-legacy.min.css?ver=4.2.17
[Mon Apr 20 14:20:36 2026] [::1]:58154 Accepted
[Mon Apr 20 14:20:36 2026] [::1]:58153 [200]: GET /wp-includes/js/mediaelement/wp-mediaelement.min.css?ver=6.9.4
[Mon Apr 20 14:20:36 2026] [::1]:58155 Accepted
[Mon Apr 20 14:20:36 2026] [::1]:58151 Closing
[Mon Apr 20 14:20:36 2026] [::1]:58154 [200]: GET /wp-includes/js/imgareaselect/imgareaselect.css?ver=0.9.8
[Mon Apr 20 14:20:36 2026] [::1]:58156 Accepted
[Mon Apr 20 14:20:36 2026] [::1]:58152 Closing
[Mon Apr 20 14:20:36 2026] [::1]:58155 [200]: GET /wp-content/plugins/elementor/vendor/elementor/wp-one-package/assets/build/common.css?ver=1.0.59
[Mon Apr 20 14:20:36 2026] [::1]:58156 [200]: GET /wp-content/plugins/elementor/assets/css/modules/editor-one/admin-menu.min.css?ver=4.0.2
[Mon Apr 20 14:20:36 2026] [::1]:58153 Closing
[Mon Apr 20 14:20:36 2026] [::1]:58157 Accepted
[Mon Apr 20 14:20:36 2026] [::1]:58154 Closing
[Mon Apr 20 14:20:36 2026] [::1]:58155 Closing
[Mon Apr 20 14:20:36 2026] [::1]:58156 Closing
[Mon Apr 20 14:20:36 2026] [::1]:58158 Accepted
[Mon Apr 20 14:20:36 2026] [::1]:58157 [200]: GET /wp-content/plugins/elementor/assets/lib/eicons/css/elementor-icons.min.css?ver=5.48.0
[Mon Apr 20 14:20:36 2026] [::1]:58159 Accepted
[Mon Apr 20 14:20:36 2026] [::1]:58157 Closing
[Mon Apr 20 14:20:36 2026] [::1]:58158 [200]: GET /wp-content/plugins/elementor/assets/css/common.min.css?ver=4.0.2
[Mon Apr 20 14:20:36 2026] [::1]:58158 Closing
[Mon Apr 20 14:20:36 2026] [::1]:58160 Accepted
[Mon Apr 20 14:20:36 2026] [::1]:58159 [200]: GET /wp-content/plugins/elementor/assets/css/theme-light.min.css?ver=4.0.2
[Mon Apr 20 14:20:36 2026] [::1]:58159 Closing
[Mon Apr 20 14:20:36 2026] [::1]:58160 [200]: GET /wp-content/plugins/elementor/assets/css/admin.min.css?ver=4.0.2
[Mon Apr 20 14:20:36 2026] [::1]:58160 Closing
[Mon Apr 20 14:20:36 2026] [::1]:58161 Accepted
[Mon Apr 20 14:20:36 2026] [::1]:58161 [200]: GET /wp-includes/css/editor.min.css?ver=6.9.4
[Mon Apr 20 14:20:36 2026] [::1]:58161 Closing
[Mon Apr 20 14:20:36 2026] [::1]:58162 Accepted
[Mon Apr 20 14:20:36 2026] [::1]:58162 [200]: GET /wp-includes/js/dist/i18n.min.js?ver=c26c3dc7bed366793375
[Mon Apr 20 14:20:36 2026] [::1]:58162 Closing
[Mon Apr 20 14:20:36 2026] [::1]:58163 Accepted
[Mon Apr 20 14:20:36 2026] [::1]:58164 Accepted
[Mon Apr 20 14:20:36 2026] [::1]:58163 [200]: GET /wp-includes/js/dist/a11y.min.js?ver=cb460b4676c94bd228ed
[Mon Apr 20 14:20:36 2026] [::1]:58164 [200]: GET /wp-admin/js/common.min.js?ver=6.9.4
[Mon Apr 20 14:20:36 2026] [::1]:58163 Closing
[Mon Apr 20 14:20:36 2026] [::1]:58164 Closing
[Mon Apr 20 14:20:36 2026] [::1]:58165 Accepted
[Mon Apr 20 14:20:36 2026] [::1]:58165 [200]: GET /wp-includes/js/hoverintent-js.min.js?ver=2.2.1
[Mon Apr 20 14:20:36 2026] [::1]:58165 Closing
[Mon Apr 20 14:20:36 2026] [::1]:58166 Accepted
[Mon Apr 20 14:20:36 2026] [::1]:58166 [200]: GET /wp-includes/js/admin-bar.min.js?ver=6.9.4
[Mon Apr 20 14:20:36 2026] [::1]:58166 Closing
[Mon Apr 20 14:20:36 2026] [::1]:58167 Accepted
[Mon Apr 20 14:20:36 2026] [::1]:58168 Accepted
[Mon Apr 20 14:20:36 2026] [::1]:58167 [200]: GET /wp-includes/js/heartbeat.min.js?ver=6.9.4
[Mon Apr 20 14:20:36 2026] [::1]:58169 Accepted
[Mon Apr 20 14:20:36 2026] [::1]:58168 [200]: GET /wp-includes/js/autosave.min.js?ver=6.9.4
[Mon Apr 20 14:20:36 2026] [::1]:58170 Accepted
[Mon Apr 20 14:20:36 2026] [::1]:58169 [200]: GET /wp-includes/js/wp-ajax-response.min.js?ver=6.9.4
[Mon Apr 20 14:20:36 2026] [::1]:58167 Closing
[Mon Apr 20 14:20:36 2026] [::1]:58170 [200]: GET /wp-includes/js/jquery/jquery.color.min.js?ver=3.0.0
[Mon Apr 20 14:20:36 2026] [::1]:58168 Closing
[Mon Apr 20 14:20:36 2026] [::1]:58169 Closing
[Mon Apr 20 14:20:36 2026] [::1]:58170 Closing
[Mon Apr 20 14:20:36 2026] [::1]:58171 Accepted
[Mon Apr 20 14:20:36 2026] [::1]:58172 Accepted
[Mon Apr 20 14:20:36 2026] [::1]:58173 Accepted
[Mon Apr 20 14:20:36 2026] [::1]:58171 [200]: GET /wp-includes/js/wp-lists.min.js?ver=6.9.4
[Mon Apr 20 14:20:36 2026] [::1]:58172 [200]: GET /wp-includes/js/quicktags.min.js?ver=6.9.4
[Mon Apr 20 14:20:36 2026] [::1]:58174 Accepted
[Mon Apr 20 14:20:36 2026] [::1]:58173 [200]: GET /wp-includes/js/jquery/jquery.query.js?ver=2.2.3
[Mon Apr 20 14:20:36 2026] [::1]:58175 Accepted
[Mon Apr 20 14:20:36 2026] [::1]:58171 Closing
[Mon Apr 20 14:20:36 2026] [::1]:58174 [200]: GET /wp-admin/js/edit-comments.min.js?ver=6.9.4
[Mon Apr 20 14:20:36 2026] [::1]:58176 Accepted
[Mon Apr 20 14:20:36 2026] [::1]:58172 Closing
[Mon Apr 20 14:20:36 2026] [::1]:58175 [200]: GET /wp-includes/js/jquery/suggest.min.js?ver=1.1-20110113
[Mon Apr 20 14:20:36 2026] [::1]:58173 Closing
[Mon Apr 20 14:20:36 2026] [::1]:58176 [200]: GET /wp-includes/js/jquery/ui/core.min.js?ver=1.13.3
[Mon Apr 20 14:20:36 2026] [::1]:58174 Closing
[Mon Apr 20 14:20:36 2026] [::1]:58175 Closing
[Mon Apr 20 14:20:36 2026] [::1]:58176 Closing
[Mon Apr 20 14:20:36 2026] [::1]:58177 Accepted
[Mon Apr 20 14:20:36 2026] [::1]:58177 [200]: GET /wp-content/plugins/elementor/assets/lib/eicons/fonts/eicons.woff2?5.48.0
[Mon Apr 20 14:20:36 2026] [::1]:58177 Closing
[Mon Apr 20 14:20:36 2026] [::1]:58178 Accepted
[Mon Apr 20 14:20:36 2026] [::1]:58178 [200]: GET /wp-includes/js/jquery/ui/mouse.min.js?ver=1.13.3
[Mon Apr 20 14:20:36 2026] [::1]:58178 Closing
[Mon Apr 20 14:20:36 2026] [::1]:58179 Accepted
[Mon Apr 20 14:20:36 2026] [::1]:58180 Accepted
[Mon Apr 20 14:20:36 2026] [::1]:58179 [200]: GET /wp-includes/js/jquery/ui/sortable.min.js?ver=1.13.3
[Mon Apr 20 14:20:36 2026] [::1]:58179 Closing
[Mon Apr 20 14:20:36 2026] [::1]:58180 [200]: GET /wp-admin/js/postbox.min.js?ver=6.9.4
[Mon Apr 20 14:20:36 2026] [::1]:58180 Closing
[Mon Apr 20 14:20:36 2026] [::1]:58181 Accepted
[Mon Apr 20 14:20:36 2026] [::1]:58181 [200]: GET /wp-includes/js/jquery/ui/menu.min.js?ver=1.13.3
[Mon Apr 20 14:20:36 2026] [::1]:58181 Closing
[Mon Apr 20 14:20:36 2026] [::1]:58182 Accepted
[Mon Apr 20 14:20:36 2026] [::1]:58182 [200]: GET /wp-includes/js/jquery/ui/autocomplete.min.js?ver=1.13.3
[Mon Apr 20 14:20:36 2026] [::1]:58183 Accepted
[Mon Apr 20 14:20:36 2026] [::1]:58182 Closing
[Mon Apr 20 14:20:36 2026] [::1]:58183 [200]: GET /wp-admin/js/tags-suggest.min.js?ver=6.9.4
[Mon Apr 20 14:20:36 2026] [::1]:58183 Closing
[Mon Apr 20 14:20:36 2026] [::1]:58184 Accepted
[Mon Apr 20 14:20:36 2026] [::1]:58184 [200]: GET /wp-admin/js/tags-box.min.js?ver=6.9.4
[Mon Apr 20 14:20:36 2026] [::1]:58184 Closing
[Mon Apr 20 14:20:36 2026] [::1]:58185 Accepted
[Mon Apr 20 14:20:36 2026] [::1]:58186 Accepted
[Mon Apr 20 14:20:36 2026] [::1]:58185 [200]: GET /wp-includes/js/underscore.min.js?ver=1.13.7
[Mon Apr 20 14:20:36 2026] [::1]:58185 Closing
[Mon Apr 20 14:20:36 2026] [::1]:58186 [200]: GET /wp-admin/js/word-count.min.js?ver=6.9.4
[Mon Apr 20 14:20:36 2026] [::1]:58186 Closing
[Mon Apr 20 14:20:36 2026] [::1]:58187 Accepted
[Mon Apr 20 14:20:36 2026] [::1]:58188 Accepted
[Mon Apr 20 14:20:36 2026] [::1]:58187 [200]: GET /wp-includes/js/wp-sanitize.min.js?ver=6.9.4
[Mon Apr 20 14:20:36 2026] [::1]:58189 Accepted
[Mon Apr 20 14:20:36 2026] [::1]:58188 [200]: GET /wp-includes/js/clipboard.min.js?ver=2.0.11
[Mon Apr 20 14:20:36 2026] [::1]:58189 [200]: GET /wp-admin/js/post.min.js?ver=6.9.4
[Mon Apr 20 14:20:36 2026] [::1]:58190 Accepted
[Mon Apr 20 14:20:36 2026] [::1]:58187 Closing
[Mon Apr 20 14:20:36 2026] [::1]:58188 Closing
[Mon Apr 20 14:20:36 2026] [::1]:58190 [200]: GET /wp-admin/js/editor-expand.min.js?ver=6.9.4
[Mon Apr 20 14:20:36 2026] [::1]:58189 Closing
[Mon Apr 20 14:20:36 2026] [::1]:58190 Closing
[Mon Apr 20 14:20:36 2026] [::1]:58191 Accepted
[Mon Apr 20 14:20:36 2026] [::1]:58192 Accepted
[Mon Apr 20 14:20:36 2026] [::1]:58191 [200]: GET /wp-includes/js/thickbox/thickbox.js?ver=3.1-20121105
[Mon Apr 20 14:20:36 2026] [::1]:58192 [200]: GET /wp-includes/js/shortcode.min.js?ver=6.9.4
[Mon Apr 20 14:20:36 2026] [::1]:58193 Accepted
[Mon Apr 20 14:20:36 2026] [::1]:58191 Closing
[Mon Apr 20 14:20:36 2026] [::1]:58192 Closing
[Mon Apr 20 14:20:36 2026] [::1]:58194 Accepted
[Mon Apr 20 14:20:36 2026] [::1]:58193 [200]: GET /wp-includes/js/backbone.min.js?ver=1.6.0
[Mon Apr 20 14:20:36 2026] [::1]:58194 [200]: GET /wp-includes/js/wp-util.min.js?ver=6.9.4
[Mon Apr 20 14:20:36 2026] [::1]:58195 Accepted
[Mon Apr 20 14:20:36 2026] [::1]:58196 Accepted
[Mon Apr 20 14:20:36 2026] [::1]:58193 Closing
[Mon Apr 20 14:20:36 2026] [::1]:58194 Closing
[Mon Apr 20 14:20:36 2026] [::1]:58195 [200]: GET /wp-includes/js/wp-backbone.min.js?ver=6.9.4
[Mon Apr 20 14:20:36 2026] [::1]:58195 Closing
[Mon Apr 20 14:20:36 2026] [::1]:58196 [200]: GET /wp-includes/js/media-models.min.js?ver=6.9.4
[Mon Apr 20 14:20:36 2026] [::1]:58196 Closing
[Mon Apr 20 14:20:36 2026] [::1]:58197 Accepted
[Mon Apr 20 14:20:36 2026] [::1]:58198 Accepted
[Mon Apr 20 14:20:36 2026] [::1]:58197 [200]: GET /wp-includes/js/plupload/wp-plupload.min.js?ver=6.9.4
[Mon Apr 20 14:20:36 2026] [::1]:58197 Closing
[Mon Apr 20 14:20:36 2026] [::1]:58198 [200]: GET /wp-includes/js/mediaelement/mediaelement-and-player.min.js?ver=4.2.17
[Mon Apr 20 14:20:36 2026] [::1]:58198 Closing
[Mon Apr 20 14:20:36 2026] [::1]:58199 Accepted
[Mon Apr 20 14:20:36 2026] [::1]:58199 [200]: GET /wp-includes/js/mediaelement/mediaelement-migrate.min.js?ver=6.9.4
[Mon Apr 20 14:20:36 2026] [::1]:58199 Closing
[Mon Apr 20 14:20:36 2026] [::1]:58200 Accepted
[Mon Apr 20 14:20:36 2026] [::1]:58200 [200]: GET /wp-includes/js/mediaelement/wp-mediaelement.min.js?ver=6.9.4
[Mon Apr 20 14:20:36 2026] [::1]:58200 Closing
[Mon Apr 20 14:20:36 2026] [::1]:58201 Accepted
[Mon Apr 20 14:20:36 2026] [::1]:58201 [200]: GET /wp-includes/js/api-request.min.js?ver=6.9.4
[Mon Apr 20 14:20:36 2026] [::1]:58201 Closing
[Mon Apr 20 14:20:36 2026] [::1]:58202 Accepted
[Mon Apr 20 14:20:36 2026] [::1]:58202 [200]: GET /wp-includes/js/media-views.min.js?ver=6.9.4
[Mon Apr 20 14:20:36 2026] [::1]:58202 Closing
[Mon Apr 20 14:20:36 2026] [::1]:58203 Accepted
[Mon Apr 20 14:20:36 2026] [::1]:58204 Accepted
[Mon Apr 20 14:20:36 2026] [::1]:58205 Accepted
[Mon Apr 20 14:20:36 2026] [::1]:58203 [200]: GET /wp-includes/js/media-editor.min.js?ver=6.9.4
[Mon Apr 20 14:20:36 2026] [::1]:58206 Accepted
[Mon Apr 20 14:20:36 2026] [::1]:58204 [200]: GET /wp-includes/js/media-audiovideo.min.js?ver=6.9.4
[Mon Apr 20 14:20:36 2026] [::1]:58205 [200]: GET /wp-includes/js/mce-view.min.js?ver=6.9.4
[Mon Apr 20 14:20:36 2026] [::1]:58207 Accepted
[Mon Apr 20 14:20:36 2026] [::1]:58206 [200]: GET /wp-includes/js/imgareaselect/jquery.imgareaselect.min.js?ver=6.9.4
[Mon Apr 20 14:20:36 2026] [::1]:58203 Closing
[Mon Apr 20 14:20:36 2026] [::1]:58207 [200]: GET /wp-admin/js/image-edit.min.js?ver=6.9.4
[Mon Apr 20 14:20:36 2026] [::1]:58204 Closing
[Mon Apr 20 14:20:36 2026] [::1]:58205 Closing
[Mon Apr 20 14:20:36 2026] [::1]:58206 Closing
[Mon Apr 20 14:20:36 2026] [::1]:58207 Closing
[Mon Apr 20 14:20:36 2026] [::1]:58208 Accepted
[Mon Apr 20 14:20:36 2026] [::1]:58209 Accepted
[Mon Apr 20 14:20:36 2026] [::1]:58208 [200]: GET /wp-includes/js/dist/vendor/react.min.js?ver=18.3.1.1
[Mon Apr 20 14:20:36 2026] [::1]:58209 [200]: GET /wp-includes/js/dist/vendor/react-dom.min.js?ver=18.3.1.1
[Mon Apr 20 14:20:36 2026] [::1]:58210 Accepted
[Mon Apr 20 14:20:36 2026] [::1]:58211 Accepted
[Mon Apr 20 14:20:36 2026] [::1]:58208 Closing
[Mon Apr 20 14:20:36 2026] [::1]:58209 Closing
[Mon Apr 20 14:20:36 2026] [::1]:58210 [200]: GET /wp-content/plugins/elementor/assets/js/packages/ui/ui.min.js?ver=4.0.2
[Mon Apr 20 14:20:36 2026] [::1]:58211 [200]: GET /wp-content/plugins/elementor/assets/js/packages/icons/icons.min.js?ver=4.0.2
[Mon Apr 20 14:20:36 2026] [::1]:58211 Closing
[Mon Apr 20 14:20:36 2026] [::1]:58210 Closing
[Mon Apr 20 14:20:36 2026] [::1]:58212 Accepted
[Mon Apr 20 14:20:36 2026] [::1]:58213 Accepted
[Mon Apr 20 14:20:36 2026] [::1]:58212 [200]: GET /wp-includes/js/media-grid.min.js?ver=6.9.4
[Mon Apr 20 14:20:36 2026] [::1]:58214 Accepted
[Mon Apr 20 14:20:36 2026] [::1]:58213 [200]: GET /wp-content/plugins/elementor/assets/js/ai-media-library.min.js?ver=4.0.2
[Mon Apr 20 14:20:36 2026] [::1]:58212 Closing
[Mon Apr 20 14:20:36 2026] [::1]:58214 [200]: GET /wp-admin/js/svg-painter.js?ver=6.9.4
[Mon Apr 20 14:20:36 2026] [::1]:58215 Accepted
[Mon Apr 20 14:20:36 2026] [::1]:58215 [200]: GET /wp-includes/js/jquery/ui/draggable.min.js?ver=1.13.3
[Mon Apr 20 14:20:36 2026] [::1]:58214 Closing
[Mon Apr 20 14:20:36 2026] [::1]:58213 Closing
[Mon Apr 20 14:20:36 2026] [::1]:58215 Closing
[Mon Apr 20 14:20:36 2026] [::1]:58216 Accepted
[Mon Apr 20 14:20:36 2026] [::1]:58216 [200]: GET /wp-content/plugins/elementor/assets/lib/backbone/backbone.marionette.min.js?ver=2.4.5.e1
[Mon Apr 20 14:20:36 2026] [::1]:58216 Closing
[Mon Apr 20 14:20:36 2026] [::1]:58217 Accepted
[Mon Apr 20 14:20:36 2026] [::1]:58217 [200]: GET /wp-content/plugins/elementor/assets/lib/backbone/backbone.radio.min.js?ver=1.0.4
[Mon Apr 20 14:20:36 2026] [::1]:58218 Accepted
[Mon Apr 20 14:20:36 2026] [::1]:58219 Accepted
[Mon Apr 20 14:20:36 2026] [::1]:58217 Closing
[Mon Apr 20 14:20:36 2026] [::1]:58218 [200]: GET /wp-content/plugins/elementor/assets/js/common-modules.min.js?ver=4.0.2
[Mon Apr 20 14:20:36 2026] [::1]:58220 Accepted
[Mon Apr 20 14:20:36 2026] [::1]:58219 [200]: GET /wp-content/plugins/elementor/assets/js/web-cli.min.js?ver=4.0.2
[Mon Apr 20 14:20:36 2026] [::1]:58221 Accepted
[Mon Apr 20 14:20:36 2026] [::1]:58220 [200]: GET /wp-content/plugins/elementor/assets/lib/dialog/dialog.min.js?ver=4.9.0
[Mon Apr 20 14:20:36 2026] [::1]:58222 Accepted
[Mon Apr 20 14:20:36 2026] [::1]:58218 Closing
[Mon Apr 20 14:20:36 2026] [::1]:58221 [200]: GET /wp-content/plugins/elementor/assets/js/dev-tools.min.js?ver=4.0.2
[Mon Apr 20 14:20:36 2026] [::1]:58222 [200]: GET /wp-content/plugins/elementor/assets/js/common.min.js?ver=4.0.2
[Mon Apr 20 14:20:36 2026] [::1]:58223 Accepted
[Mon Apr 20 14:20:36 2026] [::1]:58220 Closing
[Mon Apr 20 14:20:36 2026] [::1]:58219 Closing
[Mon Apr 20 14:20:36 2026] [::1]:58221 Closing
[Mon Apr 20 14:20:36 2026] [::1]:58223 [200]: GET /wp-content/plugins/elementor/assets/js/app-loader.min.js?ver=4.0.2
[Mon Apr 20 14:20:36 2026] [::1]:58223 Closing
[Mon Apr 20 14:20:36 2026] [::1]:58222 Closing
[Mon Apr 20 14:20:36 2026] [::1]:58224 Accepted
[Mon Apr 20 14:20:36 2026] [::1]:58224 [200]: GET /wp-includes/js/wp-auth-check.min.js?ver=6.9.4
[Mon Apr 20 14:20:36 2026] [::1]:58225 Accepted
[Mon Apr 20 14:20:36 2026] [::1]:58226 Accepted
[Mon Apr 20 14:20:36 2026] [::1]:58225 [200]: GET /wp-includes/js/dist/vendor/react-jsx-runtime.min.js?ver=18.3.1
[Mon Apr 20 14:20:36 2026] [::1]:58227 Accepted
[Mon Apr 20 14:20:36 2026] [::1]:58224 Closing
[Mon Apr 20 14:20:36 2026] [::1]:58226 [200]: GET /wp-includes/js/dist/deprecated.min.js?ver=e1f84915c5e8ae38964c
[Mon Apr 20 14:20:36 2026] [::1]:58228 Accepted
[Mon Apr 20 14:20:36 2026] [::1]:58227 [200]: GET /wp-includes/js/dist/dom.min.js?ver=26edef3be6483da3de2e
[Mon Apr 20 14:20:36 2026] [::1]:58229 Accepted
[Mon Apr 20 14:20:36 2026] [::1]:58228 [200]: GET /wp-includes/js/dist/escape-html.min.js?ver=6561a406d2d232a6fbd2
[Mon Apr 20 14:20:36 2026] [::1]:58225 Closing
[Mon Apr 20 14:20:36 2026] [::1]:58226 Closing
[Mon Apr 20 14:20:36 2026] [::1]:58229 [200]: GET /wp-includes/js/dist/element.min.js?ver=6a582b0c827fa25df3dd
[Mon Apr 20 14:20:36 2026] [::1]:58227 Closing
[Mon Apr 20 14:20:36 2026] [::1]:58228 Closing
[Mon Apr 20 14:20:36 2026] [::1]:58229 Closing
[Mon Apr 20 14:20:36 2026] [::1]:58230 Accepted
[Mon Apr 20 14:20:36 2026] [::1]:58231 Accepted
[Mon Apr 20 14:20:36 2026] [::1]:58230 [200]: GET /wp-includes/js/dist/is-shallow-equal.min.js?ver=e0f9f1d78d83f5196979
[Mon Apr 20 14:20:36 2026] [::1]:58232 Accepted
[Mon Apr 20 14:20:36 2026] [::1]:58231 [200]: GET /wp-includes/js/dist/keycodes.min.js?ver=34c8fb5e7a594a1c8037
[Mon Apr 20 14:20:36 2026] [::1]:58232 [200]: GET /wp-includes/js/dist/priority-queue.min.js?ver=2d59d091223ee9a33838
[Mon Apr 20 14:20:36 2026] [::1]:58233 Accepted
[Mon Apr 20 14:20:36 2026] [::1]:58230 Closing
[Mon Apr 20 14:20:36 2026] [::1]:58231 Closing
[Mon Apr 20 14:20:36 2026] [::1]:58232 Closing
[Mon Apr 20 14:20:36 2026] [::1]:58233 [200]: GET /wp-includes/js/dist/compose.min.js?ver=7a9b375d8c19cf9d3d9b
[Mon Apr 20 14:20:36 2026] [::1]:58234 Accepted
[Mon Apr 20 14:20:36 2026] [::1]:58233 Closing
[Mon Apr 20 14:20:36 2026] [::1]:58234 [200]: GET /wp-includes/js/dist/vendor/moment.min.js?ver=2.30.1
[Mon Apr 20 14:20:36 2026] [::1]:58235 Accepted
[Mon Apr 20 14:20:36 2026] [::1]:58236 Accepted
[Mon Apr 20 14:20:36 2026] [::1]:58235 [200]: GET /wp-includes/js/dist/date.min.js?ver=795a56839718d3ff7eae
[Mon Apr 20 14:20:36 2026] [::1]:58234 Closing
[Mon Apr 20 14:20:36 2026] [::1]:58236 [200]: GET /wp-includes/js/dist/html-entities.min.js?ver=e8b78b18a162491d5e5f
[Mon Apr 20 14:20:36 2026] [::1]:58237 Accepted
[Mon Apr 20 14:20:36 2026] [::1]:58236 Closing
[Mon Apr 20 14:20:36 2026] [::1]:58237 [200]: GET /wp-includes/js/dist/primitives.min.js?ver=0b5dcc337aa7cbf75570
[Mon Apr 20 14:20:36 2026] [::1]:58237 Closing
[Mon Apr 20 14:20:36 2026] [::1]:58238 Accepted
[Mon Apr 20 14:20:36 2026] [::1]:58238 [200]: GET /wp-includes/js/dist/private-apis.min.js?ver=4f465748bda624774139
[Mon Apr 20 14:20:36 2026] [::1]:58235 Closing
[Mon Apr 20 14:20:36 2026] [::1]:58238 Closing
[Mon Apr 20 14:20:36 2026] [::1]:58239 Accepted
[Mon Apr 20 14:20:36 2026] [::1]:58240 Accepted
[Mon Apr 20 14:20:36 2026] [::1]:58239 [200]: GET /wp-includes/js/dist/redux-routine.min.js?ver=8bb92d45458b29590f53
[Mon Apr 20 14:20:36 2026] [::1]:58239 Closing
[Mon Apr 20 14:20:36 2026] [::1]:58240 [200]: GET /wp-includes/js/dist/data.min.js?ver=f940198280891b0b6318
[Mon Apr 20 14:20:36 2026] [::1]:58240 Closing
[Mon Apr 20 14:20:36 2026] [::1]:58241 Accepted
[Mon Apr 20 14:20:36 2026] [::1]:58241 [200]: GET /wp-includes/js/dist/rich-text.min.js?ver=5bdbb44f3039529e3645
[Mon Apr 20 14:20:36 2026] [::1]:58241 Closing
[Mon Apr 20 14:20:36 2026] [::1]:58242 Accepted
[Mon Apr 20 14:20:36 2026] [::1]:58242 [200]: GET /wp-includes/js/dist/warning.min.js?ver=d69bc18c456d01c11d5a
[Mon Apr 20 14:20:36 2026] [::1]:58242 Closing
[Mon Apr 20 14:20:36 2026] [::1]:58243 Accepted
[Mon Apr 20 14:20:36 2026] [::1]:58243 [200]: GET /wp-includes/js/dist/components.min.js?ver=0d72a218dfea8f6f442f
[Mon Apr 20 14:20:36 2026] [::1]:58244 Accepted
[Mon Apr 20 14:20:36 2026] [::1]:58245 Accepted
[Mon Apr 20 14:20:36 2026] [::1]:58244 [200]: GET /wp-includes/js/dist/keyboard-shortcuts.min.js?ver=fbc45a34ce65c5723afa
[Mon Apr 20 14:20:36 2026] [::1]:58246 Accepted
[Mon Apr 20 14:20:36 2026] [::1]:58245 [200]: GET /wp-includes/js/dist/commands.min.js?ver=cac8f4817ab7cea0ac49
[Mon Apr 20 14:20:36 2026] [::1]:58247 Accepted
[Mon Apr 20 14:20:36 2026] [::1]:58246 [200]: GET /wp-includes/js/dist/url.min.js?ver=9e178c9516d1222dc834
[Mon Apr 20 14:20:36 2026] [::1]:58248 Accepted
[Mon Apr 20 14:20:36 2026] [::1]:58244 Closing
[Mon Apr 20 14:20:36 2026] [::1]:58247 [200]: GET /wp-includes/js/dist/api-fetch.min.js?ver=3a4d9af2b423048b0dee
[Mon Apr 20 14:20:36 2026] [::1]:58245 Closing
[Mon Apr 20 14:20:36 2026] [::1]:58246 Closing
[Mon Apr 20 14:20:36 2026] [::1]:58248 [200]: GET /wp-includes/js/dist/blob.min.js?ver=9113eed771d446f4a556
[Mon Apr 20 14:20:36 2026] [::1]:58243 Closing
[Mon Apr 20 14:20:36 2026] [::1]:58247 Closing
[Mon Apr 20 14:20:36 2026] [::1]:58248 Closing
[Mon Apr 20 14:20:36 2026] [::1]:58249 Accepted
[Mon Apr 20 14:20:36 2026] [::1]:58249 [200]: GET /wp-includes/js/dist/block-serialization-default-parser.min.js?ver=14d44daebf663d05d330
[Mon Apr 20 14:20:36 2026] [::1]:58250 Accepted
[Mon Apr 20 14:20:36 2026] [::1]:58250 [200]: GET /wp-includes/js/dist/autop.min.js?ver=9fb50649848277dd318d
[Mon Apr 20 14:20:36 2026] [::1]:58249 Closing
[Mon Apr 20 14:20:36 2026] [::1]:58250 Closing
[Mon Apr 20 14:20:36 2026] [::1]:58251 Accepted
[Mon Apr 20 14:20:36 2026] [::1]:58252 Accepted
[Mon Apr 20 14:20:36 2026] [::1]:58251 [200]: GET /wp-includes/js/dist/shortcode.min.js?ver=0b3174183b858f2df320
[Mon Apr 20 14:20:36 2026] [::1]:58253 Accepted
[Mon Apr 20 14:20:36 2026] [::1]:58251 Closing
[Mon Apr 20 14:20:36 2026] [::1]:58252 [200]: GET /wp-includes/js/dist/blocks.min.js?ver=57eca4d23daac7159d88
[Mon Apr 20 14:20:36 2026] [::1]:58252 Closing
[Mon Apr 20 14:20:36 2026] [::1]:58253 [200]: GET /wp-includes/js/dist/notices.min.js?ver=f62fbf15dcc23301922f
[Mon Apr 20 14:20:36 2026] [::1]:58253 Closing
[Mon Apr 20 14:20:36 2026] [::1]:58254 Accepted
[Mon Apr 20 14:20:36 2026] [::1]:58254 [200]: GET /wp-includes/js/dist/preferences-persistence.min.js?ver=e954d3a4426d311f7d1a
[Mon Apr 20 14:20:36 2026] [::1]:58255 Accepted
[Mon Apr 20 14:20:36 2026] [::1]:58256 Accepted
[Mon Apr 20 14:20:36 2026] [::1]:58255 [200]: GET /wp-includes/js/dist/preferences.min.js?ver=2ca086aed510c242a1ed
[Mon Apr 20 14:20:36 2026] [::1]:58257 Accepted
[Mon Apr 20 14:20:36 2026] [::1]:58254 Closing
[Mon Apr 20 14:20:36 2026] [::1]:58256 [200]: GET /wp-includes/js/dist/style-engine.min.js?ver=7c6fcedc37dadafb8a81
[Mon Apr 20 14:20:36 2026] [::1]:58258 Accepted
[Mon Apr 20 14:20:36 2026] [::1]:58257 [200]: GET /wp-includes/js/dist/token-list.min.js?ver=cfdf635a436c3953a965
[Mon Apr 20 14:20:36 2026] [::1]:58259 Accepted
[Mon Apr 20 14:20:36 2026] [::1]:58258 [200]: GET /wp-includes/js/dist/block-editor.min.js?ver=addf558a422e2ee57920
[Mon Apr 20 14:20:36 2026] [::1]:58255 Closing
[Mon Apr 20 14:20:36 2026] [::1]:58256 Closing
[Mon Apr 20 14:20:36 2026] [::1]:58259 [200]: GET /wp-includes/js/dist/core-data.min.js?ver=15baadfe6e1374188072
[Mon Apr 20 14:20:36 2026] [::1]:58257 Closing
[Mon Apr 20 14:20:36 2026] [::1]:58259 Closing
[Mon Apr 20 14:20:36 2026] [::1]:58258 Closing
[Mon Apr 20 14:20:36 2026] [::1]:58260 Accepted
[Mon Apr 20 14:20:36 2026] [::1]:58261 Accepted
[Mon Apr 20 14:20:36 2026] [::1]:58260 [200]: GET /wp-includes/js/dist/router.min.js?ver=2dfc4b954318a03e6a76
[Mon Apr 20 14:20:36 2026] [::1]:58261 [200]: GET /wp-includes/js/dist/core-commands.min.js?ver=effe2d88d7f0c50a8ce9
[Mon Apr 20 14:20:36 2026] [::1]:58260 Closing
[Mon Apr 20 14:20:36 2026] [::1]:58261 Closing
[Mon Apr 20 14:20:36 2026] [::1]:58262 Accepted
[Mon Apr 20 14:20:36 2026] [::1]:58263 Accepted
[Mon Apr 20 14:20:36 2026] [::1]:58262 [200]: GET /wp-content/plugins/elementor/vendor/elementor/wp-one-package/assets/build/common.js?ver=71fc09ea1a9e23155639
[Mon Apr 20 14:20:36 2026] [::1]:58263 [200]: GET /wp-content/plugins/elementor/assets/js/editor-one-menu.min.js?ver=4.0.2
[Mon Apr 20 14:20:36 2026] [::1]:58262 Closing
[Mon Apr 20 14:20:36 2026] [::1]:58263 Closing
[Mon Apr 20 14:20:36 2026] [::1]:58264 Accepted
[Mon Apr 20 14:20:36 2026] [::1]:58264 [200]: GET /wp-content/plugins/elementor/assets/js/import-export-admin.min.js?ver=4.0.2
[Mon Apr 20 14:20:36 2026] [::1]:58264 Closing
[Mon Apr 20 14:20:36 2026] [::1]:58265 Accepted
[Mon Apr 20 14:20:36 2026] [::1]:58266 Accepted
[Mon Apr 20 14:20:36 2026] [::1]:58265 [200]: GET /wp-content/plugins/elementor/assets/js/import-export-customization-admin.min.js?ver=4.0.2
[Mon Apr 20 14:20:36 2026] [::1]:58267 Accepted
[Mon Apr 20 14:20:36 2026] [::1]:58266 [200]: GET /wp-content/plugins/elementor/assets/js/admin-modules.min.js?ver=4.0.2
[Mon Apr 20 14:20:36 2026] [::1]:58265 Closing
[Mon Apr 20 14:20:36 2026] [::1]:58266 Closing
[Mon Apr 20 14:20:36 2026] [::1]:58267 [200]: GET /wp-content/plugins/elementor/assets/js/admin.min.js?ver=4.0.2
[Mon Apr 20 14:20:36 2026] [::1]:58267 Closing
[Mon Apr 20 14:20:36 2026] [::1]:58268 Accepted
[Mon Apr 20 14:20:36 2026] [::1]:58269 Accepted
[Mon Apr 20 14:20:36 2026] [::1]:58268 [200]: GET /wp-content/plugins/elementor/assets/js/media-hints.min.js?ver=4.0.2
[Mon Apr 20 14:20:36 2026] [::1]:58269 [200]: GET /wp-admin/js/editor.min.js?ver=6.9.4
[Mon Apr 20 14:20:36 2026] [::1]:58268 Closing
[Mon Apr 20 14:20:36 2026] [::1]:58269 Closing
[Mon Apr 20 14:20:36 2026] [::1]:58270 Accepted
[Mon Apr 20 14:20:36 2026] [::1]:58271 Accepted
[Mon Apr 20 14:20:36 2026] [::1]:58270 [200]: GET /wp-includes/js/wplink.min.js?ver=6.9.4
[Mon Apr 20 14:20:36 2026] [::1]:58272 Accepted
[Mon Apr 20 14:20:36 2026] [::1]:58271 [200]: GET /wp-admin/js/media-upload.min.js?ver=6.9.4
[Mon Apr 20 14:20:36 2026] [::1]:58273 Accepted
[Mon Apr 20 14:20:36 2026] [::1]:58272 [200]: GET /wp-includes/js/tinymce/wp-tinymce.js?ver=49110-20250317
[Mon Apr 20 14:20:36 2026] [::1]:58270 Closing
[Mon Apr 20 14:20:36 2026] [::1]:58273 [200]: GET /wp-includes/js/wp-embed.min.js?ver=6.9.4
[Mon Apr 20 14:20:36 2026] [::1]:58271 Closing
[Mon Apr 20 14:20:36 2026] [::1]:58273 Closing
[Mon Apr 20 14:20:36 2026] [::1]:58272 Closing
[Mon Apr 20 14:20:36 2026] [::1]:58274 Accepted
[Mon Apr 20 14:20:36 2026] [::1]:58274 [200]: GET /wp-includes/js/tinymce/skins/lightgray/skin.min.css?wp-mce-49110-20250317
[Mon Apr 20 14:20:36 2026] [::1]:58274 Closing
[Mon Apr 20 14:20:36 2026] [::1]:58275 Accepted
[Mon Apr 20 14:20:36 2026] [::1]:58276 Accepted
[Mon Apr 20 14:20:36 2026] [::1]:58275 [200]: GET /wp-includes/js/tinymce/skins/lightgray/content.min.css?wp-mce-49110-20250317
[Mon Apr 20 14:20:36 2026] [::1]:58277 Accepted
[Mon Apr 20 14:20:36 2026] [::1]:58276 [200]: GET /wp-includes/css/dashicons.min.css?ver=6.9.4&wp-mce-49110-20250317
[Mon Apr 20 14:20:36 2026] [::1]:58277 [200]: GET /wp-includes/js/tinymce/skins/wordpress/wp-content.css?ver=6.9.4&wp-mce-49110-20250317
[Mon Apr 20 14:20:36 2026] [::1]:58275 Closing
[Mon Apr 20 14:20:36 2026] [::1]:58276 Closing
[Mon Apr 20 14:20:36 2026] [::1]:58277 Closing
[Mon Apr 20 14:20:36 2026] [::1]:58278 Accepted
[Mon Apr 20 14:20:36 2026] [::1]:58278 [200]: GET /wp-admin/admin-ajax.php?action=oembed-cache&post=96
[Mon Apr 20 14:20:36 2026] [::1]:58278 Closing
[Mon Apr 20 14:20:36 2026] [::1]:58279 Accepted
[Mon Apr 20 14:20:36 2026] [::1]:58279 [200]: GET /wp-includes/js/thickbox/loadingAnimation.gif
[Mon Apr 20 14:20:36 2026] [::1]:58279 Closing
[Mon Apr 20 14:20:42 2026] [::1]:58280 Accepted
[Mon Apr 20 14:20:42 2026] [::1]:58281 Accepted
[Mon Apr 20 14:20:42 2026] [::1]:58280 [302]: POST /wp-admin/post.php
[Mon Apr 20 14:20:42 2026] [::1]:58280 Closing
[Mon Apr 20 14:20:42 2026] [::1]:58281 [200]: GET /wp-admin/post.php?post=96&action=edit&message=1
[Mon Apr 20 14:20:42 2026] [::1]:58281 Closing
[Mon Apr 20 14:20:42 2026] [::1]:58282 Accepted
[Mon Apr 20 14:20:42 2026] [::1]:58283 Accepted
[Mon Apr 20 14:20:42 2026] [::1]:58282 [200]: GET /wp-includes/js/thickbox/thickbox.css?ver=6.9.4
[Mon Apr 20 14:20:42 2026] [::1]:58284 Accepted
[Mon Apr 20 14:20:42 2026] [::1]:58283 [200]: GET /wp-includes/js/mediaelement/mediaelementplayer-legacy.min.css?ver=4.2.17
[Mon Apr 20 14:20:42 2026] [::1]:58285 Accepted
[Mon Apr 20 14:20:42 2026] [::1]:58284 [200]: GET /wp-includes/js/mediaelement/wp-mediaelement.min.css?ver=6.9.4
[Mon Apr 20 14:20:42 2026] [::1]:58286 Accepted
[Mon Apr 20 14:20:42 2026] [::1]:58282 Closing
[Mon Apr 20 14:20:42 2026] [::1]:58285 [200]: GET /wp-includes/js/imgareaselect/imgareaselect.css?ver=0.9.8
[Mon Apr 20 14:20:42 2026] [::1]:58287 Accepted
[Mon Apr 20 14:20:42 2026] [::1]:58283 Closing
[Mon Apr 20 14:20:42 2026] [::1]:58286 [200]: GET /wp-content/plugins/elementor/vendor/elementor/wp-one-package/assets/build/common.css?ver=1.0.59
[Mon Apr 20 14:20:42 2026] [::1]:58288 Accepted
[Mon Apr 20 14:20:42 2026] [::1]:58287 [200]: GET /wp-content/plugins/elementor/assets/css/modules/editor-one/admin-menu.min.css?ver=4.0.2
[Mon Apr 20 14:20:42 2026] [::1]:58284 Closing
[Mon Apr 20 14:20:42 2026] [::1]:58289 Accepted
[Mon Apr 20 14:20:42 2026] [::1]:58288 [200]: GET /wp-content/plugins/elementor/assets/lib/eicons/css/elementor-icons.min.css?ver=5.48.0
[Mon Apr 20 14:20:42 2026] [::1]:58285 Closing
[Mon Apr 20 14:20:42 2026] [::1]:58290 Accepted
[Mon Apr 20 14:20:42 2026] [::1]:58289 [200]: GET /wp-content/plugins/elementor/assets/css/common.min.css?ver=4.0.2
[Mon Apr 20 14:20:42 2026] [::1]:58286 Closing
[Mon Apr 20 14:20:42 2026] [::1]:58291 Accepted
[Mon Apr 20 14:20:42 2026] [::1]:58287 Closing
[Mon Apr 20 14:20:42 2026] [::1]:58288 Closing
[Mon Apr 20 14:20:42 2026] [::1]:58290 [200]: GET /wp-content/plugins/elementor/assets/css/theme-light.min.css?ver=4.0.2
[Mon Apr 20 14:20:42 2026] [::1]:58289 Closing
[Mon Apr 20 14:20:42 2026] [::1]:58291 [200]: GET /wp-content/plugins/elementor/assets/css/admin.min.css?ver=4.0.2
[Mon Apr 20 14:20:42 2026] [::1]:58290 Closing
[Mon Apr 20 14:20:42 2026] [::1]:58291 Closing
[Mon Apr 20 14:20:42 2026] [::1]:58292 Accepted
[Mon Apr 20 14:20:42 2026] [::1]:58293 Accepted
[Mon Apr 20 14:20:42 2026] [::1]:58292 [200]: GET /wp-includes/css/editor.min.css?ver=6.9.4
[Mon Apr 20 14:20:42 2026] [::1]:58293 [200]: GET /wp-includes/js/dist/i18n.min.js?ver=c26c3dc7bed366793375
[Mon Apr 20 14:20:42 2026] [::1]:58292 Closing
[Mon Apr 20 14:20:42 2026] [::1]:58293 Closing
[Mon Apr 20 14:20:42 2026] [::1]:58294 Accepted
[Mon Apr 20 14:20:42 2026] [::1]:58295 Accepted
[Mon Apr 20 14:20:42 2026] [::1]:58294 [200]: GET /wp-includes/js/dist/a11y.min.js?ver=cb460b4676c94bd228ed
[Mon Apr 20 14:20:42 2026] [::1]:58295 [200]: GET /wp-admin/js/common.min.js?ver=6.9.4
[Mon Apr 20 14:20:42 2026] [::1]:58294 Closing
[Mon Apr 20 14:20:42 2026] [::1]:58295 Closing
[Mon Apr 20 14:20:43 2026] [::1]:58296 Accepted
[Mon Apr 20 14:20:43 2026] [::1]:58296 [200]: GET /wp-includes/js/hoverintent-js.min.js?ver=2.2.1
[Mon Apr 20 14:20:43 2026] [::1]:58296 Closing
[Mon Apr 20 14:20:43 2026] [::1]:58297 Accepted
[Mon Apr 20 14:20:43 2026] [::1]:58297 [200]: GET /wp-includes/js/admin-bar.min.js?ver=6.9.4
[Mon Apr 20 14:20:43 2026] [::1]:58298 Accepted
[Mon Apr 20 14:20:43 2026] [::1]:58297 Closing
[Mon Apr 20 14:20:43 2026] [::1]:58299 Accepted
[Mon Apr 20 14:20:43 2026] [::1]:58300 Accepted
[Mon Apr 20 14:20:43 2026] [::1]:58298 [200]: GET /wp-includes/js/heartbeat.min.js?ver=6.9.4
[Mon Apr 20 14:20:43 2026] [::1]:58301 Accepted
[Mon Apr 20 14:20:43 2026] [::1]:58299 [200]: GET /wp-includes/js/autosave.min.js?ver=6.9.4
[Mon Apr 20 14:20:43 2026] [::1]:58300 [200]: GET /wp-includes/js/wp-ajax-response.min.js?ver=6.9.4
[Mon Apr 20 14:20:43 2026] [::1]:58298 Closing
[Mon Apr 20 14:20:43 2026] [::1]:58299 Closing
[Mon Apr 20 14:20:43 2026] [::1]:58300 Closing
[Mon Apr 20 14:20:43 2026] [::1]:58301 [200]: GET /wp-includes/js/jquery/jquery.color.min.js?ver=3.0.0
[Mon Apr 20 14:20:43 2026] [::1]:58301 Closing
[Mon Apr 20 14:20:43 2026] [::1]:58302 Accepted
[Mon Apr 20 14:20:43 2026] [::1]:58302 [200]: GET /wp-includes/js/wp-lists.min.js?ver=6.9.4
[Mon Apr 20 14:20:43 2026] [::1]:58303 Accepted
[Mon Apr 20 14:20:43 2026] [::1]:58302 Closing
[Mon Apr 20 14:20:43 2026] [::1]:58304 Accepted
[Mon Apr 20 14:20:43 2026] [::1]:58303 [200]: GET /wp-includes/js/quicktags.min.js?ver=6.9.4
[Mon Apr 20 14:20:43 2026] [::1]:58305 Accepted
[Mon Apr 20 14:20:43 2026] [::1]:58304 [200]: GET /wp-includes/js/jquery/jquery.query.js?ver=2.2.3
[Mon Apr 20 14:20:43 2026] [::1]:58306 Accepted
[Mon Apr 20 14:20:43 2026] [::1]:58305 [200]: GET /wp-admin/js/edit-comments.min.js?ver=6.9.4
[Mon Apr 20 14:20:43 2026] [::1]:58303 Closing
[Mon Apr 20 14:20:43 2026] [::1]:58306 [200]: GET /wp-includes/js/jquery/suggest.min.js?ver=1.1-20110113
[Mon Apr 20 14:20:43 2026] [::1]:58304 Closing
[Mon Apr 20 14:20:43 2026] [::1]:58305 Closing
[Mon Apr 20 14:20:43 2026] [::1]:58306 Closing
[Mon Apr 20 14:20:43 2026] [::1]:58307 Accepted
[Mon Apr 20 14:20:43 2026] [::1]:58307 [200]: GET /wp-content/plugins/elementor/assets/lib/eicons/fonts/eicons.woff2?5.48.0
[Mon Apr 20 14:20:43 2026] [::1]:58307 Closing
[Mon Apr 20 14:20:43 2026] [::1]:58308 Accepted
[Mon Apr 20 14:20:43 2026] [::1]:58309 Accepted
[Mon Apr 20 14:20:43 2026] [::1]:58308 [200]: GET /wp-includes/js/jquery/ui/core.min.js?ver=1.13.3
[Mon Apr 20 14:20:43 2026] [::1]:58310 Accepted
[Mon Apr 20 14:20:43 2026] [::1]:58309 [200]: GET /wp-includes/js/jquery/ui/mouse.min.js?ver=1.13.3
[Mon Apr 20 14:20:43 2026] [::1]:58310 [200]: GET /wp-includes/js/jquery/ui/sortable.min.js?ver=1.13.3
[Mon Apr 20 14:20:43 2026] [::1]:58311 Accepted
[Mon Apr 20 14:20:43 2026] [::1]:58308 Closing
[Mon Apr 20 14:20:43 2026] [::1]:58309 Closing
[Mon Apr 20 14:20:43 2026] [::1]:58310 Closing
[Mon Apr 20 14:20:43 2026] [::1]:58312 Accepted
[Mon Apr 20 14:20:43 2026] [::1]:58311 [200]: GET /wp-admin/js/postbox.min.js?ver=6.9.4
[Mon Apr 20 14:20:43 2026] [::1]:58311 Closing
[Mon Apr 20 14:20:43 2026] [::1]:58312 [200]: GET /wp-includes/js/jquery/ui/menu.min.js?ver=1.13.3
[Mon Apr 20 14:20:43 2026] [::1]:58312 Closing
[Mon Apr 20 14:20:43 2026] [::1]:58313 Accepted
[Mon Apr 20 14:20:43 2026] [::1]:58313 [200]: GET /wp-includes/js/jquery/ui/autocomplete.min.js?ver=1.13.3
[Mon Apr 20 14:20:43 2026] [::1]:58313 Closing
[Mon Apr 20 14:20:43 2026] [::1]:58314 Accepted
[Mon Apr 20 14:20:43 2026] [::1]:58315 Accepted
[Mon Apr 20 14:20:43 2026] [::1]:58314 [200]: GET /wp-admin/js/tags-suggest.min.js?ver=6.9.4
[Mon Apr 20 14:20:43 2026] [::1]:58316 Accepted
[Mon Apr 20 14:20:43 2026] [::1]:58315 [200]: GET /wp-admin/js/tags-box.min.js?ver=6.9.4
[Mon Apr 20 14:20:43 2026] [::1]:58317 Accepted
[Mon Apr 20 14:20:43 2026] [::1]:58316 [200]: GET /wp-includes/js/underscore.min.js?ver=1.13.7
[Mon Apr 20 14:20:43 2026] [::1]:58318 Accepted
[Mon Apr 20 14:20:43 2026] [::1]:58314 Closing
[Mon Apr 20 14:20:43 2026] [::1]:58317 [200]: GET /wp-admin/js/word-count.min.js?ver=6.9.4
[Mon Apr 20 14:20:43 2026] [::1]:58315 Closing
[Mon Apr 20 14:20:43 2026] [::1]:58316 Closing
[Mon Apr 20 14:20:43 2026] [::1]:58317 Closing
[Mon Apr 20 14:20:43 2026] [::1]:58318 [200]: GET /wp-includes/js/wp-sanitize.min.js?ver=6.9.4
[Mon Apr 20 14:20:43 2026] [::1]:58318 Closing
[Mon Apr 20 14:20:43 2026] [::1]:58319 Accepted
[Mon Apr 20 14:20:43 2026] [::1]:58319 [200]: GET /wp-includes/js/clipboard.min.js?ver=2.0.11
[Mon Apr 20 14:20:43 2026] [::1]:58320 Accepted
[Mon Apr 20 14:20:43 2026] [::1]:58319 Closing
[Mon Apr 20 14:20:43 2026] [::1]:58320 [200]: GET /wp-admin/js/post.min.js?ver=6.9.4
[Mon Apr 20 14:20:43 2026] [::1]:58321 Accepted
[Mon Apr 20 14:20:43 2026] [::1]:58320 Closing
[Mon Apr 20 14:20:43 2026] [::1]:58321 [200]: GET /wp-admin/js/editor-expand.min.js?ver=6.9.4
[Mon Apr 20 14:20:43 2026] [::1]:58322 Accepted
[Mon Apr 20 14:20:43 2026] [::1]:58323 Accepted
[Mon Apr 20 14:20:43 2026] [::1]:58321 Closing
[Mon Apr 20 14:20:43 2026] [::1]:58322 [200]: GET /wp-includes/js/thickbox/thickbox.js?ver=3.1-20121105
[Mon Apr 20 14:20:43 2026] [::1]:58324 Accepted
[Mon Apr 20 14:20:43 2026] [::1]:58323 [200]: GET /wp-includes/js/shortcode.min.js?ver=6.9.4
[Mon Apr 20 14:20:43 2026] [::1]:58322 Closing
[Mon Apr 20 14:20:43 2026] [::1]:58323 Closing
[Mon Apr 20 14:20:43 2026] [::1]:58324 [200]: GET /wp-includes/js/backbone.min.js?ver=1.6.0
[Mon Apr 20 14:20:43 2026] [::1]:58325 Accepted
[Mon Apr 20 14:20:43 2026] [::1]:58324 Closing
[Mon Apr 20 14:20:43 2026] [::1]:58325 [200]: GET /wp-includes/js/wp-util.min.js?ver=6.9.4
[Mon Apr 20 14:20:43 2026] [::1]:58325 Closing
[Mon Apr 20 14:20:43 2026] [::1]:58326 Accepted
[Mon Apr 20 14:20:43 2026] [::1]:58327 Accepted
[Mon Apr 20 14:20:43 2026] [::1]:58326 [200]: GET /wp-includes/js/wp-backbone.min.js?ver=6.9.4
[Mon Apr 20 14:20:43 2026] [::1]:58327 [200]: GET /wp-includes/js/media-models.min.js?ver=6.9.4
[Mon Apr 20 14:20:43 2026] [::1]:58328 Accepted
[Mon Apr 20 14:20:43 2026] [::1]:58329 Accepted
[Mon Apr 20 14:20:43 2026] [::1]:58326 Closing
[Mon Apr 20 14:20:43 2026] [::1]:58327 Closing
[Mon Apr 20 14:20:43 2026] [::1]:58328 [200]: GET /wp-includes/js/plupload/wp-plupload.min.js?ver=6.9.4
[Mon Apr 20 14:20:43 2026] [::1]:58329 [200]: GET /wp-includes/js/mediaelement/mediaelement-and-player.min.js?ver=4.2.17
[Mon Apr 20 14:20:43 2026] [::1]:58328 Closing
[Mon Apr 20 14:20:43 2026] [::1]:58329 Closing
[Mon Apr 20 14:20:43 2026] [::1]:58330 Accepted
[Mon Apr 20 14:20:43 2026] [::1]:58331 Accepted
[Mon Apr 20 14:20:43 2026] [::1]:58330 [200]: GET /wp-includes/js/mediaelement/mediaelement-migrate.min.js?ver=6.9.4
[Mon Apr 20 14:20:43 2026] [::1]:58330 Closing
[Mon Apr 20 14:20:43 2026] [::1]:58331 [200]: GET /wp-includes/js/mediaelement/wp-mediaelement.min.js?ver=6.9.4
[Mon Apr 20 14:20:43 2026] [::1]:58332 Accepted
[Mon Apr 20 14:20:43 2026] [::1]:58331 Closing
[Mon Apr 20 14:20:43 2026] [::1]:58332 [200]: GET /wp-includes/js/api-request.min.js?ver=6.9.4
[Mon Apr 20 14:20:43 2026] [::1]:58332 Closing
[Mon Apr 20 14:20:43 2026] [::1]:58333 Accepted
[Mon Apr 20 14:20:43 2026] [::1]:58334 Accepted
[Mon Apr 20 14:20:43 2026] [::1]:58333 [200]: GET /wp-includes/js/media-views.min.js?ver=6.9.4
[Mon Apr 20 14:20:43 2026] [::1]:58333 Closing
[Mon Apr 20 14:20:43 2026] [::1]:58334 [200]: GET /wp-includes/js/media-editor.min.js?ver=6.9.4
[Mon Apr 20 14:20:43 2026] [::1]:58335 Accepted
[Mon Apr 20 14:20:43 2026] [::1]:58336 Accepted
[Mon Apr 20 14:20:43 2026] [::1]:58334 Closing
[Mon Apr 20 14:20:43 2026] [::1]:58335 [200]: GET /wp-includes/js/media-audiovideo.min.js?ver=6.9.4
[Mon Apr 20 14:20:43 2026] [::1]:58337 Accepted
[Mon Apr 20 14:20:43 2026] [::1]:58336 [200]: GET /wp-includes/js/mce-view.min.js?ver=6.9.4
[Mon Apr 20 14:20:43 2026] [::1]:58338 Accepted
[Mon Apr 20 14:20:43 2026] [::1]:58337 [200]: GET /wp-includes/js/imgareaselect/jquery.imgareaselect.min.js?ver=6.9.4
[Mon Apr 20 14:20:43 2026] [::1]:58335 Closing
[Mon Apr 20 14:20:43 2026] [::1]:58338 [200]: GET /wp-admin/js/image-edit.min.js?ver=6.9.4
[Mon Apr 20 14:20:43 2026] [::1]:58336 Closing
[Mon Apr 20 14:20:43 2026] [::1]:58337 Closing
[Mon Apr 20 14:20:43 2026] [::1]:58338 Closing
[Mon Apr 20 14:20:43 2026] [::1]:58339 Accepted
[Mon Apr 20 14:20:43 2026] [::1]:58340 Accepted
[Mon Apr 20 14:20:43 2026] [::1]:58341 Accepted
[Mon Apr 20 14:20:43 2026] [::1]:58339 [200]: GET /wp-includes/js/dist/vendor/react.min.js?ver=18.3.1.1
[Mon Apr 20 14:20:43 2026] [::1]:58340 [200]: GET /wp-includes/js/dist/vendor/react-dom.min.js?ver=18.3.1.1
[Mon Apr 20 14:20:43 2026] [::1]:58339 Closing
[Mon Apr 20 14:20:43 2026] [::1]:58340 Closing
[Mon Apr 20 14:20:43 2026] [::1]:58341 [200]: GET /wp-content/plugins/elementor/assets/js/packages/ui/ui.min.js?ver=4.0.2
[Mon Apr 20 14:20:43 2026] [::1]:58342 Accepted
[Mon Apr 20 14:20:43 2026] [::1]:58342 [200]: GET /wp-content/plugins/elementor/assets/js/packages/icons/icons.min.js?ver=4.0.2
[Mon Apr 20 14:20:43 2026] [::1]:58343 Accepted
[Mon Apr 20 14:20:43 2026] [::1]:58343 [200]: GET /wp-includes/js/media-grid.min.js?ver=6.9.4
[Mon Apr 20 14:20:43 2026] [::1]:58343 Closing
[Mon Apr 20 14:20:43 2026] [::1]:58342 Closing
[Mon Apr 20 14:20:43 2026] [::1]:58344 Accepted
[Mon Apr 20 14:20:43 2026] [::1]:58345 Accepted
[Mon Apr 20 14:20:43 2026] [::1]:58344 [200]: GET /wp-content/plugins/elementor/assets/js/ai-media-library.min.js?ver=4.0.2
[Mon Apr 20 14:20:43 2026] [::1]:58345 [200]: GET /wp-admin/js/svg-painter.js?ver=6.9.4
[Mon Apr 20 14:20:43 2026] [::1]:58346 Accepted
[Mon Apr 20 14:20:43 2026] [::1]:58341 Closing
[Mon Apr 20 14:20:43 2026] [::1]:58345 Closing
[Mon Apr 20 14:20:43 2026] [::1]:58346 [200]: GET /wp-includes/js/jquery/ui/draggable.min.js?ver=1.13.3
[Mon Apr 20 14:20:43 2026] [::1]:58344 Closing
[Mon Apr 20 14:20:43 2026] [::1]:58346 Closing
[Mon Apr 20 14:20:43 2026] [::1]:58347 Accepted
[Mon Apr 20 14:20:43 2026] [::1]:58347 [200]: GET /wp-content/plugins/elementor/assets/lib/backbone/backbone.marionette.min.js?ver=2.4.5.e1
[Mon Apr 20 14:20:43 2026] [::1]:58348 Accepted
[Mon Apr 20 14:20:43 2026] [::1]:58347 Closing
[Mon Apr 20 14:20:43 2026] [::1]:58348 [200]: GET /wp-content/plugins/elementor/assets/lib/backbone/backbone.radio.min.js?ver=1.0.4
[Mon Apr 20 14:20:43 2026] [::1]:58349 Accepted
[Mon Apr 20 14:20:43 2026] [::1]:58350 Accepted
[Mon Apr 20 14:20:43 2026] [::1]:58348 Closing
[Mon Apr 20 14:20:43 2026] [::1]:58349 [200]: GET /wp-content/plugins/elementor/assets/js/common-modules.min.js?ver=4.0.2
[Mon Apr 20 14:20:43 2026] [::1]:58350 [200]: GET /wp-content/plugins/elementor/assets/js/web-cli.min.js?ver=4.0.2
[Mon Apr 20 14:20:43 2026] [::1]:58351 Accepted
[Mon Apr 20 14:20:43 2026] [::1]:58352 Accepted
[Mon Apr 20 14:20:43 2026] [::1]:58349 Closing
[Mon Apr 20 14:20:43 2026] [::1]:58350 Closing
[Mon Apr 20 14:20:43 2026] [::1]:58351 [200]: GET /wp-content/plugins/elementor/assets/lib/dialog/dialog.min.js?ver=4.9.0
[Mon Apr 20 14:20:43 2026] [::1]:58351 Closing
[Mon Apr 20 14:20:43 2026] [::1]:58353 Accepted
[Mon Apr 20 14:20:43 2026] [::1]:58352 [200]: GET /wp-content/plugins/elementor/assets/js/dev-tools.min.js?ver=4.0.2
[Mon Apr 20 14:20:43 2026] [::1]:58354 Accepted
[Mon Apr 20 14:20:43 2026] [::1]:58353 [200]: GET /wp-content/plugins/elementor/assets/js/common.min.js?ver=4.0.2
[Mon Apr 20 14:20:43 2026] [::1]:58352 Closing
[Mon Apr 20 14:20:43 2026] [::1]:58354 [200]: GET /wp-content/plugins/elementor/assets/js/app-loader.min.js?ver=4.0.2
[Mon Apr 20 14:20:43 2026] [::1]:58354 Closing
[Mon Apr 20 14:20:43 2026] [::1]:58353 Closing
[Mon Apr 20 14:20:43 2026] [::1]:58355 Accepted
[Mon Apr 20 14:20:43 2026] [::1]:58356 Accepted
[Mon Apr 20 14:20:43 2026] [::1]:58355 [200]: GET /wp-includes/js/wp-auth-check.min.js?ver=6.9.4
[Mon Apr 20 14:20:43 2026] [::1]:58357 Accepted
[Mon Apr 20 14:20:43 2026] [::1]:58356 [200]: GET /wp-includes/js/dist/vendor/react-jsx-runtime.min.js?ver=18.3.1
[Mon Apr 20 14:20:43 2026] [::1]:58358 Accepted
[Mon Apr 20 14:20:43 2026] [::1]:58357 [200]: GET /wp-includes/js/dist/deprecated.min.js?ver=e1f84915c5e8ae38964c
[Mon Apr 20 14:20:43 2026] [::1]:58359 Accepted
[Mon Apr 20 14:20:43 2026] [::1]:58355 Closing
[Mon Apr 20 14:20:43 2026] [::1]:58358 [200]: GET /wp-includes/js/dist/dom.min.js?ver=26edef3be6483da3de2e
[Mon Apr 20 14:20:43 2026] [::1]:58356 Closing
[Mon Apr 20 14:20:43 2026] [::1]:58359 [200]: GET /wp-includes/js/dist/escape-html.min.js?ver=6561a406d2d232a6fbd2
[Mon Apr 20 14:20:43 2026] [::1]:58357 Closing
[Mon Apr 20 14:20:43 2026] [::1]:58358 Closing
[Mon Apr 20 14:20:43 2026] [::1]:58359 Closing
[Mon Apr 20 14:20:43 2026] [::1]:58360 Accepted
[Mon Apr 20 14:20:43 2026] [::1]:58361 Accepted
[Mon Apr 20 14:20:43 2026] [::1]:58360 [200]: GET /wp-includes/js/dist/element.min.js?ver=6a582b0c827fa25df3dd
[Mon Apr 20 14:20:43 2026] [::1]:58361 [200]: GET /wp-includes/js/dist/is-shallow-equal.min.js?ver=e0f9f1d78d83f5196979
[Mon Apr 20 14:20:43 2026] [::1]:58362 Accepted
[Mon Apr 20 14:20:43 2026] [::1]:58363 Accepted
[Mon Apr 20 14:20:43 2026] [::1]:58360 Closing
[Mon Apr 20 14:20:43 2026] [::1]:58361 Closing
[Mon Apr 20 14:20:43 2026] [::1]:58364 Accepted
[Mon Apr 20 14:20:43 2026] [::1]:58362 [200]: GET /wp-includes/js/dist/keycodes.min.js?ver=34c8fb5e7a594a1c8037
[Mon Apr 20 14:20:43 2026] [::1]:58363 [200]: GET /wp-includes/js/dist/priority-queue.min.js?ver=2d59d091223ee9a33838
[Mon Apr 20 14:20:43 2026] [::1]:58364 [200]: GET /wp-includes/js/dist/compose.min.js?ver=7a9b375d8c19cf9d3d9b
[Mon Apr 20 14:20:43 2026] [::1]:58365 Accepted
[Mon Apr 20 14:20:43 2026] [::1]:58362 Closing
[Mon Apr 20 14:20:43 2026] [::1]:58363 Closing
[Mon Apr 20 14:20:43 2026] [::1]:58364 Closing
[Mon Apr 20 14:20:43 2026] [::1]:58365 [200]: GET /wp-includes/js/dist/vendor/moment.min.js?ver=2.30.1
[Mon Apr 20 14:20:43 2026] [::1]:58366 Accepted
[Mon Apr 20 14:20:43 2026] [::1]:58365 Closing
[Mon Apr 20 14:20:43 2026] [::1]:58366 [200]: GET /wp-includes/js/dist/date.min.js?ver=795a56839718d3ff7eae
[Mon Apr 20 14:20:43 2026] [::1]:58367 Accepted
[Mon Apr 20 14:20:43 2026] [::1]:58367 [200]: GET /wp-includes/js/dist/html-entities.min.js?ver=e8b78b18a162491d5e5f
[Mon Apr 20 14:20:43 2026] [::1]:58367 Closing
[Mon Apr 20 14:20:43 2026] [::1]:58368 Accepted
[Mon Apr 20 14:20:43 2026] [::1]:58369 Accepted
[Mon Apr 20 14:20:43 2026] [::1]:58368 [200]: GET /wp-includes/js/dist/primitives.min.js?ver=0b5dcc337aa7cbf75570
[Mon Apr 20 14:20:43 2026] [::1]:58368 Closing
[Mon Apr 20 14:20:43 2026] [::1]:58369 [200]: GET /wp-includes/js/dist/private-apis.min.js?ver=4f465748bda624774139
[Mon Apr 20 14:20:43 2026] [::1]:58370 Accepted
[Mon Apr 20 14:20:43 2026] [::1]:58371 Accepted
[Mon Apr 20 14:20:43 2026] [::1]:58366 Closing
[Mon Apr 20 14:20:43 2026] [::1]:58370 [200]: GET /wp-includes/js/dist/redux-routine.min.js?ver=8bb92d45458b29590f53
[Mon Apr 20 14:20:43 2026] [::1]:58372 Accepted
[Mon Apr 20 14:20:43 2026] [::1]:58369 Closing
[Mon Apr 20 14:20:43 2026] [::1]:58371 [200]: GET /wp-includes/js/dist/data.min.js?ver=f940198280891b0b6318
[Mon Apr 20 14:20:43 2026] [::1]:58373 Accepted
[Mon Apr 20 14:20:43 2026] [::1]:58372 [200]: GET /wp-includes/js/dist/rich-text.min.js?ver=5bdbb44f3039529e3645
[Mon Apr 20 14:20:43 2026] [::1]:58370 Closing
[Mon Apr 20 14:20:43 2026] [::1]:58371 Closing
[Mon Apr 20 14:20:43 2026] [::1]:58372 Closing
[Mon Apr 20 14:20:43 2026] [::1]:58373 [200]: GET /wp-includes/js/dist/warning.min.js?ver=d69bc18c456d01c11d5a
[Mon Apr 20 14:20:43 2026] [::1]:58373 Closing
[Mon Apr 20 14:20:43 2026] [::1]:58374 Accepted
[Mon Apr 20 14:20:43 2026] [::1]:58374 [200]: GET /wp-includes/js/dist/components.min.js?ver=0d72a218dfea8f6f442f
[Mon Apr 20 14:20:43 2026] [::1]:58375 Accepted
[Mon Apr 20 14:20:43 2026] [::1]:58375 [200]: GET /wp-includes/js/dist/keyboard-shortcuts.min.js?ver=fbc45a34ce65c5723afa
[Mon Apr 20 14:20:43 2026] [::1]:58375 Closing
[Mon Apr 20 14:20:43 2026] [::1]:58376 Accepted
[Mon Apr 20 14:20:43 2026] [::1]:58374 Closing
[Mon Apr 20 14:20:43 2026] [::1]:58377 Accepted
[Mon Apr 20 14:20:43 2026] [::1]:58376 [200]: GET /wp-includes/js/dist/commands.min.js?ver=cac8f4817ab7cea0ac49
[Mon Apr 20 14:20:43 2026] [::1]:58378 Accepted
[Mon Apr 20 14:20:43 2026] [::1]:58377 [200]: GET /wp-includes/js/dist/url.min.js?ver=9e178c9516d1222dc834
[Mon Apr 20 14:20:43 2026] [::1]:58379 Accepted
[Mon Apr 20 14:20:43 2026] [::1]:58376 Closing
[Mon Apr 20 14:20:43 2026] [::1]:58378 [200]: GET /wp-includes/js/dist/api-fetch.min.js?ver=3a4d9af2b423048b0dee
[Mon Apr 20 14:20:43 2026] [::1]:58377 Closing
[Mon Apr 20 14:20:43 2026] [::1]:58378 Closing
[Mon Apr 20 14:20:43 2026] [::1]:58379 [200]: GET /wp-includes/js/dist/blob.min.js?ver=9113eed771d446f4a556
[Mon Apr 20 14:20:43 2026] [::1]:58379 Closing
[Mon Apr 20 14:20:43 2026] [::1]:58380 Accepted
[Mon Apr 20 14:20:43 2026] [::1]:58380 [200]: GET /wp-includes/js/dist/block-serialization-default-parser.min.js?ver=14d44daebf663d05d330
[Mon Apr 20 14:20:43 2026] [::1]:58380 Closing
[Mon Apr 20 14:20:43 2026] [::1]:58381 Accepted
[Mon Apr 20 14:20:43 2026] [::1]:58382 Accepted
[Mon Apr 20 14:20:43 2026] [::1]:58381 [200]: GET /wp-includes/js/dist/autop.min.js?ver=9fb50649848277dd318d
[Mon Apr 20 14:20:43 2026] [::1]:58383 Accepted
[Mon Apr 20 14:20:43 2026] [::1]:58382 [200]: GET /wp-includes/js/dist/shortcode.min.js?ver=0b3174183b858f2df320
[Mon Apr 20 14:20:43 2026] [::1]:58384 Accepted
[Mon Apr 20 14:20:43 2026] [::1]:58383 [200]: GET /wp-includes/js/dist/blocks.min.js?ver=57eca4d23daac7159d88
[Mon Apr 20 14:20:43 2026] [::1]:58381 Closing
[Mon Apr 20 14:20:43 2026] [::1]:58382 Closing
[Mon Apr 20 14:20:43 2026] [::1]:58383 Closing
[Mon Apr 20 14:20:43 2026] [::1]:58384 [200]: GET /wp-includes/js/dist/notices.min.js?ver=f62fbf15dcc23301922f
[Mon Apr 20 14:20:43 2026] [::1]:58384 Closing
[Mon Apr 20 14:20:43 2026] [::1]:58385 Accepted
[Mon Apr 20 14:20:43 2026] [::1]:58386 Accepted
[Mon Apr 20 14:20:43 2026] [::1]:58385 [200]: GET /wp-includes/js/dist/preferences-persistence.min.js?ver=e954d3a4426d311f7d1a
[Mon Apr 20 14:20:43 2026] [::1]:58385 Closing
[Mon Apr 20 14:20:43 2026] [::1]:58386 [200]: GET /wp-includes/js/dist/preferences.min.js?ver=2ca086aed510c242a1ed
[Mon Apr 20 14:20:43 2026] [::1]:58386 Closing
[Mon Apr 20 14:20:43 2026] [::1]:58387 Accepted
[Mon Apr 20 14:20:43 2026] [::1]:58388 Accepted
[Mon Apr 20 14:20:43 2026] [::1]:58387 [200]: GET /wp-includes/js/dist/style-engine.min.js?ver=7c6fcedc37dadafb8a81
[Mon Apr 20 14:20:43 2026] [::1]:58388 [200]: GET /wp-includes/js/dist/token-list.min.js?ver=cfdf635a436c3953a965
[Mon Apr 20 14:20:43 2026] [::1]:58387 Closing
[Mon Apr 20 14:20:43 2026] [::1]:58388 Closing
[Mon Apr 20 14:20:43 2026] [::1]:58389 Accepted
[Mon Apr 20 14:20:43 2026] [::1]:58389 [200]: GET /wp-includes/js/dist/block-editor.min.js?ver=addf558a422e2ee57920
[Mon Apr 20 14:20:43 2026] [::1]:58390 Accepted
[Mon Apr 20 14:20:43 2026] [::1]:58389 Closing
[Mon Apr 20 14:20:43 2026] [::1]:58391 Accepted
[Mon Apr 20 14:20:43 2026] [::1]:58390 [200]: GET /wp-includes/js/dist/core-data.min.js?ver=15baadfe6e1374188072
[Mon Apr 20 14:20:43 2026] [::1]:58390 Closing
[Mon Apr 20 14:20:43 2026] [::1]:58391 [200]: GET /wp-includes/js/dist/router.min.js?ver=2dfc4b954318a03e6a76
[Mon Apr 20 14:20:43 2026] [::1]:58392 Accepted
[Mon Apr 20 14:20:43 2026] [::1]:58391 Closing
[Mon Apr 20 14:20:43 2026] [::1]:58393 Accepted
[Mon Apr 20 14:20:43 2026] [::1]:58392 [200]: GET /wp-includes/js/dist/core-commands.min.js?ver=effe2d88d7f0c50a8ce9
[Mon Apr 20 14:20:43 2026] [::1]:58392 Closing
[Mon Apr 20 14:20:43 2026] [::1]:58393 [200]: GET /wp-content/plugins/elementor/vendor/elementor/wp-one-package/assets/build/common.js?ver=71fc09ea1a9e23155639
[Mon Apr 20 14:20:43 2026] [::1]:58394 Accepted
[Mon Apr 20 14:20:43 2026] [::1]:58393 Closing
[Mon Apr 20 14:20:43 2026] [::1]:58394 [200]: GET /wp-content/plugins/elementor/assets/js/editor-one-menu.min.js?ver=4.0.2
[Mon Apr 20 14:20:43 2026] [::1]:58394 Closing
[Mon Apr 20 14:20:43 2026] [::1]:58395 Accepted
[Mon Apr 20 14:20:43 2026] [::1]:58396 Accepted
[Mon Apr 20 14:20:43 2026] [::1]:58395 [200]: GET /wp-content/plugins/elementor/assets/js/import-export-admin.min.js?ver=4.0.2
[Mon Apr 20 14:20:43 2026] [::1]:58397 Accepted
[Mon Apr 20 14:20:43 2026] [::1]:58396 [200]: GET /wp-content/plugins/elementor/assets/js/import-export-customization-admin.min.js?ver=4.0.2
[Mon Apr 20 14:20:43 2026] [::1]:58398 Accepted
[Mon Apr 20 14:20:43 2026] [::1]:58397 [200]: GET /wp-content/plugins/elementor/assets/js/admin-modules.min.js?ver=4.0.2
[Mon Apr 20 14:20:43 2026] [::1]:58395 Closing
[Mon Apr 20 14:20:43 2026] [::1]:58398 [200]: GET /wp-content/plugins/elementor/assets/js/admin.min.js?ver=4.0.2
[Mon Apr 20 14:20:43 2026] [::1]:58396 Closing
[Mon Apr 20 14:20:43 2026] [::1]:58397 Closing
[Mon Apr 20 14:20:43 2026] [::1]:58398 Closing
[Mon Apr 20 14:20:43 2026] [::1]:58399 Accepted
[Mon Apr 20 14:20:43 2026] [::1]:58399 [200]: GET /wp-content/plugins/elementor/assets/js/media-hints.min.js?ver=4.0.2
[Mon Apr 20 14:20:43 2026] [::1]:58400 Accepted
[Mon Apr 20 14:20:43 2026] [::1]:58399 Closing
[Mon Apr 20 14:20:43 2026] [::1]:58401 Accepted
[Mon Apr 20 14:20:43 2026] [::1]:58400 [200]: GET /wp-admin/js/editor.min.js?ver=6.9.4
[Mon Apr 20 14:20:43 2026] [::1]:58402 Accepted
[Mon Apr 20 14:20:43 2026] [::1]:58401 [200]: GET /wp-includes/js/wplink.min.js?ver=6.9.4
[Mon Apr 20 14:20:43 2026] [::1]:58403 Accepted
[Mon Apr 20 14:20:43 2026] [::1]:58402 [200]: GET /wp-admin/js/media-upload.min.js?ver=6.9.4
[Mon Apr 20 14:20:43 2026] [::1]:58404 Accepted
[Mon Apr 20 14:20:43 2026] [::1]:58400 Closing
[Mon Apr 20 14:20:43 2026] [::1]:58403 [200]: GET /wp-includes/js/tinymce/wp-tinymce.js?ver=49110-20250317
[Mon Apr 20 14:20:43 2026] [::1]:58401 Closing
[Mon Apr 20 14:20:43 2026] [::1]:58404 [200]: GET /wp-includes/js/wp-embed.min.js?ver=6.9.4
[Mon Apr 20 14:20:43 2026] [::1]:58402 Closing
[Mon Apr 20 14:20:43 2026] [::1]:58404 Closing
[Mon Apr 20 14:20:43 2026] [::1]:58403 Closing
[Mon Apr 20 14:20:43 2026] [::1]:58405 Accepted
[Mon Apr 20 14:20:43 2026] [::1]:58405 [200]: GET /wp-includes/js/tinymce/skins/lightgray/skin.min.css?wp-mce-49110-20250317
[Mon Apr 20 14:20:43 2026] [::1]:58405 Closing
[Mon Apr 20 14:20:43 2026] [::1]:58406 Accepted
[Mon Apr 20 14:20:43 2026] [::1]:58407 Accepted
[Mon Apr 20 14:20:43 2026] [::1]:58408 Accepted
[Mon Apr 20 14:20:43 2026] [::1]:58406 [200]: GET /wp-includes/js/tinymce/skins/lightgray/content.min.css?wp-mce-49110-20250317
[Mon Apr 20 14:20:43 2026] [::1]:58407 [200]: GET /wp-includes/css/dashicons.min.css?ver=6.9.4&wp-mce-49110-20250317
[Mon Apr 20 14:20:43 2026] [::1]:58408 [200]: GET /wp-includes/js/tinymce/skins/wordpress/wp-content.css?ver=6.9.4&wp-mce-49110-20250317
[Mon Apr 20 14:20:43 2026] [::1]:58406 Closing
[Mon Apr 20 14:20:43 2026] [::1]:58407 Closing
[Mon Apr 20 14:20:43 2026] [::1]:58408 Closing
[Mon Apr 20 14:20:43 2026] [::1]:58409 Accepted
[Mon Apr 20 14:20:43 2026] [::1]:58409 [200]: GET /wp-admin/admin-ajax.php?action=oembed-cache&post=96
[Mon Apr 20 14:20:43 2026] [::1]:58409 Closing
[Mon Apr 20 14:20:43 2026] [::1]:58410 Accepted
[Mon Apr 20 14:20:43 2026] [::1]:58410 [200]: GET /wp-includes/js/thickbox/loadingAnimation.gif
[Mon Apr 20 14:20:43 2026] [::1]:58410 Closing
[Mon Apr 20 14:21:14 2026] [::1]:58416 Accepted
[Mon Apr 20 14:21:14 2026] [::1]:58416 [200]: GET /wp-admin/nav-menus.php
[Mon Apr 20 14:21:14 2026] [::1]:58416 Closing
[Mon Apr 20 14:21:14 2026] [::1]:58417 Accepted
[Mon Apr 20 14:21:14 2026] [::1]:58418 Accepted
[Mon Apr 20 14:21:14 2026] [::1]:58417 [200]: POST /wp-admin/admin-ajax.php
[Mon Apr 20 14:21:14 2026] [::1]:58417 Closing
[Mon Apr 20 14:21:14 2026] [::1]:58419 Accepted
[Mon Apr 20 14:21:14 2026] [::1]:58418 [200]: GET /wp-content/plugins/elementor/vendor/elementor/wp-one-package/assets/build/common.css?ver=1.0.59
[Mon Apr 20 14:21:14 2026] [::1]:58420 Accepted
[Mon Apr 20 14:21:14 2026] [::1]:58419 [200]: GET /wp-content/plugins/elementor/assets/css/modules/editor-one/admin-menu.min.css?ver=4.0.2
[Mon Apr 20 14:21:14 2026] [::1]:58421 Accepted
[Mon Apr 20 14:21:14 2026] [::1]:58420 [200]: GET /wp-content/plugins/elementor/assets/lib/eicons/css/elementor-icons.min.css?ver=5.48.0
[Mon Apr 20 14:21:14 2026] [::1]:58422 Accepted
[Mon Apr 20 14:21:14 2026] [::1]:58418 Closing
[Mon Apr 20 14:21:14 2026] [::1]:58421 [200]: GET /wp-content/plugins/elementor/assets/css/common.min.css?ver=4.0.2
[Mon Apr 20 14:21:14 2026] [::1]:58423 Accepted
[Mon Apr 20 14:21:14 2026] [::1]:58419 Closing
[Mon Apr 20 14:21:14 2026] [::1]:58422 [200]: GET /wp-content/plugins/elementor/assets/css/theme-light.min.css?ver=4.0.2
[Mon Apr 20 14:21:14 2026] [::1]:58424 Accepted
[Mon Apr 20 14:21:14 2026] [::1]:58423 [200]: GET /wp-content/plugins/elementor/assets/css/admin.min.css?ver=4.0.2
[Mon Apr 20 14:21:14 2026] [::1]:58420 Closing
[Mon Apr 20 14:21:14 2026] [::1]:58421 Closing
[Mon Apr 20 14:21:14 2026] [::1]:58422 Closing
[Mon Apr 20 14:21:14 2026] [::1]:58423 Closing
[Mon Apr 20 14:21:14 2026] [::1]:58425 Accepted
[Mon Apr 20 14:21:14 2026] [::1]:58424 [200]: GET /wp-includes/js/thickbox/thickbox.css?ver=6.9.4
[Mon Apr 20 14:21:14 2026] [::1]:58424 Closing
[Mon Apr 20 14:21:14 2026] [::1]:58426 Accepted
[Mon Apr 20 14:21:14 2026] [::1]:58425 [200]: GET /wp-includes/js/dist/i18n.min.js?ver=c26c3dc7bed366793375
[Mon Apr 20 14:21:14 2026] [::1]:58425 Closing
[Mon Apr 20 14:21:14 2026] [::1]:58427 Accepted
[Mon Apr 20 14:21:14 2026] [::1]:58426 [200]: GET /wp-includes/js/dist/a11y.min.js?ver=cb460b4676c94bd228ed
[Mon Apr 20 14:21:14 2026] [::1]:58427 [200]: GET /wp-includes/js/jquery/ui/core.min.js?ver=1.13.3
[Mon Apr 20 14:21:14 2026] [::1]:58426 Closing
[Mon Apr 20 14:21:14 2026] [::1]:58428 Accepted
[Mon Apr 20 14:21:14 2026] [::1]:58427 Closing
[Mon Apr 20 14:21:14 2026] [::1]:58429 Accepted
[Mon Apr 20 14:21:14 2026] [::1]:58428 [200]: GET /wp-includes/js/jquery/ui/mouse.min.js?ver=1.13.3
[Mon Apr 20 14:21:14 2026] [::1]:58429 [200]: GET /wp-includes/js/jquery/ui/sortable.min.js?ver=1.13.3
[Mon Apr 20 14:21:14 2026] [::1]:58428 Closing
[Mon Apr 20 14:21:14 2026] [::1]:58429 Closing
[Mon Apr 20 14:21:14 2026] [::1]:58430 Accepted
[Mon Apr 20 14:21:14 2026] [::1]:58431 Accepted
[Mon Apr 20 14:21:14 2026] [::1]:58430 [200]: GET /wp-includes/js/jquery/ui/draggable.min.js?ver=1.13.3
[Mon Apr 20 14:21:14 2026] [::1]:58432 Accepted
[Mon Apr 20 14:21:14 2026] [::1]:58430 Closing
[Mon Apr 20 14:21:14 2026] [::1]:58431 [200]: GET /wp-includes/js/wp-ajax-response.min.js?ver=6.9.4
[Mon Apr 20 14:21:14 2026] [::1]:58432 [200]: GET /wp-includes/js/jquery/jquery.color.min.js?ver=3.0.0
[Mon Apr 20 14:21:14 2026] [::1]:58433 Accepted
[Mon Apr 20 14:21:14 2026] [::1]:58434 Accepted
[Mon Apr 20 14:21:14 2026] [::1]:58431 Closing
[Mon Apr 20 14:21:14 2026] [::1]:58432 Closing
[Mon Apr 20 14:21:14 2026] [::1]:58433 [200]: GET /wp-includes/js/wp-lists.min.js?ver=6.9.4
[Mon Apr 20 14:21:14 2026] [::1]:58434 [200]: GET /wp-admin/js/postbox.min.js?ver=6.9.4
[Mon Apr 20 14:21:14 2026] [::1]:58433 Closing
[Mon Apr 20 14:21:14 2026] [::1]:58435 Accepted
[Mon Apr 20 14:21:14 2026] [::1]:58434 Closing
[Mon Apr 20 14:21:14 2026] [::1]:58435 [200]: GET /wp-includes/js/underscore.min.js?ver=1.13.7
[Mon Apr 20 14:21:14 2026] [::1]:58436 Accepted
[Mon Apr 20 14:21:14 2026] [::1]:58435 Closing
[Mon Apr 20 14:21:14 2026] [::1]:58437 Accepted
[Mon Apr 20 14:21:14 2026] [::1]:58436 [200]: GET /wp-includes/js/jquery/ui/droppable.min.js?ver=1.13.3
[Mon Apr 20 14:21:14 2026] [::1]:58437 [200]: GET /wp-admin/js/nav-menu.min.js?ver=6.9.4
[Mon Apr 20 14:21:14 2026] [::1]:58436 Closing
[Mon Apr 20 14:21:14 2026] [::1]:58437 Closing
[Mon Apr 20 14:21:14 2026] [::1]:58438 Accepted
[Mon Apr 20 14:21:14 2026] [::1]:58438 [200]: GET /wp-admin/js/common.min.js?ver=6.9.4
[Mon Apr 20 14:21:14 2026] [::1]:58438 Closing
[Mon Apr 20 14:21:14 2026] [::1]:58439 Accepted
[Mon Apr 20 14:21:14 2026] [::1]:58440 Accepted
[Mon Apr 20 14:21:14 2026] [::1]:58439 [200]: GET /wp-includes/js/hoverintent-js.min.js?ver=2.2.1
[Mon Apr 20 14:21:14 2026] [::1]:58440 [200]: GET /wp-includes/js/admin-bar.min.js?ver=6.9.4
[Mon Apr 20 14:21:14 2026] [::1]:58439 Closing
[Mon Apr 20 14:21:14 2026] [::1]:58440 Closing
[Mon Apr 20 14:21:14 2026] [::1]:58441 Accepted
[Mon Apr 20 14:21:14 2026] [::1]:58441 [200]: GET /wp-admin/js/svg-painter.js?ver=6.9.4
[Mon Apr 20 14:21:14 2026] [::1]:58441 Closing
[Mon Apr 20 14:21:14 2026] [::1]:58442 Accepted
[Mon Apr 20 14:21:14 2026] [::1]:58443 Accepted
[Mon Apr 20 14:21:14 2026] [::1]:58442 [200]: GET /wp-includes/js/backbone.min.js?ver=1.6.0
[Mon Apr 20 14:21:14 2026] [::1]:58444 Accepted
[Mon Apr 20 14:21:14 2026] [::1]:58443 [200]: GET /wp-content/plugins/elementor/assets/lib/backbone/backbone.marionette.min.js?ver=2.4.5.e1
[Mon Apr 20 14:21:14 2026] [::1]:58445 Accepted
[Mon Apr 20 14:21:14 2026] [::1]:58444 [200]: GET /wp-content/plugins/elementor/assets/lib/backbone/backbone.radio.min.js?ver=1.0.4
[Mon Apr 20 14:21:14 2026] [::1]:58446 Accepted
[Mon Apr 20 14:21:14 2026] [::1]:58442 Closing
[Mon Apr 20 14:21:14 2026] [::1]:58445 [200]: GET /wp-content/plugins/elementor/assets/js/common-modules.min.js?ver=4.0.2
[Mon Apr 20 14:21:14 2026] [::1]:58443 Closing
[Mon Apr 20 14:21:14 2026] [::1]:58446 [200]: GET /wp-content/plugins/elementor/assets/js/web-cli.min.js?ver=4.0.2
[Mon Apr 20 14:21:14 2026] [::1]:58444 Closing
[Mon Apr 20 14:21:14 2026] [::1]:58445 Closing
[Mon Apr 20 14:21:14 2026] [::1]:58446 Closing
[Mon Apr 20 14:21:14 2026] [::1]:58447 Accepted
[Mon Apr 20 14:21:14 2026] [::1]:58447 [200]: GET /wp-content/plugins/elementor/assets/lib/dialog/dialog.min.js?ver=4.9.0
[Mon Apr 20 14:21:14 2026] [::1]:58447 Closing
[Mon Apr 20 14:21:14 2026] [::1]:58448 Accepted
[Mon Apr 20 14:21:14 2026] [::1]:58449 Accepted
[Mon Apr 20 14:21:14 2026] [::1]:58450 Accepted
[Mon Apr 20 14:21:14 2026] [::1]:58448 [200]: GET /wp-admin/images/spinner-2x.gif
[Mon Apr 20 14:21:14 2026] [::1]:58449 [200]: GET /wp-includes/js/api-request.min.js?ver=6.9.4
[Mon Apr 20 14:21:14 2026] [::1]:58451 Accepted
[Mon Apr 20 14:21:14 2026] [::1]:58450 [200]: GET /wp-content/plugins/elementor/assets/js/dev-tools.min.js?ver=4.0.2
[Mon Apr 20 14:21:14 2026] [::1]:58452 Accepted
[Mon Apr 20 14:21:14 2026] [::1]:58451 [200]: GET /wp-content/plugins/elementor/assets/js/common.min.js?ver=4.0.2
[Mon Apr 20 14:21:14 2026] [::1]:58453 Accepted
[Mon Apr 20 14:21:14 2026] [::1]:58448 Closing
[Mon Apr 20 14:21:14 2026] [::1]:58449 Closing
[Mon Apr 20 14:21:14 2026] [::1]:58452 [200]: GET /wp-content/plugins/elementor/assets/js/app-loader.min.js?ver=4.0.2
[Mon Apr 20 14:21:14 2026] [::1]:58450 Closing
[Mon Apr 20 14:21:14 2026] [::1]:58453 [200]: GET /wp-includes/js/heartbeat.min.js?ver=6.9.4
[Mon Apr 20 14:21:14 2026] [::1]:58452 Closing
[Mon Apr 20 14:21:14 2026] [::1]:58453 Closing
[Mon Apr 20 14:21:14 2026] [::1]:58451 Closing
[Mon Apr 20 14:21:14 2026] [::1]:58454 Accepted
[Mon Apr 20 14:21:14 2026] [::1]:58454 [200]: GET /wp-includes/js/wp-auth-check.min.js?ver=6.9.4
[Mon Apr 20 14:21:14 2026] [::1]:58455 Accepted
[Mon Apr 20 14:21:14 2026] [::1]:58455 [200]: GET /wp-includes/js/dist/vendor/react.min.js?ver=18.3.1.1
[Mon Apr 20 14:21:14 2026] [::1]:58456 Accepted
[Mon Apr 20 14:21:14 2026] [::1]:58454 Closing
[Mon Apr 20 14:21:14 2026] [::1]:58456 [200]: GET /wp-includes/js/dist/vendor/react-dom.min.js?ver=18.3.1.1
[Mon Apr 20 14:21:14 2026] [::1]:58455 Closing
[Mon Apr 20 14:21:14 2026] [::1]:58456 Closing
[Mon Apr 20 14:21:14 2026] [::1]:58457 Accepted
[Mon Apr 20 14:21:14 2026] [::1]:58457 [200]: GET /wp-includes/js/dist/vendor/react-jsx-runtime.min.js?ver=18.3.1
[Mon Apr 20 14:21:14 2026] [::1]:58458 Accepted
[Mon Apr 20 14:21:14 2026] [::1]:58459 Accepted
[Mon Apr 20 14:21:14 2026] [::1]:58457 Closing
[Mon Apr 20 14:21:14 2026] [::1]:58458 [200]: GET /wp-includes/js/dist/deprecated.min.js?ver=e1f84915c5e8ae38964c
[Mon Apr 20 14:21:14 2026] [::1]:58459 [200]: GET /wp-includes/js/dist/dom.min.js?ver=26edef3be6483da3de2e
[Mon Apr 20 14:21:14 2026] [::1]:58458 Closing
[Mon Apr 20 14:21:14 2026] [::1]:58459 Closing
[Mon Apr 20 14:21:14 2026] [::1]:58460 Accepted
[Mon Apr 20 14:21:14 2026] [::1]:58461 Accepted
[Mon Apr 20 14:21:14 2026] [::1]:58462 Accepted
[Mon Apr 20 14:21:14 2026] [::1]:58460 [200]: GET /wp-includes/js/dist/escape-html.min.js?ver=6561a406d2d232a6fbd2
[Mon Apr 20 14:21:14 2026] [::1]:58460 Closing
[Mon Apr 20 14:21:14 2026] [::1]:58461 [200]: GET /wp-includes/js/dist/element.min.js?ver=6a582b0c827fa25df3dd
[Mon Apr 20 14:21:14 2026] [::1]:58462 [200]: GET /wp-includes/js/dist/is-shallow-equal.min.js?ver=e0f9f1d78d83f5196979
[Mon Apr 20 14:21:14 2026] [::1]:58463 Accepted
[Mon Apr 20 14:21:14 2026] [::1]:58461 Closing
[Mon Apr 20 14:21:14 2026] [::1]:58462 Closing
[Mon Apr 20 14:21:14 2026] [::1]:58463 [200]: GET /wp-includes/js/dist/keycodes.min.js?ver=34c8fb5e7a594a1c8037
[Mon Apr 20 14:21:14 2026] [::1]:58464 Accepted
[Mon Apr 20 14:21:14 2026] [::1]:58464 [200]: GET /wp-includes/js/dist/priority-queue.min.js?ver=2d59d091223ee9a33838
[Mon Apr 20 14:21:14 2026] [::1]:58463 Closing
[Mon Apr 20 14:21:14 2026] [::1]:58464 Closing
[Mon Apr 20 14:21:14 2026] [::1]:58465 Accepted
[Mon Apr 20 14:21:14 2026] [::1]:58466 Accepted
[Mon Apr 20 14:21:14 2026] [::1]:58465 [200]: GET /wp-includes/js/dist/compose.min.js?ver=7a9b375d8c19cf9d3d9b
[Mon Apr 20 14:21:14 2026] [::1]:58467 Accepted
[Mon Apr 20 14:21:14 2026] [::1]:58466 [200]: GET /wp-includes/js/dist/vendor/moment.min.js?ver=2.30.1
[Mon Apr 20 14:21:14 2026] [::1]:58465 Closing
[Mon Apr 20 14:21:14 2026] [::1]:58466 Closing
[Mon Apr 20 14:21:14 2026] [::1]:58467 [200]: GET /wp-includes/js/dist/date.min.js?ver=795a56839718d3ff7eae
[Mon Apr 20 14:21:14 2026] [::1]:58468 Accepted
[Mon Apr 20 14:21:14 2026] [::1]:58469 Accepted
[Mon Apr 20 14:21:14 2026] [::1]:58468 [200]: GET /wp-includes/js/dist/html-entities.min.js?ver=e8b78b18a162491d5e5f
[Mon Apr 20 14:21:14 2026] [::1]:58470 Accepted
[Mon Apr 20 14:21:14 2026] [::1]:58469 [200]: GET /wp-includes/js/dist/primitives.min.js?ver=0b5dcc337aa7cbf75570
[Mon Apr 20 14:21:14 2026] [::1]:58470 [200]: GET /wp-includes/js/dist/private-apis.min.js?ver=4f465748bda624774139
[Mon Apr 20 14:21:14 2026] [::1]:58468 Closing
[Mon Apr 20 14:21:14 2026] [::1]:58469 Closing
[Mon Apr 20 14:21:14 2026] [::1]:58470 Closing
[Mon Apr 20 14:21:14 2026] [::1]:58467 Closing
[Mon Apr 20 14:21:14 2026] [::1]:58471 Accepted
[Mon Apr 20 14:21:14 2026] [::1]:58472 Accepted
[Mon Apr 20 14:21:14 2026] [::1]:58471 [200]: GET /wp-includes/js/dist/redux-routine.min.js?ver=8bb92d45458b29590f53
[Mon Apr 20 14:21:14 2026] [::1]:58473 Accepted
[Mon Apr 20 14:21:14 2026] [::1]:58472 [200]: GET /wp-includes/js/dist/data.min.js?ver=f940198280891b0b6318
[Mon Apr 20 14:21:14 2026] [::1]:58471 Closing
[Mon Apr 20 14:21:14 2026] [::1]:58472 Closing
[Mon Apr 20 14:21:14 2026] [::1]:58473 [200]: GET /wp-includes/js/dist/rich-text.min.js?ver=5bdbb44f3039529e3645
[Mon Apr 20 14:21:14 2026] [::1]:58474 Accepted
[Mon Apr 20 14:21:14 2026] [::1]:58473 Closing
[Mon Apr 20 14:21:14 2026] [::1]:58474 [200]: GET /wp-includes/js/dist/warning.min.js?ver=d69bc18c456d01c11d5a
[Mon Apr 20 14:21:14 2026] [::1]:58475 Accepted
[Mon Apr 20 14:21:14 2026] [::1]:58476 Accepted
[Mon Apr 20 14:21:14 2026] [::1]:58475 [200]: GET /wp-includes/js/dist/components.min.js?ver=0d72a218dfea8f6f442f
[Mon Apr 20 14:21:14 2026] [::1]:58474 Closing
[Mon Apr 20 14:21:14 2026] [::1]:58476 [200]: GET /wp-includes/js/dist/keyboard-shortcuts.min.js?ver=fbc45a34ce65c5723afa
[Mon Apr 20 14:21:14 2026] [::1]:58477 Accepted
[Mon Apr 20 14:21:14 2026] [::1]:58478 Accepted
[Mon Apr 20 14:21:14 2026] [::1]:58476 Closing
[Mon Apr 20 14:21:14 2026] [::1]:58477 [200]: GET /wp-includes/js/dist/commands.min.js?ver=cac8f4817ab7cea0ac49
[Mon Apr 20 14:21:14 2026] [::1]:58477 Closing
[Mon Apr 20 14:21:14 2026] [::1]:58478 [200]: GET /wp-includes/js/dist/url.min.js?ver=9e178c9516d1222dc834
[Mon Apr 20 14:21:14 2026] [::1]:58478 Closing
[Mon Apr 20 14:21:14 2026] [::1]:58475 Closing
[Mon Apr 20 14:21:14 2026] [::1]:58479 Accepted
[Mon Apr 20 14:21:14 2026] [::1]:58479 [200]: GET /wp-includes/js/dist/api-fetch.min.js?ver=3a4d9af2b423048b0dee
[Mon Apr 20 14:21:14 2026] [::1]:58480 Accepted
[Mon Apr 20 14:21:14 2026] [::1]:58479 Closing
[Mon Apr 20 14:21:14 2026] [::1]:58480 [200]: GET /wp-includes/js/dist/blob.min.js?ver=9113eed771d446f4a556
[Mon Apr 20 14:21:14 2026] [::1]:58481 Accepted
[Mon Apr 20 14:21:14 2026] [::1]:58481 [200]: GET /wp-includes/js/dist/block-serialization-default-parser.min.js?ver=14d44daebf663d05d330
[Mon Apr 20 14:21:14 2026] [::1]:58480 Closing
[Mon Apr 20 14:21:14 2026] [::1]:58481 Closing
[Mon Apr 20 14:21:14 2026] [::1]:58482 Accepted
[Mon Apr 20 14:21:14 2026] [::1]:58483 Accepted
[Mon Apr 20 14:21:14 2026] [::1]:58482 [200]: GET /wp-includes/js/dist/autop.min.js?ver=9fb50649848277dd318d
[Mon Apr 20 14:21:14 2026] [::1]:58484 Accepted
[Mon Apr 20 14:21:14 2026] [::1]:58483 [200]: GET /wp-includes/js/dist/shortcode.min.js?ver=0b3174183b858f2df320
[Mon Apr 20 14:21:14 2026] [::1]:58482 Closing
[Mon Apr 20 14:21:14 2026] [::1]:58483 Closing
[Mon Apr 20 14:21:14 2026] [::1]:58484 [200]: GET /wp-includes/js/dist/blocks.min.js?ver=57eca4d23daac7159d88
[Mon Apr 20 14:21:14 2026] [::1]:58485 Accepted
[Mon Apr 20 14:21:14 2026] [::1]:58486 Accepted
[Mon Apr 20 14:21:14 2026] [::1]:58485 [200]: GET /wp-includes/js/dist/notices.min.js?ver=f62fbf15dcc23301922f
[Mon Apr 20 14:21:14 2026] [::1]:58486 [200]: GET /wp-includes/js/dist/preferences-persistence.min.js?ver=e954d3a4426d311f7d1a
[Mon Apr 20 14:21:14 2026] [::1]:58484 Closing
[Mon Apr 20 14:21:14 2026] [::1]:58485 Closing
[Mon Apr 20 14:21:14 2026] [::1]:58486 Closing
[Mon Apr 20 14:21:14 2026] [::1]:58487 Accepted
[Mon Apr 20 14:21:14 2026] [::1]:58487 [200]: GET /wp-includes/js/dist/preferences.min.js?ver=2ca086aed510c242a1ed
[Mon Apr 20 14:21:14 2026] [::1]:58488 Accepted
[Mon Apr 20 14:21:14 2026] [::1]:58487 Closing
[Mon Apr 20 14:21:14 2026] [::1]:58488 [200]: GET /wp-includes/js/dist/style-engine.min.js?ver=7c6fcedc37dadafb8a81
[Mon Apr 20 14:21:14 2026] [::1]:58488 Closing
[Mon Apr 20 14:21:14 2026] [::1]:58489 Accepted
[Mon Apr 20 14:21:14 2026] [::1]:58489 [200]: GET /wp-includes/js/dist/token-list.min.js?ver=cfdf635a436c3953a965
[Mon Apr 20 14:21:14 2026] [::1]:58490 Accepted
[Mon Apr 20 14:21:14 2026] [::1]:58489 Closing
[Mon Apr 20 14:21:14 2026] [::1]:58491 Accepted
[Mon Apr 20 14:21:14 2026] [::1]:58490 [200]: GET /wp-includes/js/dist/block-editor.min.js?ver=addf558a422e2ee57920
[Mon Apr 20 14:21:14 2026] [::1]:58491 [200]: GET /wp-includes/js/dist/core-data.min.js?ver=15baadfe6e1374188072
[Mon Apr 20 14:21:14 2026] [::1]:58492 Accepted
[Mon Apr 20 14:21:14 2026] [::1]:58491 Closing
[Mon Apr 20 14:21:14 2026] [::1]:58492 [200]: GET /wp-includes/js/dist/router.min.js?ver=2dfc4b954318a03e6a76
[Mon Apr 20 14:21:14 2026] [::1]:58493 Accepted
[Mon Apr 20 14:21:14 2026] [::1]:58494 Accepted
[Mon Apr 20 14:21:14 2026] [::1]:58492 Closing
[Mon Apr 20 14:21:14 2026] [::1]:58493 [200]: GET /wp-includes/js/dist/core-commands.min.js?ver=effe2d88d7f0c50a8ce9
[Mon Apr 20 14:21:14 2026] [::1]:58493 Closing
[Mon Apr 20 14:21:14 2026] [::1]:58494 [200]: GET /wp-content/plugins/elementor/vendor/elementor/wp-one-package/assets/build/common.js?ver=71fc09ea1a9e23155639
[Mon Apr 20 14:21:14 2026] [::1]:58495 Accepted
[Mon Apr 20 14:21:14 2026] [::1]:58494 Closing
[Mon Apr 20 14:21:14 2026] [::1]:58495 [200]: GET /wp-content/plugins/elementor/assets/js/editor-one-menu.min.js?ver=4.0.2
[Mon Apr 20 14:21:14 2026] [::1]:58495 Closing
[Mon Apr 20 14:21:14 2026] [::1]:58490 Closing
[Mon Apr 20 14:21:14 2026] [::1]:58496 Accepted
[Mon Apr 20 14:21:14 2026] [::1]:58496 [200]: GET /wp-content/plugins/elementor/assets/js/import-export-admin.min.js?ver=4.0.2
[Mon Apr 20 14:21:14 2026] [::1]:58497 Accepted
[Mon Apr 20 14:21:14 2026] [::1]:58498 Accepted
[Mon Apr 20 14:21:14 2026] [::1]:58496 Closing
[Mon Apr 20 14:21:14 2026] [::1]:58499 Accepted
[Mon Apr 20 14:21:14 2026] [::1]:58497 [200]: GET /wp-content/plugins/elementor/assets/js/import-export-customization-admin.min.js?ver=4.0.2
[Mon Apr 20 14:21:14 2026] [::1]:58498 [200]: GET /wp-content/plugins/elementor/assets/js/admin-modules.min.js?ver=4.0.2
[Mon Apr 20 14:21:14 2026] [::1]:58497 Closing
[Mon Apr 20 14:21:14 2026] [::1]:58498 Closing
[Mon Apr 20 14:21:14 2026] [::1]:58499 [200]: GET /wp-content/plugins/elementor/assets/js/admin.min.js?ver=4.0.2
[Mon Apr 20 14:21:14 2026] [::1]:58500 Accepted
[Mon Apr 20 14:21:14 2026] [::1]:58499 Closing
[Mon Apr 20 14:21:14 2026] [::1]:58500 [200]: GET /wp-content/plugins/elementor/assets/js/media-hints.min.js?ver=4.0.2
[Mon Apr 20 14:21:14 2026] [::1]:58500 Closing
[Mon Apr 20 14:21:14 2026] [::1]:58501 Accepted
[Mon Apr 20 14:21:14 2026] [::1]:58501 [200]: GET /wp-includes/js/thickbox/thickbox.js?ver=3.1-20121105
[Mon Apr 20 14:21:14 2026] [::1]:58501 Closing
[Mon Apr 20 14:21:14 2026] [::1]:58502 Accepted
[Mon Apr 20 14:21:14 2026] [::1]:58502 [200]: GET /wp-admin/js/accordion.min.js?ver=6.9.4
[Mon Apr 20 14:21:14 2026] [::1]:58502 Closing
[Mon Apr 20 14:21:14 2026] [::1]:58503 Accepted
[Mon Apr 20 14:21:14 2026] [::1]:58503 [200]: GET /wp-includes/js/thickbox/loadingAnimation.gif
[Mon Apr 20 14:21:14 2026] [::1]:58503 Closing
[Mon Apr 20 14:21:19 2026] [::1]:58504 Accepted
[Mon Apr 20 14:21:19 2026] [::1]:58504 [200]: GET /wp-admin/nav-menus.php?action=edit&menu=2
[Mon Apr 20 14:21:19 2026] [::1]:58504 Closing
[Mon Apr 20 14:21:19 2026] [::1]:58505 Accepted
[Mon Apr 20 14:21:19 2026] [::1]:58506 Accepted
[Mon Apr 20 14:21:19 2026] [::1]:58505 [200]: GET /wp-content/plugins/elementor/vendor/elementor/wp-one-package/assets/build/common.css?ver=1.0.59
[Mon Apr 20 14:21:19 2026] [::1]:58507 Accepted
[Mon Apr 20 14:21:19 2026] [::1]:58506 [200]: GET /wp-content/plugins/elementor/assets/css/modules/editor-one/admin-menu.min.css?ver=4.0.2
[Mon Apr 20 14:21:19 2026] [::1]:58508 Accepted
[Mon Apr 20 14:21:19 2026] [::1]:58507 [200]: GET /wp-content/plugins/elementor/assets/lib/eicons/css/elementor-icons.min.css?ver=5.48.0
[Mon Apr 20 14:21:19 2026] [::1]:58509 Accepted
[Mon Apr 20 14:21:19 2026] [::1]:58505 Closing
[Mon Apr 20 14:21:19 2026] [::1]:58508 [200]: GET /wp-content/plugins/elementor/assets/css/common.min.css?ver=4.0.2
[Mon Apr 20 14:21:19 2026] [::1]:58510 Accepted
[Mon Apr 20 14:21:19 2026] [::1]:58506 Closing
[Mon Apr 20 14:21:19 2026] [::1]:58509 [200]: GET /wp-content/plugins/elementor/assets/css/theme-light.min.css?ver=4.0.2
[Mon Apr 20 14:21:19 2026] [::1]:58510 [200]: GET /wp-content/plugins/elementor/assets/css/admin.min.css?ver=4.0.2
[Mon Apr 20 14:21:19 2026] [::1]:58507 Closing
[Mon Apr 20 14:21:19 2026] [::1]:58511 Accepted
[Mon Apr 20 14:21:19 2026] [::1]:58508 Closing
[Mon Apr 20 14:21:19 2026] [::1]:58509 Closing
[Mon Apr 20 14:21:19 2026] [::1]:58512 Accepted
[Mon Apr 20 14:21:19 2026] [::1]:58510 Closing
[Mon Apr 20 14:21:19 2026] [::1]:58511 [200]: GET /wp-includes/js/thickbox/thickbox.css?ver=6.9.4
[Mon Apr 20 14:21:19 2026] [::1]:58511 Closing
[Mon Apr 20 14:21:19 2026] [::1]:58513 Accepted
[Mon Apr 20 14:21:19 2026] [::1]:58512 [200]: GET /wp-includes/js/dist/i18n.min.js?ver=c26c3dc7bed366793375
[Mon Apr 20 14:21:19 2026] [::1]:58512 Closing
[Mon Apr 20 14:21:19 2026] [::1]:58514 Accepted
[Mon Apr 20 14:21:19 2026] [::1]:58513 [200]: GET /wp-includes/js/dist/a11y.min.js?ver=cb460b4676c94bd228ed
[Mon Apr 20 14:21:19 2026] [::1]:58513 Closing
[Mon Apr 20 14:21:19 2026] [::1]:58515 Accepted
[Mon Apr 20 14:21:19 2026] [::1]:58514 [200]: GET /wp-includes/js/jquery/ui/core.min.js?ver=1.13.3
[Mon Apr 20 14:21:19 2026] [::1]:58514 Closing
[Mon Apr 20 14:21:19 2026] [::1]:58515 [200]: GET /wp-includes/js/jquery/ui/mouse.min.js?ver=1.13.3
[Mon Apr 20 14:21:19 2026] [::1]:58515 Closing
[Mon Apr 20 14:21:19 2026] [::1]:58516 Accepted
[Mon Apr 20 14:21:19 2026] [::1]:58516 [200]: GET /wp-includes/js/jquery/ui/sortable.min.js?ver=1.13.3
[Mon Apr 20 14:21:19 2026] [::1]:58517 Accepted
[Mon Apr 20 14:21:19 2026] [::1]:58516 Closing
[Mon Apr 20 14:21:19 2026] [::1]:58518 Accepted
[Mon Apr 20 14:21:19 2026] [::1]:58517 [200]: GET /wp-includes/js/jquery/ui/draggable.min.js?ver=1.13.3
[Mon Apr 20 14:21:19 2026] [::1]:58519 Accepted
[Mon Apr 20 14:21:19 2026] [::1]:58518 [200]: GET /wp-includes/js/jquery/ui/droppable.min.js?ver=1.13.3
[Mon Apr 20 14:21:19 2026] [::1]:58520 Accepted
[Mon Apr 20 14:21:19 2026] [::1]:58517 Closing
[Mon Apr 20 14:21:19 2026] [::1]:58521 Accepted
[Mon Apr 20 14:21:19 2026] [::1]:58518 Closing
[Mon Apr 20 14:21:19 2026] [::1]:58519 [200]: GET /wp-includes/js/wp-ajax-response.min.js?ver=6.9.4
[Mon Apr 20 14:21:19 2026] [::1]:58521 [200]: GET /wp-includes/js/wp-lists.min.js?ver=6.9.4
[Mon Apr 20 14:21:19 2026] [::1]:58520 [200]: GET /wp-includes/js/jquery/jquery.color.min.js?ver=3.0.0
[Mon Apr 20 14:21:19 2026] [::1]:58522 Accepted
[Mon Apr 20 14:21:19 2026] [::1]:58519 Closing
[Mon Apr 20 14:21:19 2026] [::1]:58522 [200]: GET /wp-admin/js/postbox.min.js?ver=6.9.4
[Mon Apr 20 14:21:19 2026] [::1]:58523 Accepted
[Mon Apr 20 14:21:19 2026] [::1]:58521 Closing
[Mon Apr 20 14:21:19 2026] [::1]:58520 Closing
[Mon Apr 20 14:21:19 2026] [::1]:58524 Accepted
[Mon Apr 20 14:21:19 2026] [::1]:58522 Closing
[Mon Apr 20 14:21:19 2026] [::1]:58523 [200]: GET /wp-includes/js/underscore.min.js?ver=1.13.7
[Mon Apr 20 14:21:19 2026] [::1]:58524 [200]: GET /wp-admin/js/nav-menu.min.js?ver=6.9.4
[Mon Apr 20 14:21:19 2026] [::1]:58525 Accepted
[Mon Apr 20 14:21:19 2026] [::1]:58523 Closing
[Mon Apr 20 14:21:19 2026] [::1]:58524 Closing
[Mon Apr 20 14:21:19 2026] [::1]:58525 [200]: GET /wp-admin/js/common.min.js?ver=6.9.4
[Mon Apr 20 14:21:19 2026] [::1]:58526 Accepted
[Mon Apr 20 14:21:19 2026] [::1]:58526 [200]: GET /wp-includes/js/hoverintent-js.min.js?ver=2.2.1
[Mon Apr 20 14:21:19 2026] [::1]:58525 Closing
[Mon Apr 20 14:21:19 2026] [::1]:58526 Closing
[Mon Apr 20 14:21:19 2026] [::1]:58527 Accepted
[Mon Apr 20 14:21:19 2026] [::1]:58527 [200]: GET /wp-includes/js/admin-bar.min.js?ver=6.9.4
[Mon Apr 20 14:21:19 2026] [::1]:58527 Closing
[Mon Apr 20 14:21:19 2026] [::1]:58528 Accepted
[Mon Apr 20 14:21:19 2026] [::1]:58528 [200]: GET /wp-admin/js/svg-painter.js?ver=6.9.4
[Mon Apr 20 14:21:19 2026] [::1]:58528 Closing
[Mon Apr 20 14:21:19 2026] [::1]:58529 Accepted
[Mon Apr 20 14:21:19 2026] [::1]:58530 Accepted
[Mon Apr 20 14:21:19 2026] [::1]:58531 Accepted
[Mon Apr 20 14:21:19 2026] [::1]:58529 [200]: GET /wp-includes/js/backbone.min.js?ver=1.6.0
[Mon Apr 20 14:21:19 2026] [::1]:58532 Accepted
[Mon Apr 20 14:21:19 2026] [::1]:58530 [200]: GET /wp-content/plugins/elementor/assets/lib/backbone/backbone.marionette.min.js?ver=2.4.5.e1
[Mon Apr 20 14:21:19 2026] [::1]:58531 [200]: GET /wp-content/plugins/elementor/assets/lib/backbone/backbone.radio.min.js?ver=1.0.4
[Mon Apr 20 14:21:19 2026] [::1]:58533 Accepted
[Mon Apr 20 14:21:19 2026] [::1]:58532 [200]: GET /wp-content/plugins/elementor/assets/js/common-modules.min.js?ver=4.0.2
[Mon Apr 20 14:21:19 2026] [::1]:58534 Accepted
[Mon Apr 20 14:21:19 2026] [::1]:58529 Closing
[Mon Apr 20 14:21:19 2026] [::1]:58533 [200]: GET /wp-content/plugins/elementor/assets/js/web-cli.min.js?ver=4.0.2
[Mon Apr 20 14:21:19 2026] [::1]:58530 Closing
[Mon Apr 20 14:21:19 2026] [::1]:58531 Closing
[Mon Apr 20 14:21:19 2026] [::1]:58534 [200]: GET /wp-content/plugins/elementor/assets/lib/dialog/dialog.min.js?ver=4.9.0
[Mon Apr 20 14:21:19 2026] [::1]:58532 Closing
[Mon Apr 20 14:21:19 2026] [::1]:58533 Closing
[Mon Apr 20 14:21:19 2026] [::1]:58534 Closing
[Mon Apr 20 14:21:19 2026] [::1]:58535 Accepted
[Mon Apr 20 14:21:19 2026] [::1]:58536 Accepted
[Mon Apr 20 14:21:19 2026] [::1]:58535 [200]: GET /wp-includes/js/api-request.min.js?ver=6.9.4
[Mon Apr 20 14:21:19 2026] [::1]:58537 Accepted
[Mon Apr 20 14:21:19 2026] [::1]:58536 [200]: GET /wp-content/plugins/elementor/assets/js/dev-tools.min.js?ver=4.0.2
[Mon Apr 20 14:21:19 2026] [::1]:58538 Accepted
[Mon Apr 20 14:21:19 2026] [::1]:58537 [200]: GET /wp-content/plugins/elementor/assets/js/common.min.js?ver=4.0.2
[Mon Apr 20 14:21:19 2026] [::1]:58539 Accepted
[Mon Apr 20 14:21:19 2026] [::1]:58535 Closing
[Mon Apr 20 14:21:19 2026] [::1]:58538 [200]: GET /wp-content/plugins/elementor/assets/js/app-loader.min.js?ver=4.0.2
[Mon Apr 20 14:21:19 2026] [::1]:58540 Accepted
[Mon Apr 20 14:21:19 2026] [::1]:58536 Closing
[Mon Apr 20 14:21:19 2026] [::1]:58539 [200]: GET /wp-includes/js/heartbeat.min.js?ver=6.9.4
[Mon Apr 20 14:21:19 2026] [::1]:58540 [200]: GET /wp-includes/js/wp-auth-check.min.js?ver=6.9.4
[Mon Apr 20 14:21:19 2026] [::1]:58538 Closing
[Mon Apr 20 14:21:19 2026] [::1]:58539 Closing
[Mon Apr 20 14:21:19 2026] [::1]:58540 Closing
[Mon Apr 20 14:21:19 2026] [::1]:58537 Closing
[Mon Apr 20 14:21:19 2026] [::1]:58541 Accepted
[Mon Apr 20 14:21:19 2026] [::1]:58541 [200]: GET /wp-includes/js/dist/vendor/react.min.js?ver=18.3.1.1
[Mon Apr 20 14:21:19 2026] [::1]:58541 Closing
[Mon Apr 20 14:21:19 2026] [::1]:58542 Accepted
[Mon Apr 20 14:21:19 2026] [::1]:58542 [200]: GET /wp-includes/js/dist/vendor/react-dom.min.js?ver=18.3.1.1
[Mon Apr 20 14:21:19 2026] [::1]:58542 Closing
[Mon Apr 20 14:21:19 2026] [::1]:58543 Accepted
[Mon Apr 20 14:21:19 2026] [::1]:58544 Accepted
[Mon Apr 20 14:21:19 2026] [::1]:58543 [200]: GET /wp-includes/js/dist/vendor/react-jsx-runtime.min.js?ver=18.3.1
[Mon Apr 20 14:21:19 2026] [::1]:58545 Accepted
[Mon Apr 20 14:21:19 2026] [::1]:58544 [200]: GET /wp-includes/js/dist/deprecated.min.js?ver=e1f84915c5e8ae38964c
[Mon Apr 20 14:21:19 2026] [::1]:58545 [200]: GET /wp-includes/js/dist/dom.min.js?ver=26edef3be6483da3de2e
[Mon Apr 20 14:21:19 2026] [::1]:58546 Accepted
[Mon Apr 20 14:21:19 2026] [::1]:58543 Closing
[Mon Apr 20 14:21:19 2026] [::1]:58544 Closing
[Mon Apr 20 14:21:19 2026] [::1]:58545 Closing
[Mon Apr 20 14:21:19 2026] [::1]:58546 [200]: GET /wp-includes/js/dist/escape-html.min.js?ver=6561a406d2d232a6fbd2
[Mon Apr 20 14:21:19 2026] [::1]:58547 Accepted
[Mon Apr 20 14:21:19 2026] [::1]:58546 Closing
[Mon Apr 20 14:21:19 2026] [::1]:58547 [200]: GET /wp-includes/js/dist/element.min.js?ver=6a582b0c827fa25df3dd
[Mon Apr 20 14:21:19 2026] [::1]:58547 Closing
[Mon Apr 20 14:21:19 2026] [::1]:58548 Accepted
[Mon Apr 20 14:21:19 2026] [::1]:58549 Accepted
[Mon Apr 20 14:21:19 2026] [::1]:58548 [200]: GET /wp-includes/js/dist/is-shallow-equal.min.js?ver=e0f9f1d78d83f5196979
[Mon Apr 20 14:21:19 2026] [::1]:58549 [200]: GET /wp-includes/js/dist/keycodes.min.js?ver=34c8fb5e7a594a1c8037
[Mon Apr 20 14:21:19 2026] [::1]:58550 Accepted
[Mon Apr 20 14:21:19 2026] [::1]:58548 Closing
[Mon Apr 20 14:21:19 2026] [::1]:58549 Closing
[Mon Apr 20 14:21:19 2026] [::1]:58550 [200]: GET /wp-includes/js/dist/priority-queue.min.js?ver=2d59d091223ee9a33838
[Mon Apr 20 14:21:19 2026] [::1]:58551 Accepted
[Mon Apr 20 14:21:19 2026] [::1]:58550 Closing
[Mon Apr 20 14:21:19 2026] [::1]:58552 Accepted
[Mon Apr 20 14:21:19 2026] [::1]:58551 [200]: GET /wp-includes/js/dist/compose.min.js?ver=7a9b375d8c19cf9d3d9b
[Mon Apr 20 14:21:19 2026] [::1]:58551 Closing
[Mon Apr 20 14:21:19 2026] [::1]:58552 [200]: GET /wp-includes/js/dist/vendor/moment.min.js?ver=2.30.1
[Mon Apr 20 14:21:19 2026] [::1]:58552 Closing
[Mon Apr 20 14:21:19 2026] [::1]:58553 Accepted
[Mon Apr 20 14:21:19 2026] [::1]:58553 [200]: GET /wp-includes/js/dist/date.min.js?ver=795a56839718d3ff7eae
[Mon Apr 20 14:21:19 2026] [::1]:58554 Accepted
[Mon Apr 20 14:21:19 2026] [::1]:58555 Accepted
[Mon Apr 20 14:21:19 2026] [::1]:58554 [200]: GET /wp-includes/js/dist/html-entities.min.js?ver=e8b78b18a162491d5e5f
[Mon Apr 20 14:21:19 2026] [::1]:58553 Closing
[Mon Apr 20 14:21:19 2026] [::1]:58554 Closing
[Mon Apr 20 14:21:19 2026] [::1]:58555 [200]: GET /wp-includes/js/dist/primitives.min.js?ver=0b5dcc337aa7cbf75570
[Mon Apr 20 14:21:19 2026] [::1]:58555 Closing
[Mon Apr 20 14:21:19 2026] [::1]:58556 Accepted
[Mon Apr 20 14:21:19 2026] [::1]:58556 [200]: GET /wp-includes/js/dist/private-apis.min.js?ver=4f465748bda624774139
[Mon Apr 20 14:21:19 2026] [::1]:58557 Accepted
[Mon Apr 20 14:21:19 2026] [::1]:58558 Accepted
[Mon Apr 20 14:21:19 2026] [::1]:58557 [200]: GET /wp-includes/js/dist/redux-routine.min.js?ver=8bb92d45458b29590f53
[Mon Apr 20 14:21:19 2026] [::1]:58556 Closing
[Mon Apr 20 14:21:19 2026] [::1]:58558 [200]: GET /wp-includes/js/dist/data.min.js?ver=f940198280891b0b6318
[Mon Apr 20 14:21:19 2026] [::1]:58557 Closing
[Mon Apr 20 14:21:19 2026] [::1]:58558 Closing
[Mon Apr 20 14:21:19 2026] [::1]:58559 Accepted
[Mon Apr 20 14:21:19 2026] [::1]:58559 [200]: GET /wp-includes/js/dist/rich-text.min.js?ver=5bdbb44f3039529e3645
[Mon Apr 20 14:21:19 2026] [::1]:58560 Accepted
[Mon Apr 20 14:21:19 2026] [::1]:58559 Closing
[Mon Apr 20 14:21:19 2026] [::1]:58560 [200]: GET /wp-includes/js/dist/warning.min.js?ver=d69bc18c456d01c11d5a
[Mon Apr 20 14:21:19 2026] [::1]:58560 Closing
[Mon Apr 20 14:21:19 2026] [::1]:58561 Accepted
[Mon Apr 20 14:21:19 2026] [::1]:58561 [200]: GET /wp-includes/js/dist/components.min.js?ver=0d72a218dfea8f6f442f
[Mon Apr 20 14:21:19 2026] [::1]:58562 Accepted
[Mon Apr 20 14:21:19 2026] [::1]:58563 Accepted
[Mon Apr 20 14:21:19 2026] [::1]:58562 [200]: GET /wp-includes/js/dist/keyboard-shortcuts.min.js?ver=fbc45a34ce65c5723afa
[Mon Apr 20 14:21:19 2026] [::1]:58564 Accepted
[Mon Apr 20 14:21:19 2026] [::1]:58561 Closing
[Mon Apr 20 14:21:19 2026] [::1]:58563 [200]: GET /wp-includes/js/dist/commands.min.js?ver=cac8f4817ab7cea0ac49
[Mon Apr 20 14:21:19 2026] [::1]:58565 Accepted
[Mon Apr 20 14:21:19 2026] [::1]:58564 [200]: GET /wp-includes/js/dist/url.min.js?ver=9e178c9516d1222dc834
[Mon Apr 20 14:21:19 2026] [::1]:58566 Accepted
[Mon Apr 20 14:21:19 2026] [::1]:58565 [200]: GET /wp-includes/js/dist/api-fetch.min.js?ver=3a4d9af2b423048b0dee
[Mon Apr 20 14:21:19 2026] [::1]:58562 Closing
[Mon Apr 20 14:21:19 2026] [::1]:58563 Closing
[Mon Apr 20 14:21:19 2026] [::1]:58566 [200]: GET /wp-includes/js/dist/blob.min.js?ver=9113eed771d446f4a556
[Mon Apr 20 14:21:19 2026] [::1]:58564 Closing
[Mon Apr 20 14:21:19 2026] [::1]:58565 Closing
[Mon Apr 20 14:21:19 2026] [::1]:58566 Closing
[Mon Apr 20 14:21:19 2026] [::1]:58567 Accepted
[Mon Apr 20 14:21:19 2026] [::1]:58567 [200]: GET /wp-includes/js/dist/block-serialization-default-parser.min.js?ver=14d44daebf663d05d330
[Mon Apr 20 14:21:19 2026] [::1]:58567 Closing
[Mon Apr 20 14:21:19 2026] [::1]:58568 Accepted
[Mon Apr 20 14:21:19 2026] [::1]:58568 [200]: GET /wp-includes/js/dist/autop.min.js?ver=9fb50649848277dd318d
[Mon Apr 20 14:21:19 2026] [::1]:58569 Accepted
[Mon Apr 20 14:21:19 2026] [::1]:58570 Accepted
[Mon Apr 20 14:21:19 2026] [::1]:58568 Closing
[Mon Apr 20 14:21:19 2026] [::1]:58569 [200]: GET /wp-includes/js/dist/shortcode.min.js?ver=0b3174183b858f2df320
[Mon Apr 20 14:21:19 2026] [::1]:58569 Closing
[Mon Apr 20 14:21:19 2026] [::1]:58571 Accepted
[Mon Apr 20 14:21:19 2026] [::1]:58570 [200]: GET /wp-includes/js/dist/blocks.min.js?ver=57eca4d23daac7159d88
[Mon Apr 20 14:21:19 2026] [::1]:58572 Accepted
[Mon Apr 20 14:21:19 2026] [::1]:58571 [200]: GET /wp-includes/js/dist/notices.min.js?ver=f62fbf15dcc23301922f
[Mon Apr 20 14:21:19 2026] [::1]:58573 Accepted
[Mon Apr 20 14:21:19 2026] [::1]:58572 [200]: GET /wp-includes/js/dist/preferences-persistence.min.js?ver=e954d3a4426d311f7d1a
[Mon Apr 20 14:21:19 2026] [::1]:58573 [200]: GET /wp-includes/js/dist/preferences.min.js?ver=2ca086aed510c242a1ed
[Mon Apr 20 14:21:19 2026] [::1]:58571 Closing
[Mon Apr 20 14:21:19 2026] [::1]:58570 Closing
[Mon Apr 20 14:21:19 2026] [::1]:58572 Closing
[Mon Apr 20 14:21:19 2026] [::1]:58573 Closing
[Mon Apr 20 14:21:19 2026] [::1]:58574 Accepted
[Mon Apr 20 14:21:19 2026] [::1]:58575 Accepted
[Mon Apr 20 14:21:19 2026] [::1]:58574 [200]: GET /wp-includes/js/dist/style-engine.min.js?ver=7c6fcedc37dadafb8a81
[Mon Apr 20 14:21:19 2026] [::1]:58575 [200]: GET /wp-includes/js/dist/token-list.min.js?ver=cfdf635a436c3953a965
[Mon Apr 20 14:21:19 2026] [::1]:58576 Accepted
[Mon Apr 20 14:21:19 2026] [::1]:58574 Closing
[Mon Apr 20 14:21:19 2026] [::1]:58575 Closing
[Mon Apr 20 14:21:19 2026] [::1]:58577 Accepted
[Mon Apr 20 14:21:19 2026] [::1]:58576 [200]: GET /wp-includes/js/dist/block-editor.min.js?ver=addf558a422e2ee57920
[Mon Apr 20 14:21:19 2026] [::1]:58577 [200]: GET /wp-includes/js/dist/core-data.min.js?ver=15baadfe6e1374188072
[Mon Apr 20 14:21:19 2026] [::1]:58578 Accepted
[Mon Apr 20 14:21:19 2026] [::1]:58577 Closing
[Mon Apr 20 14:21:19 2026] [::1]:58579 Accepted
[Mon Apr 20 14:21:19 2026] [::1]:58578 [200]: GET /wp-includes/js/dist/router.min.js?ver=2dfc4b954318a03e6a76
[Mon Apr 20 14:21:19 2026] [::1]:58578 Closing
[Mon Apr 20 14:21:19 2026] [::1]:58579 [200]: GET /wp-includes/js/dist/core-commands.min.js?ver=effe2d88d7f0c50a8ce9
[Mon Apr 20 14:21:19 2026] [::1]:58579 Closing
[Mon Apr 20 14:21:19 2026] [::1]:58580 Accepted
[Mon Apr 20 14:21:19 2026] [::1]:58580 [200]: GET /wp-content/plugins/elementor/vendor/elementor/wp-one-package/assets/build/common.js?ver=71fc09ea1a9e23155639
[Mon Apr 20 14:21:19 2026] [::1]:58581 Accepted
[Mon Apr 20 14:21:19 2026] [::1]:58580 Closing
[Mon Apr 20 14:21:19 2026] [::1]:58581 [200]: GET /wp-content/plugins/elementor/assets/js/editor-one-menu.min.js?ver=4.0.2
[Mon Apr 20 14:21:19 2026] [::1]:58582 Accepted
[Mon Apr 20 14:21:19 2026] [::1]:58576 Closing
[Mon Apr 20 14:21:19 2026] [::1]:58581 Closing
[Mon Apr 20 14:21:19 2026] [::1]:58582 [200]: GET /wp-content/plugins/elementor/assets/js/import-export-admin.min.js?ver=4.0.2
[Mon Apr 20 14:21:19 2026] [::1]:58582 Closing
[Mon Apr 20 14:21:19 2026] [::1]:58583 Accepted
[Mon Apr 20 14:21:19 2026] [::1]:58583 [200]: GET /wp-content/plugins/elementor/assets/js/import-export-customization-admin.min.js?ver=4.0.2
[Mon Apr 20 14:21:19 2026] [::1]:58584 Accepted
[Mon Apr 20 14:21:19 2026] [::1]:58585 Accepted
[Mon Apr 20 14:21:19 2026] [::1]:58584 [200]: GET /wp-content/plugins/elementor/assets/js/admin-modules.min.js?ver=4.0.2
[Mon Apr 20 14:21:19 2026] [::1]:58583 Closing
[Mon Apr 20 14:21:19 2026] [::1]:58584 Closing
[Mon Apr 20 14:21:19 2026] [::1]:58585 [200]: GET /wp-content/plugins/elementor/assets/js/admin.min.js?ver=4.0.2
[Mon Apr 20 14:21:19 2026] [::1]:58585 Closing
[Mon Apr 20 14:21:19 2026] [::1]:58586 Accepted
[Mon Apr 20 14:21:19 2026] [::1]:58587 Accepted
[Mon Apr 20 14:21:19 2026] [::1]:58586 [200]: GET /wp-content/plugins/elementor/assets/js/media-hints.min.js?ver=4.0.2
[Mon Apr 20 14:21:19 2026] [::1]:58587 [200]: GET /wp-includes/js/thickbox/thickbox.js?ver=3.1-20121105
[Mon Apr 20 14:21:19 2026] [::1]:58588 Accepted
[Mon Apr 20 14:21:19 2026] [::1]:58586 Closing
[Mon Apr 20 14:21:19 2026] [::1]:58588 [200]: GET /wp-admin/js/accordion.min.js?ver=6.9.4
[Mon Apr 20 14:21:19 2026] [::1]:58587 Closing
[Mon Apr 20 14:21:19 2026] [::1]:58588 Closing
[Mon Apr 20 14:21:19 2026] [::1]:58589 Accepted
[Mon Apr 20 14:21:19 2026] [::1]:58589 [200]: GET /wp-includes/js/thickbox/loadingAnimation.gif
[Mon Apr 20 14:21:19 2026] [::1]:58589 Closing
[Mon Apr 20 14:21:22 2026] [::1]:58590 Accepted
[Mon Apr 20 14:21:26 2026] [::1]:58590 [200]: POST /wp-admin/admin-ajax.php
[Mon Apr 20 14:21:26 2026] [::1]:58590 Closing
[Mon Apr 20 14:21:33 2026] [::1]:58592 Accepted
[Mon Apr 20 14:21:33 2026] [::1]:58593 Accepted
[Mon Apr 20 14:21:34 2026] [::1]:58592 [200]: POST /wp-admin/nav-menus.php?action=edit&menu=2
[Mon Apr 20 14:21:34 2026] [::1]:58592 Closing
[Mon Apr 20 14:21:34 2026] [::1]:58594 Accepted
[Mon Apr 20 14:21:34 2026] [::1]:58593 [200]: GET /wp-content/plugins/elementor/vendor/elementor/wp-one-package/assets/build/common.css?ver=1.0.59
[Mon Apr 20 14:21:34 2026] [::1]:58595 Accepted
[Mon Apr 20 14:21:34 2026] [::1]:58594 [200]: GET /wp-content/plugins/elementor/assets/css/modules/editor-one/admin-menu.min.css?ver=4.0.2
[Mon Apr 20 14:21:34 2026] [::1]:58596 Accepted
[Mon Apr 20 14:21:34 2026] [::1]:58595 [200]: GET /wp-content/plugins/elementor/assets/lib/eicons/css/elementor-icons.min.css?ver=5.48.0
[Mon Apr 20 14:21:34 2026] [::1]:58597 Accepted
[Mon Apr 20 14:21:34 2026] [::1]:58593 Closing
[Mon Apr 20 14:21:34 2026] [::1]:58596 [200]: GET /wp-content/plugins/elementor/assets/css/common.min.css?ver=4.0.2
[Mon Apr 20 14:21:34 2026] [::1]:58598 Accepted
[Mon Apr 20 14:21:34 2026] [::1]:58594 Closing
[Mon Apr 20 14:21:34 2026] [::1]:58597 [200]: GET /wp-content/plugins/elementor/assets/css/theme-light.min.css?ver=4.0.2
[Mon Apr 20 14:21:34 2026] [::1]:58598 [200]: GET /wp-content/plugins/elementor/assets/css/admin.min.css?ver=4.0.2
[Mon Apr 20 14:21:34 2026] [::1]:58595 Closing
[Mon Apr 20 14:21:34 2026] [::1]:58596 Closing
[Mon Apr 20 14:21:34 2026] [::1]:58597 Closing
[Mon Apr 20 14:21:34 2026] [::1]:58598 Closing
[Mon Apr 20 14:21:34 2026] [::1]:58599 Accepted
[Mon Apr 20 14:21:34 2026] [::1]:58600 Accepted
[Mon Apr 20 14:21:34 2026] [::1]:58601 Accepted
[Mon Apr 20 14:21:34 2026] [::1]:58599 [200]: GET /wp-includes/js/thickbox/thickbox.css?ver=6.9.4
[Mon Apr 20 14:21:34 2026] [::1]:58600 [200]: GET /wp-includes/js/dist/i18n.min.js?ver=c26c3dc7bed366793375
[Mon Apr 20 14:21:34 2026] [::1]:58602 Accepted
[Mon Apr 20 14:21:34 2026] [::1]:58599 Closing
[Mon Apr 20 14:21:34 2026] [::1]:58600 Closing
[Mon Apr 20 14:21:34 2026] [::1]:58601 [200]: GET /wp-includes/js/dist/a11y.min.js?ver=cb460b4676c94bd228ed
[Mon Apr 20 14:21:34 2026] [::1]:58601 Closing
[Mon Apr 20 14:21:34 2026] [::1]:58603 Accepted
[Mon Apr 20 14:21:34 2026] [::1]:58602 [200]: GET /wp-includes/js/jquery/ui/core.min.js?ver=1.13.3
[Mon Apr 20 14:21:34 2026] [::1]:58602 Closing
[Mon Apr 20 14:21:34 2026] [::1]:58603 [200]: GET /wp-includes/js/jquery/ui/mouse.min.js?ver=1.13.3
[Mon Apr 20 14:21:34 2026] [::1]:58603 Closing
[Mon Apr 20 14:21:34 2026] [::1]:58604 Accepted
[Mon Apr 20 14:21:34 2026] [::1]:58604 [200]: GET /wp-includes/js/jquery/ui/sortable.min.js?ver=1.13.3
[Mon Apr 20 14:21:34 2026] [::1]:58605 Accepted
[Mon Apr 20 14:21:34 2026] [::1]:58604 Closing
[Mon Apr 20 14:21:34 2026] [::1]:58606 Accepted
[Mon Apr 20 14:21:34 2026] [::1]:58605 [200]: GET /wp-includes/js/jquery/ui/draggable.min.js?ver=1.13.3
[Mon Apr 20 14:21:34 2026] [::1]:58605 Closing
[Mon Apr 20 14:21:34 2026] [::1]:58607 Accepted
[Mon Apr 20 14:21:34 2026] [::1]:58608 Accepted
[Mon Apr 20 14:21:34 2026] [::1]:58606 [200]: GET /wp-includes/js/jquery/ui/droppable.min.js?ver=1.13.3
[Mon Apr 20 14:21:34 2026] [::1]:58609 Accepted
[Mon Apr 20 14:21:34 2026] [::1]:58606 Closing
[Mon Apr 20 14:21:34 2026] [::1]:58607 [200]: GET /wp-includes/js/wp-ajax-response.min.js?ver=6.9.4
[Mon Apr 20 14:21:34 2026] [::1]:58608 [200]: GET /wp-includes/js/jquery/jquery.color.min.js?ver=3.0.0
[Mon Apr 20 14:21:34 2026] [::1]:58609 [200]: GET /wp-includes/js/wp-lists.min.js?ver=6.9.4
[Mon Apr 20 14:21:34 2026] [::1]:58610 Accepted
[Mon Apr 20 14:21:34 2026] [::1]:58611 Accepted
[Mon Apr 20 14:21:34 2026] [::1]:58607 Closing
[Mon Apr 20 14:21:34 2026] [::1]:58610 [200]: GET /wp-admin/js/postbox.min.js?ver=6.9.4
[Mon Apr 20 14:21:34 2026] [::1]:58612 Accepted
[Mon Apr 20 14:21:34 2026] [::1]:58608 Closing
[Mon Apr 20 14:21:34 2026] [::1]:58609 Closing
[Mon Apr 20 14:21:34 2026] [::1]:58610 Closing
[Mon Apr 20 14:21:34 2026] [::1]:58611 [200]: GET /wp-includes/js/underscore.min.js?ver=1.13.7
[Mon Apr 20 14:21:34 2026] [::1]:58612 [200]: GET /wp-admin/js/nav-menu.min.js?ver=6.9.4
[Mon Apr 20 14:21:34 2026] [::1]:58611 Closing
[Mon Apr 20 14:21:34 2026] [::1]:58612 Closing
[Mon Apr 20 14:21:34 2026] [::1]:58613 Accepted
[Mon Apr 20 14:21:34 2026] [::1]:58613 [200]: GET /wp-admin/js/common.min.js?ver=6.9.4
[Mon Apr 20 14:21:34 2026] [::1]:58614 Accepted
[Mon Apr 20 14:21:34 2026] [::1]:58613 Closing
[Mon Apr 20 14:21:34 2026] [::1]:58614 [200]: GET /wp-includes/js/hoverintent-js.min.js?ver=2.2.1
[Mon Apr 20 14:21:34 2026] [::1]:58614 Closing
[Mon Apr 20 14:21:34 2026] [::1]:58615 Accepted
[Mon Apr 20 14:21:34 2026] [::1]:58615 [200]: GET /wp-includes/js/admin-bar.min.js?ver=6.9.4
[Mon Apr 20 14:21:34 2026] [::1]:58615 Closing
[Mon Apr 20 14:21:34 2026] [::1]:58616 Accepted
[Mon Apr 20 14:21:34 2026] [::1]:58617 Accepted
[Mon Apr 20 14:21:34 2026] [::1]:58618 Accepted
[Mon Apr 20 14:21:34 2026] [::1]:58616 [200]: GET /wp-admin/js/svg-painter.js?ver=6.9.4
[Mon Apr 20 14:21:34 2026] [::1]:58619 Accepted
[Mon Apr 20 14:21:34 2026] [::1]:58617 [200]: GET /wp-includes/js/backbone.min.js?ver=1.6.0
[Mon Apr 20 14:21:34 2026] [::1]:58618 [200]: GET /wp-content/plugins/elementor/assets/lib/backbone/backbone.marionette.min.js?ver=2.4.5.e1
[Mon Apr 20 14:21:34 2026] [::1]:58620 Accepted
[Mon Apr 20 14:21:34 2026] [::1]:58619 [200]: GET /wp-content/plugins/elementor/assets/lib/backbone/backbone.radio.min.js?ver=1.0.4
[Mon Apr 20 14:21:34 2026] [::1]:58616 Closing
[Mon Apr 20 14:21:34 2026] [::1]:58620 [200]: GET /wp-content/plugins/elementor/assets/js/common-modules.min.js?ver=4.0.2
[Mon Apr 20 14:21:34 2026] [::1]:58617 Closing
[Mon Apr 20 14:21:34 2026] [::1]:58618 Closing
[Mon Apr 20 14:21:34 2026] [::1]:58619 Closing
[Mon Apr 20 14:21:34 2026] [::1]:58620 Closing
[Mon Apr 20 14:21:34 2026] [::1]:58621 Accepted
[Mon Apr 20 14:21:34 2026] [::1]:58621 [200]: GET /wp-content/plugins/elementor/assets/js/web-cli.min.js?ver=4.0.2
[Mon Apr 20 14:21:34 2026] [::1]:58621 Closing
[Mon Apr 20 14:21:34 2026] [::1]:58622 Accepted
[Mon Apr 20 14:21:34 2026] [::1]:58622 [200]: GET /wp-content/plugins/elementor/assets/lib/dialog/dialog.min.js?ver=4.9.0
[Mon Apr 20 14:21:34 2026] [::1]:58622 Closing
[Mon Apr 20 14:21:34 2026] [::1]:58623 Accepted
[Mon Apr 20 14:21:34 2026] [::1]:58624 Accepted
[Mon Apr 20 14:21:34 2026] [::1]:58623 [200]: GET /wp-includes/js/api-request.min.js?ver=6.9.4
[Mon Apr 20 14:21:34 2026] [::1]:58623 Closing
[Mon Apr 20 14:21:34 2026] [::1]:58624 [200]: GET /wp-content/plugins/elementor/assets/js/dev-tools.min.js?ver=4.0.2
[Mon Apr 20 14:21:34 2026] [::1]:58625 Accepted
[Mon Apr 20 14:21:34 2026] [::1]:58624 Closing
[Mon Apr 20 14:21:34 2026] [::1]:58625 [200]: GET /wp-content/plugins/elementor/assets/js/common.min.js?ver=4.0.2
[Mon Apr 20 14:21:34 2026] [::1]:58626 Accepted
[Mon Apr 20 14:21:34 2026] [::1]:58625 Closing
[Mon Apr 20 14:21:34 2026] [::1]:58626 [200]: GET /wp-content/plugins/elementor/assets/js/app-loader.min.js?ver=4.0.2
[Mon Apr 20 14:21:34 2026] [::1]:58627 Accepted
[Mon Apr 20 14:21:34 2026] [::1]:58626 Closing
[Mon Apr 20 14:21:34 2026] [::1]:58628 Accepted
[Mon Apr 20 14:21:34 2026] [::1]:58627 [200]: GET /wp-includes/js/heartbeat.min.js?ver=6.9.4
[Mon Apr 20 14:21:34 2026] [::1]:58629 Accepted
[Mon Apr 20 14:21:34 2026] [::1]:58628 [200]: GET /wp-includes/js/wp-auth-check.min.js?ver=6.9.4
[Mon Apr 20 14:21:34 2026] [::1]:58629 [200]: GET /wp-includes/js/dist/vendor/react.min.js?ver=18.3.1.1
[Mon Apr 20 14:21:34 2026] [::1]:58630 Accepted
[Mon Apr 20 14:21:34 2026] [::1]:58627 Closing
[Mon Apr 20 14:21:34 2026] [::1]:58628 Closing
[Mon Apr 20 14:21:34 2026] [::1]:58630 [200]: GET /wp-includes/js/dist/vendor/react-dom.min.js?ver=18.3.1.1
[Mon Apr 20 14:21:34 2026] [::1]:58631 Accepted
[Mon Apr 20 14:21:34 2026] [::1]:58629 Closing
[Mon Apr 20 14:21:34 2026] [::1]:58632 Accepted
[Mon Apr 20 14:21:34 2026] [::1]:58631 [200]: GET /wp-includes/js/dist/vendor/react-jsx-runtime.min.js?ver=18.3.1
[Mon Apr 20 14:21:34 2026] [::1]:58633 Accepted
[Mon Apr 20 14:21:34 2026] [::1]:58632 [200]: GET /wp-includes/js/dist/deprecated.min.js?ver=e1f84915c5e8ae38964c
[Mon Apr 20 14:21:34 2026] [::1]:58630 Closing
[Mon Apr 20 14:21:34 2026] [::1]:58633 [200]: GET /wp-includes/js/dist/dom.min.js?ver=26edef3be6483da3de2e
[Mon Apr 20 14:21:34 2026] [::1]:58631 Closing
[Mon Apr 20 14:21:34 2026] [::1]:58632 Closing
[Mon Apr 20 14:21:34 2026] [::1]:58633 Closing
[Mon Apr 20 14:21:34 2026] [::1]:58634 Accepted
[Mon Apr 20 14:21:34 2026] [::1]:58635 Accepted
[Mon Apr 20 14:21:34 2026] [::1]:58634 [200]: GET /wp-includes/js/dist/escape-html.min.js?ver=6561a406d2d232a6fbd2
[Mon Apr 20 14:21:34 2026] [::1]:58636 Accepted
[Mon Apr 20 14:21:34 2026] [::1]:58635 [200]: GET /wp-includes/js/dist/element.min.js?ver=6a582b0c827fa25df3dd
[Mon Apr 20 14:21:34 2026] [::1]:58637 Accepted
[Mon Apr 20 14:21:34 2026] [::1]:58636 [200]: GET /wp-includes/js/dist/is-shallow-equal.min.js?ver=e0f9f1d78d83f5196979
[Mon Apr 20 14:21:34 2026] [::1]:58638 Accepted
[Mon Apr 20 14:21:34 2026] [::1]:58634 Closing
[Mon Apr 20 14:21:34 2026] [::1]:58637 [200]: GET /wp-includes/js/dist/keycodes.min.js?ver=34c8fb5e7a594a1c8037
[Mon Apr 20 14:21:34 2026] [::1]:58639 Accepted
[Mon Apr 20 14:21:34 2026] [::1]:58635 Closing
[Mon Apr 20 14:21:34 2026] [::1]:58638 [200]: GET /wp-includes/js/dist/priority-queue.min.js?ver=2d59d091223ee9a33838
[Mon Apr 20 14:21:34 2026] [::1]:58639 [200]: GET /wp-includes/js/dist/compose.min.js?ver=7a9b375d8c19cf9d3d9b
[Mon Apr 20 14:21:34 2026] [::1]:58636 Closing
[Mon Apr 20 14:21:34 2026] [::1]:58637 Closing
[Mon Apr 20 14:21:34 2026] [::1]:58638 Closing
[Mon Apr 20 14:21:34 2026] [::1]:58639 Closing
[Mon Apr 20 14:21:34 2026] [::1]:58640 Accepted
[Mon Apr 20 14:21:34 2026] [::1]:58640 [200]: GET /wp-includes/js/dist/vendor/moment.min.js?ver=2.30.1
[Mon Apr 20 14:21:34 2026] [::1]:58640 Closing
[Mon Apr 20 14:21:34 2026] [::1]:58641 Accepted
[Mon Apr 20 14:21:34 2026] [::1]:58641 [200]: GET /wp-includes/js/dist/date.min.js?ver=795a56839718d3ff7eae
[Mon Apr 20 14:21:34 2026] [::1]:58642 Accepted
[Mon Apr 20 14:21:34 2026] [::1]:58643 Accepted
[Mon Apr 20 14:21:34 2026] [::1]:58642 [200]: GET /wp-includes/js/dist/html-entities.min.js?ver=e8b78b18a162491d5e5f
[Mon Apr 20 14:21:34 2026] [::1]:58642 Closing
[Mon Apr 20 14:21:34 2026] [::1]:58643 [200]: GET /wp-includes/js/dist/primitives.min.js?ver=0b5dcc337aa7cbf75570
[Mon Apr 20 14:21:34 2026] [::1]:58644 Accepted
[Mon Apr 20 14:21:34 2026] [::1]:58643 Closing
[Mon Apr 20 14:21:34 2026] [::1]:58641 Closing
[Mon Apr 20 14:21:34 2026] [::1]:58644 [200]: GET /wp-includes/js/dist/private-apis.min.js?ver=4f465748bda624774139
[Mon Apr 20 14:21:34 2026] [::1]:58645 Accepted
[Mon Apr 20 14:21:34 2026] [::1]:58644 Closing
[Mon Apr 20 14:21:34 2026] [::1]:58645 [200]: GET /wp-includes/js/dist/redux-routine.min.js?ver=8bb92d45458b29590f53
[Mon Apr 20 14:21:34 2026] [::1]:58646 Accepted
[Mon Apr 20 14:21:34 2026] [::1]:58645 Closing
[Mon Apr 20 14:21:34 2026] [::1]:58646 [200]: GET /wp-includes/js/dist/data.min.js?ver=f940198280891b0b6318
[Mon Apr 20 14:21:34 2026] [::1]:58647 Accepted
[Mon Apr 20 14:21:34 2026] [::1]:58646 Closing
[Mon Apr 20 14:21:34 2026] [::1]:58647 [200]: GET /wp-includes/js/dist/rich-text.min.js?ver=5bdbb44f3039529e3645
[Mon Apr 20 14:21:34 2026] [::1]:58648 Accepted
[Mon Apr 20 14:21:34 2026] [::1]:58647 Closing
[Mon Apr 20 14:21:34 2026] [::1]:58648 [200]: GET /wp-includes/js/dist/warning.min.js?ver=d69bc18c456d01c11d5a
[Mon Apr 20 14:21:34 2026] [::1]:58648 Closing
[Mon Apr 20 14:21:34 2026] [::1]:58649 Accepted
[Mon Apr 20 14:21:34 2026] [::1]:58649 [200]: GET /wp-includes/js/dist/components.min.js?ver=0d72a218dfea8f6f442f
[Mon Apr 20 14:21:34 2026] [::1]:58650 Accepted
[Mon Apr 20 14:21:34 2026] [::1]:58651 Accepted
[Mon Apr 20 14:21:34 2026] [::1]:58650 [200]: GET /wp-includes/js/dist/keyboard-shortcuts.min.js?ver=fbc45a34ce65c5723afa
[Mon Apr 20 14:21:34 2026] [::1]:58652 Accepted
[Mon Apr 20 14:21:34 2026] [::1]:58651 [200]: GET /wp-includes/js/dist/commands.min.js?ver=cac8f4817ab7cea0ac49
[Mon Apr 20 14:21:34 2026] [::1]:58653 Accepted
[Mon Apr 20 14:21:34 2026] [::1]:58652 [200]: GET /wp-includes/js/dist/url.min.js?ver=9e178c9516d1222dc834
[Mon Apr 20 14:21:34 2026] [::1]:58650 Closing
[Mon Apr 20 14:21:34 2026] [::1]:58653 [200]: GET /wp-includes/js/dist/api-fetch.min.js?ver=3a4d9af2b423048b0dee
[Mon Apr 20 14:21:34 2026] [::1]:58654 Accepted
[Mon Apr 20 14:21:34 2026] [::1]:58651 Closing
[Mon Apr 20 14:21:34 2026] [::1]:58654 [200]: GET /wp-includes/js/dist/blob.min.js?ver=9113eed771d446f4a556
[Mon Apr 20 14:21:34 2026] [::1]:58652 Closing
[Mon Apr 20 14:21:34 2026] [::1]:58649 Closing
[Mon Apr 20 14:21:34 2026] [::1]:58653 Closing
[Mon Apr 20 14:21:34 2026] [::1]:58654 Closing
[Mon Apr 20 14:21:34 2026] [::1]:58655 Accepted
[Mon Apr 20 14:21:34 2026] [::1]:58656 Accepted
[Mon Apr 20 14:21:34 2026] [::1]:58655 [200]: GET /wp-includes/js/dist/block-serialization-default-parser.min.js?ver=14d44daebf663d05d330
[Mon Apr 20 14:21:34 2026] [::1]:58657 Accepted
[Mon Apr 20 14:21:34 2026] [::1]:58656 [200]: GET /wp-includes/js/dist/autop.min.js?ver=9fb50649848277dd318d
[Mon Apr 20 14:21:34 2026] [::1]:58658 Accepted
[Mon Apr 20 14:21:34 2026] [::1]:58657 [200]: GET /wp-includes/js/dist/shortcode.min.js?ver=0b3174183b858f2df320
[Mon Apr 20 14:21:34 2026] [::1]:58659 Accepted
[Mon Apr 20 14:21:34 2026] [::1]:58655 Closing
[Mon Apr 20 14:21:34 2026] [::1]:58656 Closing
[Mon Apr 20 14:21:34 2026] [::1]:58658 [200]: GET /wp-includes/js/dist/blocks.min.js?ver=57eca4d23daac7159d88
[Mon Apr 20 14:21:34 2026] [::1]:58657 Closing
[Mon Apr 20 14:21:34 2026] [::1]:58659 [200]: GET /wp-includes/js/dist/notices.min.js?ver=f62fbf15dcc23301922f
[Mon Apr 20 14:21:34 2026] [::1]:58658 Closing
[Mon Apr 20 14:21:34 2026] [::1]:58659 Closing
[Mon Apr 20 14:21:34 2026] [::1]:58660 Accepted
[Mon Apr 20 14:21:34 2026] [::1]:58660 [200]: GET /wp-includes/js/dist/preferences-persistence.min.js?ver=e954d3a4426d311f7d1a
[Mon Apr 20 14:21:34 2026] [::1]:58660 Closing
[Mon Apr 20 14:21:34 2026] [::1]:58661 Accepted
[Mon Apr 20 14:21:34 2026] [::1]:58662 Accepted
[Mon Apr 20 14:21:34 2026] [::1]:58661 [200]: GET /wp-includes/js/dist/preferences.min.js?ver=2ca086aed510c242a1ed
[Mon Apr 20 14:21:34 2026] [::1]:58663 Accepted
[Mon Apr 20 14:21:34 2026] [::1]:58662 [200]: GET /wp-includes/js/dist/style-engine.min.js?ver=7c6fcedc37dadafb8a81
[Mon Apr 20 14:21:34 2026] [::1]:58664 Accepted
[Mon Apr 20 14:21:34 2026] [::1]:58661 Closing
[Mon Apr 20 14:21:34 2026] [::1]:58662 Closing
[Mon Apr 20 14:21:34 2026] [::1]:58663 [200]: GET /wp-includes/js/dist/token-list.min.js?ver=cfdf635a436c3953a965
[Mon Apr 20 14:21:34 2026] [::1]:58663 Closing
[Mon Apr 20 14:21:34 2026] [::1]:58664 [200]: GET /wp-includes/js/dist/block-editor.min.js?ver=addf558a422e2ee57920
[Mon Apr 20 14:21:34 2026] [::1]:58665 Accepted
[Mon Apr 20 14:21:34 2026] [::1]:58665 [200]: GET /wp-includes/js/dist/core-data.min.js?ver=15baadfe6e1374188072
[Mon Apr 20 14:21:34 2026] [::1]:58665 Closing
[Mon Apr 20 14:21:34 2026] [::1]:58666 Accepted
[Mon Apr 20 14:21:34 2026] [::1]:58666 [200]: GET /wp-includes/js/dist/router.min.js?ver=2dfc4b954318a03e6a76
[Mon Apr 20 14:21:34 2026] [::1]:58667 Accepted
[Mon Apr 20 14:21:34 2026] [::1]:58666 Closing
[Mon Apr 20 14:21:34 2026] [::1]:58668 Accepted
[Mon Apr 20 14:21:34 2026] [::1]:58667 [200]: GET /wp-includes/js/dist/core-commands.min.js?ver=effe2d88d7f0c50a8ce9
[Mon Apr 20 14:21:34 2026] [::1]:58664 Closing
[Mon Apr 20 14:21:34 2026] [::1]:58669 Accepted
[Mon Apr 20 14:21:34 2026] [::1]:58667 Closing
[Mon Apr 20 14:21:34 2026] [::1]:58668 [200]: GET /wp-content/plugins/elementor/vendor/elementor/wp-one-package/assets/build/common.js?ver=71fc09ea1a9e23155639
[Mon Apr 20 14:21:34 2026] [::1]:58670 Accepted
[Mon Apr 20 14:21:34 2026] [::1]:58669 [200]: GET /wp-content/plugins/elementor/assets/js/editor-one-menu.min.js?ver=4.0.2
[Mon Apr 20 14:21:34 2026] [::1]:58668 Closing
[Mon Apr 20 14:21:34 2026] [::1]:58669 Closing
[Mon Apr 20 14:21:34 2026] [::1]:58670 [200]: GET /wp-content/plugins/elementor/assets/js/import-export-admin.min.js?ver=4.0.2
[Mon Apr 20 14:21:34 2026] [::1]:58670 Closing
[Mon Apr 20 14:21:34 2026] [::1]:58671 Accepted
[Mon Apr 20 14:21:34 2026] [::1]:58672 Accepted
[Mon Apr 20 14:21:34 2026] [::1]:58671 [200]: GET /wp-content/plugins/elementor/assets/js/import-export-customization-admin.min.js?ver=4.0.2
[Mon Apr 20 14:21:34 2026] [::1]:58673 Accepted
[Mon Apr 20 14:21:34 2026] [::1]:58672 [200]: GET /wp-content/plugins/elementor/assets/js/admin-modules.min.js?ver=4.0.2
[Mon Apr 20 14:21:34 2026] [::1]:58674 Accepted
[Mon Apr 20 14:21:34 2026] [::1]:58673 [200]: GET /wp-content/plugins/elementor/assets/js/admin.min.js?ver=4.0.2
[Mon Apr 20 14:21:34 2026] [::1]:58671 Closing
[Mon Apr 20 14:21:34 2026] [::1]:58675 Accepted
[Mon Apr 20 14:21:34 2026] [::1]:58672 Closing
[Mon Apr 20 14:21:34 2026] [::1]:58673 Closing
[Mon Apr 20 14:21:34 2026] [::1]:58674 [200]: GET /wp-content/plugins/elementor/assets/js/media-hints.min.js?ver=4.0.2
[Mon Apr 20 14:21:34 2026] [::1]:58676 Accepted
[Mon Apr 20 14:21:34 2026] [::1]:58675 [200]: GET /wp-includes/js/thickbox/thickbox.js?ver=3.1-20121105
[Mon Apr 20 14:21:34 2026] [::1]:58676 [200]: GET /wp-admin/js/accordion.min.js?ver=6.9.4
[Mon Apr 20 14:21:34 2026] [::1]:58674 Closing
[Mon Apr 20 14:21:34 2026] [::1]:58675 Closing
[Mon Apr 20 14:21:34 2026] [::1]:58676 Closing
[Mon Apr 20 14:21:34 2026] [::1]:58677 Accepted
[Mon Apr 20 14:21:34 2026] [::1]:58677 [200]: GET /wp-includes/js/thickbox/loadingAnimation.gif
[Mon Apr 20 14:21:34 2026] [::1]:58677 Closing
[Mon Apr 20 14:22:27 2026] [::1]:58684 Accepted
[Mon Apr 20 14:22:27 2026] [::1]:58685 Accepted
[Mon Apr 20 14:22:27 2026] [::1]:58684 [200]: GET /
[Mon Apr 20 14:22:27 2026] [::1]:58684 Closing
[Mon Apr 20 14:22:27 2026] [::1]:58685 [200]: GET /wp-content/themes/tijus-theme/assets/css/vendor/plugins.min.css
[Mon Apr 20 14:22:27 2026] [::1]:58687 Accepted
[Mon Apr 20 14:22:27 2026] [::1]:58688 Accepted
[Mon Apr 20 14:22:27 2026] [::1]:58687 [200]: GET /wp-content/themes/tijus-theme/assets/css/style.min.css
[Mon Apr 20 14:22:27 2026] [::1]:58689 Accepted
[Mon Apr 20 14:22:27 2026] [::1]:58688 [200]: GET /wp-content/plugins/elementor/assets/lib/eicons/css/elementor-icons.min.css?ver=5.48.0
[Mon Apr 20 14:22:27 2026] [::1]:58690 Accepted
[Mon Apr 20 14:22:27 2026] [::1]:58685 Closing
[Mon Apr 20 14:22:27 2026] [::1]:58689 [200]: GET /wp-content/plugins/elementor/assets/css/common.min.css?ver=4.0.2
[Mon Apr 20 14:22:27 2026] [::1]:58691 Accepted
[Mon Apr 20 14:22:27 2026] [::1]:58690 [200]: GET /wp-content/plugins/elementor/assets/css/theme-light.min.css?ver=4.0.2
[Mon Apr 20 14:22:27 2026] [::1]:58691 [200]: GET /wp-content/themes/tijus-theme/style.css?ver=1.0.0
[Mon Apr 20 14:22:27 2026] [::1]:58688 Closing
[Mon Apr 20 14:22:27 2026] [::1]:58692 Accepted
[Mon Apr 20 14:22:27 2026] [::1]:58689 Closing
[Mon Apr 20 14:22:27 2026] [::1]:58687 Closing
[Mon Apr 20 14:22:27 2026] [::1]:58690 Closing
[Mon Apr 20 14:22:27 2026] [::1]:58691 Closing
[Mon Apr 20 14:22:27 2026] [::1]:58692 [200]: GET /wp-content/plugins/elementor/assets/css/frontend.min.css?ver=4.0.2
[Mon Apr 20 14:22:27 2026] [::1]:58693 Accepted
[Mon Apr 20 14:22:27 2026] [::1]:58692 Closing
[Mon Apr 20 14:22:27 2026] [::1]:58693 [200]: GET /wp-content/uploads/elementor/css/post-6.css?ver=1776486962
[Mon Apr 20 14:22:27 2026] [::1]:58694 Accepted
[Mon Apr 20 14:22:27 2026] [::1]:58693 Closing
[Mon Apr 20 14:22:27 2026] [::1]:58695 Accepted
[Mon Apr 20 14:22:27 2026] [::1]:58694 [200]: GET /wp-content/uploads/elementor/css/post-10.css?ver=1776513654
[Mon Apr 20 14:22:27 2026] [::1]:58696 Accepted
[Mon Apr 20 14:22:27 2026] [::1]:58695 [200]: GET /wp-content/uploads/elementor/css/base-desktop.css?ver=69e30a32eaae0
[Mon Apr 20 14:22:27 2026] [::1]:58694 Closing
[Mon Apr 20 14:22:27 2026] [::1]:58695 Closing
[Mon Apr 20 14:22:27 2026] [::1]:58696 [200]: GET /wp-includes/css/dashicons.min.css?ver=6.9.4
[Mon Apr 20 14:22:27 2026] [::1]:58697 Accepted
[Mon Apr 20 14:22:27 2026] [::1]:58696 Closing
[Mon Apr 20 14:22:27 2026] [::1]:58697 [200]: GET /wp-includes/css/admin-bar.min.css?ver=6.9.4
[Mon Apr 20 14:22:27 2026] [::1]:58698 Accepted
[Mon Apr 20 14:22:27 2026] [::1]:58697 Closing
[Mon Apr 20 14:22:27 2026] [::1]:58698 [200]: GET /wp-content/plugins/elementor/assets/css/admin-bar.min.css?ver=4.0.2
[Mon Apr 20 14:22:27 2026] [::1]:58698 Closing
[Mon Apr 20 14:22:27 2026] [::1]:58699 Accepted
[Mon Apr 20 14:22:27 2026] [::1]:58700 Accepted
[Mon Apr 20 14:22:27 2026] [::1]:58699 [200]: GET /wp-includes/js/jquery/jquery.min.js?ver=3.7.1
[Mon Apr 20 14:22:27 2026] [::1]:58699 Closing
[Mon Apr 20 14:22:27 2026] [::1]:58700 [200]: GET /wp-includes/js/jquery/jquery-migrate.min.js?ver=3.4.1
[Mon Apr 20 14:22:27 2026] [::1]:58700 Closing
[Mon Apr 20 14:22:27 2026] [::1]:58701 Accepted
[Mon Apr 20 14:22:27 2026] [::1]:58701 [200]: GET /wp-content/uploads/2026/04/logo.webp
[Mon Apr 20 14:22:27 2026] [::1]:58702 Accepted
[Mon Apr 20 14:22:27 2026] [::1]:58701 Closing
[Mon Apr 20 14:22:27 2026] [::1]:58702 [200]: GET /wp-content/themes/tijus-theme/assets/images/shape/shape-8.png
[Mon Apr 20 14:22:27 2026] [::1]:58702 Closing
[Mon Apr 20 14:22:27 2026] [::1]:58703 Accepted
[Mon Apr 20 14:22:27 2026] [::1]:58704 Accepted
[Mon Apr 20 14:22:27 2026] [::1]:58703 [200]: GET /wp-content/themes/tijus-theme/assets/images/shape/shape-5.png
[Mon Apr 20 14:22:27 2026] [::1]:58704 [200]: GET /wp-content/themes/tijus-theme/assets/images/shape/shape-6.png
[Mon Apr 20 14:22:27 2026] [::1]:58703 Closing
[Mon Apr 20 14:22:27 2026] [::1]:58704 Closing
[Mon Apr 20 14:22:27 2026] [::1]:58705 Accepted
[Mon Apr 20 14:22:27 2026] [::1]:58706 Accepted
[Mon Apr 20 14:22:27 2026] [::1]:58705 [200]: GET /wp-content/themes/tijus-theme/assets/images/shape/shape-7.png
[Mon Apr 20 14:22:27 2026] [::1]:58706 [200]: GET /wp-includes/js/jquery/ui/core.min.js?ver=1.13.3
[Mon Apr 20 14:22:27 2026] [::1]:58705 Closing
[Mon Apr 20 14:22:27 2026] [::1]:58706 Closing
[Mon Apr 20 14:22:27 2026] [::1]:58707 Accepted
[Mon Apr 20 14:22:27 2026] [::1]:58707 [200]: GET /wp-includes/js/jquery/ui/mouse.min.js?ver=1.13.3
[Mon Apr 20 14:22:27 2026] [::1]:58707 Closing
[Mon Apr 20 14:22:27 2026] [::1]:58708 Accepted
[Mon Apr 20 14:22:27 2026] [::1]:58708 [200]: GET /wp-includes/js/jquery/ui/draggable.min.js?ver=1.13.3
[Mon Apr 20 14:22:27 2026] [::1]:58709 Accepted
[Mon Apr 20 14:22:27 2026] [::1]:58710 Accepted
[Mon Apr 20 14:22:27 2026] [::1]:58708 Closing
[Mon Apr 20 14:22:27 2026] [::1]:58711 Accepted
[Mon Apr 20 14:22:27 2026] [::1]:58709 [200]: GET /wp-includes/js/underscore.min.js?ver=1.13.7
[Mon Apr 20 14:22:27 2026] [::1]:58712 Accepted
[Mon Apr 20 14:22:27 2026] [::1]:58710 [200]: GET /wp-includes/js/backbone.min.js?ver=1.6.0
[Mon Apr 20 14:22:27 2026] [::1]:58711 [200]: GET /wp-content/plugins/elementor/assets/lib/backbone/backbone.marionette.min.js?ver=2.4.5.e1
[Mon Apr 20 14:22:27 2026] [::1]:58709 Closing
[Mon Apr 20 14:22:27 2026] [::1]:58710 Closing
[Mon Apr 20 14:22:27 2026] [::1]:58712 [200]: GET /wp-content/plugins/elementor/assets/lib/backbone/backbone.radio.min.js?ver=1.0.4
[Mon Apr 20 14:22:27 2026] [::1]:58711 Closing
[Mon Apr 20 14:22:27 2026] [::1]:58712 Closing
[Mon Apr 20 14:22:27 2026] [::1]:58713 Accepted
[Mon Apr 20 14:22:27 2026] [::1]:58713 [200]: GET /wp-content/plugins/elementor/assets/js/common-modules.min.js?ver=4.0.2
[Mon Apr 20 14:22:27 2026] [::1]:58713 Closing
[Mon Apr 20 14:22:27 2026] [::1]:58714 Accepted
[Mon Apr 20 14:22:27 2026] [::1]:58714 [200]: GET /wp-content/plugins/elementor/assets/js/web-cli.min.js?ver=4.0.2
[Mon Apr 20 14:22:27 2026] [::1]:58715 Accepted
[Mon Apr 20 14:22:27 2026] [::1]:58714 Closing
[Mon Apr 20 14:22:27 2026] [::1]:58715 [200]: GET /wp-includes/js/api-request.min.js?ver=6.9.4
[Mon Apr 20 14:22:27 2026] [::1]:58716 Accepted
[Mon Apr 20 14:22:27 2026] [::1]:58717 Accepted
[Mon Apr 20 14:22:27 2026] [::1]:58716 [200]: GET /wp-content/plugins/elementor/assets/lib/dialog/dialog.min.js?ver=4.9.4
[Mon Apr 20 14:22:27 2026] [::1]:58715 Closing
[Mon Apr 20 14:22:27 2026] [::1]:58717 [200]: GET /wp-content/plugins/elementor/assets/js/dev-tools.min.js?ver=4.0.2
[Mon Apr 20 14:22:27 2026] [::1]:58716 Closing
[Mon Apr 20 14:22:27 2026] [::1]:58717 Closing
[Mon Apr 20 14:22:27 2026] [::1]:58718 Accepted
[Mon Apr 20 14:22:27 2026] [::1]:58719 Accepted
[Mon Apr 20 14:22:27 2026] [::1]:58718 [200]: GET /wp-includes/js/dist/i18n.min.js?ver=c26c3dc7bed366793375
[Mon Apr 20 14:22:27 2026] [::1]:58719 [200]: GET /wp-includes/js/dist/hooks.min.js?ver=dd5603f07f9220ed27f1
[Mon Apr 20 14:22:27 2026] [::1]:58720 Accepted
[Mon Apr 20 14:22:27 2026] [::1]:58718 Closing
[Mon Apr 20 14:22:27 2026] [::1]:58719 Closing
[Mon Apr 20 14:22:27 2026] [::1]:58721 Accepted
[Mon Apr 20 14:22:27 2026] [::1]:58720 [200]: GET /wp-content/plugins/elementor/assets/js/common.min.js?ver=4.0.2
[Mon Apr 20 14:22:27 2026] [::1]:58720 Closing
[Mon Apr 20 14:22:27 2026] [::1]:58721 [200]: GET /wp-content/plugins/elementor/assets/js/app-loader.min.js?ver=4.0.2
[Mon Apr 20 14:22:27 2026] [::1]:58723 Accepted
[Mon Apr 20 14:22:27 2026] [::1]:58721 Closing
[Mon Apr 20 14:22:27 2026] [::1]:58724 Accepted
[Mon Apr 20 14:22:27 2026] [::1]:58723 [200]: GET /wp-content/themes/tijus-theme/assets/js/vendor/modernizr-3.11.2.min.js?ver=3.11.2
[Mon Apr 20 14:22:27 2026] [::1]:58724 [200]: GET /wp-content/themes/tijus-theme/assets/js/plugins.min.js?ver=1.0.0
[Mon Apr 20 14:22:27 2026] [::1]:58723 Closing
[Mon Apr 20 14:22:27 2026] [::1]:58725 Accepted
[Mon Apr 20 14:22:27 2026] [::1]:58724 Closing
[Mon Apr 20 14:22:27 2026] [::1]:58725 [200]: GET /wp-content/themes/tijus-theme/assets/js/main.js?ver=1.0.0
[Mon Apr 20 14:22:27 2026] [::1]:58725 Closing
[Mon Apr 20 14:22:27 2026] [::1]:58726 Accepted
[Mon Apr 20 14:22:27 2026] [::1]:58727 Accepted
[Mon Apr 20 14:22:27 2026] [::1]:58726 [200]: GET /wp-content/plugins/elementor/assets/js/webpack.runtime.min.js?ver=4.0.2
[Mon Apr 20 14:22:27 2026] [::1]:58728 Accepted
[Mon Apr 20 14:22:27 2026] [::1]:58727 [200]: GET /wp-content/plugins/elementor/assets/js/frontend-modules.min.js?ver=4.0.2
[Mon Apr 20 14:22:27 2026] [::1]:58729 Accepted
[Mon Apr 20 14:22:27 2026] [::1]:58728 [200]: GET /wp-content/plugins/elementor/assets/js/frontend.min.js?ver=4.0.2
[Mon Apr 20 14:22:27 2026] [::1]:58730 Accepted
[Mon Apr 20 14:22:27 2026] [::1]:58726 Closing
[Mon Apr 20 14:22:27 2026] [::1]:58729 [200]: GET /wp-content/plugins/elementor/assets/js/elementor-admin-bar.min.js?ver=4.0.2
[Mon Apr 20 14:22:27 2026] [::1]:58731 Accepted
[Mon Apr 20 14:22:27 2026] [::1]:58727 Closing
[Mon Apr 20 14:22:27 2026] [::1]:58730 [200]: GET /wp-includes/js/hoverintent-js.min.js?ver=2.2.1
[Mon Apr 20 14:22:27 2026] [::1]:58732 Accepted
[Mon Apr 20 14:22:27 2026] [::1]:58731 [200]: GET /wp-includes/js/admin-bar.min.js?ver=6.9.4
[Mon Apr 20 14:22:27 2026] [::1]:58728 Closing
[Mon Apr 20 14:22:27 2026] [::1]:58733 Accepted
[Mon Apr 20 14:22:27 2026] [::1]:58732 [200]: GET /wp-content/themes/tijus-theme/assets/images/shape/shape-10.png
[Mon Apr 20 14:22:27 2026] [::1]:58729 Closing
[Mon Apr 20 14:22:27 2026] [::1]:58734 Accepted
[Mon Apr 20 14:22:27 2026] [::1]:58733 [200]: GET /wp-content/themes/tijus-theme/assets/images/shape/shape-9.png
[Mon Apr 20 14:22:27 2026] [::1]:58730 Closing
[Mon Apr 20 14:22:27 2026] [::1]:58735 Accepted
[Mon Apr 20 14:22:27 2026] [::1]:58734 [200]: GET /wp-content/themes/tijus-theme/assets/images/shape/shape-2.png
[Mon Apr 20 14:22:27 2026] [::1]:58731 Closing
[Mon Apr 20 14:22:27 2026] [::1]:58737 Accepted
[Mon Apr 20 14:22:27 2026] [::1]:58735 [200]: GET /wp-content/themes/tijus-theme/assets/images/shape/shape-11.png
[Mon Apr 20 14:22:27 2026] [::1]:58732 Closing
[Mon Apr 20 14:22:27 2026] [::1]:58738 Accepted
[Mon Apr 20 14:22:27 2026] [::1]:58737 [200]: GET /wp-content/themes/tijus-theme/assets/images/slider/slider-1.png
[Mon Apr 20 14:22:27 2026] [::1]:58733 Closing
[Mon Apr 20 14:22:27 2026] [::1]:58739 Accepted
[Mon Apr 20 14:22:27 2026] [::1]:58734 Closing
[Mon Apr 20 14:22:27 2026] [::1]:58738 [200]: GET /wp-content/themes/tijus-theme/assets/images/shape/shape-4.png
[Mon Apr 20 14:22:27 2026] [::1]:58740 Accepted
[Mon Apr 20 14:22:27 2026] [::1]:58735 Closing
[Mon Apr 20 14:22:27 2026] [::1]:58739 [200]: GET /wp-content/themes/tijus-theme/assets/fonts/flaticon.ttf?655915d50ed0facf464660ba648373b0
[Mon Apr 20 14:22:27 2026] [::1]:58741 Accepted
[Mon Apr 20 14:22:27 2026] [::1]:58740 [200]: GET /wp-content/themes/tijus-theme/assets/fonts/icofont.woff2
[Mon Apr 20 14:22:27 2026] [::1]:58742 Accepted
[Mon Apr 20 14:22:27 2026] [::1]:58737 Closing
[Mon Apr 20 14:22:27 2026] [::1]:58738 Closing
[Mon Apr 20 14:22:27 2026] [::1]:58741 [200]: GET /wp-content/themes/tijus-theme/assets/images/shape/shape-1.png
[Mon Apr 20 14:22:27 2026] [::1]:58739 Closing
[Mon Apr 20 14:22:27 2026] [::1]:58742 [200]: GET /wp-content/themes/tijus-theme/assets/images/shape/shape-3.png
[Mon Apr 20 14:22:27 2026] [::1]:58743 Accepted
[Mon Apr 20 14:22:27 2026] [::1]:58741 Closing
[Mon Apr 20 14:22:27 2026] [::1]:58744 Accepted
[Mon Apr 20 14:22:27 2026] [::1]:58743 [200]: GET /wp-content/themes/tijus-theme/assets/images/courses/courses-01.jpg
[Mon Apr 20 14:22:27 2026] [::1]:58742 Closing
[Mon Apr 20 14:22:27 2026] [::1]:58745 Accepted
[Mon Apr 20 14:22:27 2026] [::1]:58744 [200]: GET /wp-content/themes/tijus-theme/assets/images/shape/shape-12.png
[Mon Apr 20 14:22:27 2026] [::1]:58745 [200]: GET /wp-content/themes/tijus-theme/assets/images/shape/shape-13.svg
[Mon Apr 20 14:22:27 2026] [::1]:58740 Closing
[Mon Apr 20 14:22:27 2026] [::1]:58746 Accepted
[Mon Apr 20 14:22:27 2026] [::1]:58743 Closing
[Mon Apr 20 14:22:27 2026] [::1]:58744 Closing
[Mon Apr 20 14:22:27 2026] [::1]:58745 Closing
[Mon Apr 20 14:22:27 2026] [::1]:58746 [200]: GET /wp-content/themes/tijus-theme/assets/images/shape/shape-15.png
[Mon Apr 20 14:22:27 2026] [::1]:58747 Accepted
[Mon Apr 20 14:22:27 2026] [::1]:58746 Closing
[Mon Apr 20 14:22:27 2026] [::1]:58747 [200]: GET /wp-content/themes/tijus-theme/assets/images/shape/shape-17.png
[Mon Apr 20 14:22:27 2026] [::1]:58747 Closing
[Mon Apr 20 14:22:27 2026] [::1]:58748 Accepted
[Mon Apr 20 14:22:27 2026] [::1]:58749 Accepted
[Mon Apr 20 14:22:27 2026] [::1]:58750 Accepted
[Mon Apr 20 14:22:27 2026] [::1]:58748 [200]: GET /wp-content/themes/tijus-theme/assets/images/shape/shape-16.png
[Mon Apr 20 14:22:27 2026] [::1]:58748 Closing
[Mon Apr 20 14:22:27 2026] [::1]:58749 [200]: GET /wp-content/themes/tijus-theme/assets/images/shape/shape-14.png
[Mon Apr 20 14:22:27 2026] [::1]:58750 [200]: GET /wp-content/themes/tijus-theme/assets/images/google-play.png
[Mon Apr 20 14:22:27 2026] [::1]:58751 Accepted
[Mon Apr 20 14:22:27 2026] [::1]:58752 Accepted
[Mon Apr 20 14:22:27 2026] [::1]:58751 [200]: GET /wp-content/themes/tijus-theme/assets/images/app-store.png
[Mon Apr 20 14:22:27 2026] [::1]:58753 Accepted
[Mon Apr 20 14:22:27 2026] [::1]:58749 Closing
[Mon Apr 20 14:22:27 2026] [::1]:58750 Closing
[Mon Apr 20 14:22:27 2026] [::1]:58752 [200]: GET /wp-content/themes/tijus-theme/assets/images/author/author-06.jpg
[Mon Apr 20 14:22:27 2026] [::1]:58753 [200]: GET /wp-content/themes/tijus-theme/assets/images/author/author-07.jpg
[Mon Apr 20 14:22:27 2026] [::1]:58751 Closing
[Mon Apr 20 14:22:27 2026] [::1]:58752 Closing
[Mon Apr 20 14:22:27 2026] [::1]:58753 Closing
[Mon Apr 20 14:22:27 2026] [::1]:58754 Accepted
[Mon Apr 20 14:22:27 2026] [::1]:58755 Accepted
[Mon Apr 20 14:22:27 2026] [::1]:58754 [200]: GET /wp-content/themes/tijus-theme/assets/images/author/author-03.jpg
[Mon Apr 20 14:22:27 2026] [::1]:58755 [200]: GET /wp-content/themes/tijus-theme/assets/images/shape/shape-19.png
[Mon Apr 20 14:22:27 2026] [::1]:58754 Closing
[Mon Apr 20 14:22:27 2026] [::1]:58755 Closing
[Mon Apr 20 14:22:27 2026] [::1]:58756 Accepted
[Mon Apr 20 14:22:27 2026] [::1]:58756 [200]: GET /wp-content/themes/tijus-theme/assets/images/shape/shape-20.png
[Mon Apr 20 14:22:27 2026] [::1]:58756 Closing
[Mon Apr 20 14:22:27 2026] [::1]:58757 Accepted
[Mon Apr 20 14:22:27 2026] [::1]:58758 Accepted
[Mon Apr 20 14:22:27 2026] [::1]:58757 [200]: GET /wp-content/themes/tijus-theme/assets/images/brand/brand-01.png
[Mon Apr 20 14:22:27 2026] [::1]:58759 Accepted
[Mon Apr 20 14:22:27 2026] [::1]:58757 Closing
[Mon Apr 20 14:22:27 2026] [::1]:58758 [200]: GET /wp-content/themes/tijus-theme/assets/images/brand/brand-02.png
[Mon Apr 20 14:22:27 2026] [::1]:58760 Accepted
[Mon Apr 20 14:22:27 2026] [::1]:58759 [200]: GET /wp-content/themes/tijus-theme/assets/images/brand/brand-03.png
[Mon Apr 20 14:22:27 2026] [::1]:58761 Accepted
[Mon Apr 20 14:22:27 2026] [::1]:58758 Closing
[Mon Apr 20 14:22:27 2026] [::1]:58760 [200]: GET /wp-content/themes/tijus-theme/assets/images/brand/brand-04.png
[Mon Apr 20 14:22:27 2026] [::1]:58762 Accepted
[Mon Apr 20 14:22:27 2026] [::1]:58759 Closing
[Mon Apr 20 14:22:27 2026] [::1]:58761 [200]: GET /wp-content/themes/tijus-theme/assets/images/brand/brand-05.png
[Mon Apr 20 14:22:27 2026] [::1]:58762 [200]: GET /wp-content/themes/tijus-theme/assets/images/brand/brand-06.png
[Mon Apr 20 14:22:27 2026] [::1]:58760 Closing
[Mon Apr 20 14:22:27 2026] [::1]:58763 Accepted
[Mon Apr 20 14:22:27 2026] [::1]:58761 Closing
[Mon Apr 20 14:22:27 2026] [::1]:58763 [200]: GET /wp-content/themes/tijus-theme/assets/images/blog/blog-01.jpg
[Mon Apr 20 14:22:27 2026] [::1]:58764 Accepted
[Mon Apr 20 14:22:27 2026] [::1]:58762 Closing
[Mon Apr 20 14:22:27 2026] [::1]:58763 Closing
[Mon Apr 20 14:22:27 2026] [::1]:58764 [200]: GET /wp-content/themes/tijus-theme/assets/images/shape/shape-21.png
[Mon Apr 20 14:22:27 2026] [::1]:58765 Accepted
[Mon Apr 20 14:22:27 2026] [::1]:58765 [200]: GET /wp-content/themes/tijus-theme/assets/images/shape/shape-22.png
[Mon Apr 20 14:22:27 2026] [::1]:58764 Closing
[Mon Apr 20 14:22:27 2026] [::1]:58766 Accepted
[Mon Apr 20 14:22:27 2026] [::1]:58766 [200]: GET /wp-content/themes/tijus-theme/assets/images/shape/shape-18.png
[Mon Apr 20 14:22:27 2026] [::1]:58765 Closing
[Mon Apr 20 14:22:27 2026] [::1]:58766 Closing
[Mon Apr 20 14:22:27 2026] [::1]:58767 Accepted
[Mon Apr 20 14:22:27 2026] [::1]:58767 [200]: GET /wp-includes/js/wp-emoji-release.min.js?ver=6.9.4
[Mon Apr 20 14:22:27 2026] [::1]:58767 Closing
[Mon Apr 20 14:22:27 2026] [::1]:58770 Accepted
[Mon Apr 20 14:22:27 2026] [::1]:58770 [200]: GET /wp-content/plugins/elementor/assets/lib/eicons/fonts/eicons.woff2?5.48.0
[Mon Apr 20 14:22:27 2026] [::1]:58770 Closing
[Mon Apr 20 14:22:27 2026] [::1]:58771 Accepted
[Mon Apr 20 14:22:27 2026] [::1]:58772 Accepted
[Mon Apr 20 14:22:27 2026] [::1]:58771 [200]: GET /wp-content/plugins/elementor/assets/js/section-frontend-handlers.d85ab872da118940910d.bundle.min.js
[Mon Apr 20 14:22:27 2026] [::1]:58772 [200]: GET /wp-content/plugins/elementor/assets/js/shared-frontend-handlers.03caa53373b56d3bab67.bundle.min.js
[Mon Apr 20 14:22:27 2026] [::1]:58771 Closing
[Mon Apr 20 14:22:27 2026] [::1]:58772 Closing
[Mon Apr 20 14:22:27 2026] [::1]:58773 Accepted
[Mon Apr 20 14:22:27 2026] [::1]:58773 [200]: GET /wp-content/themes/tijus-theme/assets/images/favicon.ico
[Mon Apr 20 14:22:27 2026] [::1]:58773 Closing
[Mon Apr 20 14:22:30 2026] [::1]:58775 Accepted
[Mon Apr 20 14:22:30 2026] [::1]:58775 Closing
[Mon Apr 20 14:22:30 2026] [::1]:58776 Accepted
[Mon Apr 20 14:22:30 2026] [::1]:58776 [200]: GET /wp-content/themes/tijus-theme/assets/css/vendor/plugins.min.css
[Mon Apr 20 14:22:30 2026] [::1]:58778 Accepted
[Mon Apr 20 14:22:30 2026] [::1]:58779 Accepted
[Mon Apr 20 14:22:30 2026] [::1]:58778 [200]: GET /wp-content/themes/tijus-theme/assets/css/style.min.css
[Mon Apr 20 14:22:30 2026] [::1]:58780 Accepted
[Mon Apr 20 14:22:30 2026] [::1]:58779 [200]: GET /wp-includes/css/dashicons.min.css?ver=6.9.4
[Mon Apr 20 14:22:30 2026] [::1]:58781 Accepted
[Mon Apr 20 14:22:30 2026] [::1]:58776 Closing
[Mon Apr 20 14:22:30 2026] [::1]:58780 [200]: GET /wp-includes/css/admin-bar.min.css?ver=6.9.4
[Mon Apr 20 14:22:30 2026] [::1]:58782 Accepted
[Mon Apr 20 14:22:30 2026] [::1]:58781 [200]: GET /wp-content/plugins/elementor/assets/lib/eicons/css/elementor-icons.min.css?ver=5.48.0
[Mon Apr 20 14:22:30 2026] [::1]:58782 [200]: GET /wp-content/plugins/elementor/assets/css/common.min.css?ver=4.0.2
[Mon Apr 20 14:22:30 2026] [::1]:58779 Closing
[Mon Apr 20 14:22:30 2026] [::1]:58780 Closing
[Mon Apr 20 14:22:30 2026] [::1]:58783 Accepted
[Mon Apr 20 14:22:30 2026] [::1]:58778 Closing
[Mon Apr 20 14:22:30 2026] [::1]:58781 Closing
[Mon Apr 20 14:22:30 2026] [::1]:58782 Closing
[Mon Apr 20 14:22:30 2026] [::1]:58784 Accepted
[Mon Apr 20 14:22:30 2026] [::1]:58785 Accepted
[Mon Apr 20 14:22:30 2026] [::1]:58783 [200]: GET /wp-content/plugins/elementor/assets/css/theme-light.min.css?ver=4.0.2
[Mon Apr 20 14:22:30 2026] [::1]:58784 [200]: GET /wp-includes/css/dist/block-library/style.min.css?ver=6.9.4
[Mon Apr 20 14:22:30 2026] [::1]:58785 [200]: GET /wp-content/themes/tijus-theme/style.css?ver=1.0.0
[Mon Apr 20 14:22:30 2026] [::1]:58783 Closing
[Mon Apr 20 14:22:30 2026] [::1]:58786 Accepted
[Mon Apr 20 14:22:30 2026] [::1]:58784 Closing
[Mon Apr 20 14:22:30 2026] [::1]:58785 Closing
[Mon Apr 20 14:22:30 2026] [::1]:58787 Accepted
[Mon Apr 20 14:22:30 2026] [::1]:58788 Accepted
[Mon Apr 20 14:22:30 2026] [::1]:58786 [200]: GET /wp-includes/js/jquery/jquery.min.js?ver=3.7.1
[Mon Apr 20 14:22:30 2026] [::1]:58787 [200]: GET /wp-includes/js/jquery/jquery-migrate.min.js?ver=3.4.1
[Mon Apr 20 14:22:30 2026] [::1]:58788 [200]: GET /wp-content/uploads/2026/04/logo.webp
[Mon Apr 20 14:22:30 2026] [::1]:58789 Accepted
[Mon Apr 20 14:22:30 2026] [::1]:58786 Closing
[Mon Apr 20 14:22:30 2026] [::1]:58787 Closing
[Mon Apr 20 14:22:30 2026] [::1]:58788 Closing
[Mon Apr 20 14:22:30 2026] [::1]:58789 [200]: GET /wp-content/themes/tijus-theme/assets/images/shape/shape-8.png
[Mon Apr 20 14:22:30 2026] [::1]:58789 Closing
[Mon Apr 20 14:22:30 2026] [::1]:58790 Accepted
[Mon Apr 20 14:22:30 2026] [::1]:58791 Accepted
[Mon Apr 20 14:22:30 2026] [::1]:58790 [200]: GET /wp-content/themes/tijus-theme/assets/images/shape/shape-23.png
[Mon Apr 20 14:22:30 2026] [::1]:58791 [200]: GET /wp-content/themes/tijus-theme/assets/images/shape/shape-5.png
[Mon Apr 20 14:22:30 2026] [::1]:58790 Closing
[Mon Apr 20 14:22:30 2026] [::1]:58791 Closing
[Mon Apr 20 14:22:30 2026] [::1]:58792 Accepted
[Mon Apr 20 14:22:30 2026] [::1]:58792 [200]: GET /wp-content/themes/tijus-theme/assets/images/shape/shape-6.png
[Mon Apr 20 14:22:30 2026] [::1]:58793 Accepted
[Mon Apr 20 14:22:30 2026] [::1]:58794 Accepted
[Mon Apr 20 14:22:30 2026] [::1]:58795 Accepted
[Mon Apr 20 14:22:30 2026] [::1]:58792 Closing
[Mon Apr 20 14:22:30 2026] [::1]:58793 [200]: GET /wp-includes/js/hoverintent-js.min.js?ver=2.2.1
[Mon Apr 20 14:22:30 2026] [::1]:58796 Accepted
[Mon Apr 20 14:22:30 2026] [::1]:58794 [200]: GET /wp-includes/js/admin-bar.min.js?ver=6.9.4
[Mon Apr 20 14:22:30 2026] [::1]:58797 Accepted
[Mon Apr 20 14:22:30 2026] [::1]:58796 [200]: GET /wp-includes/js/jquery/ui/mouse.min.js?ver=1.13.3
[Mon Apr 20 14:22:30 2026] [::1]:58795 [200]: GET /wp-includes/js/jquery/ui/core.min.js?ver=1.13.3
[Mon Apr 20 14:22:30 2026] [::1]:58793 Closing
[Mon Apr 20 14:22:30 2026] [::1]:58797 [200]: GET /wp-includes/js/jquery/ui/draggable.min.js?ver=1.13.3
[Mon Apr 20 14:22:30 2026] [::1]:58794 Closing
[Mon Apr 20 14:22:30 2026] [::1]:58796 Closing
[Mon Apr 20 14:22:30 2026] [::1]:58795 Closing
[Mon Apr 20 14:22:30 2026] [::1]:58797 Closing
[Mon Apr 20 14:22:30 2026] [::1]:58798 Accepted
[Mon Apr 20 14:22:30 2026] [::1]:58799 Accepted
[Mon Apr 20 14:22:30 2026] [::1]:58798 [200]: GET /wp-includes/js/underscore.min.js?ver=1.13.7
[Mon Apr 20 14:22:30 2026] [::1]:58800 Accepted
[Mon Apr 20 14:22:30 2026] [::1]:58799 [200]: GET /wp-includes/js/backbone.min.js?ver=1.6.0
[Mon Apr 20 14:22:30 2026] [::1]:58800 [200]: GET /wp-content/plugins/elementor/assets/lib/backbone/backbone.marionette.min.js?ver=2.4.5.e1
[Mon Apr 20 14:22:30 2026] [::1]:58801 Accepted
[Mon Apr 20 14:22:30 2026] [::1]:58798 Closing
[Mon Apr 20 14:22:30 2026] [::1]:58802 Accepted
[Mon Apr 20 14:22:30 2026] [::1]:58799 Closing
[Mon Apr 20 14:22:30 2026] [::1]:58800 Closing
[Mon Apr 20 14:22:30 2026] [::1]:58801 [200]: GET /wp-content/plugins/elementor/assets/lib/backbone/backbone.radio.min.js?ver=1.0.4
[Mon Apr 20 14:22:30 2026] [::1]:58802 [200]: GET /wp-content/plugins/elementor/assets/js/common-modules.min.js?ver=4.0.2
[Mon Apr 20 14:22:30 2026] [::1]:58801 Closing
[Mon Apr 20 14:22:30 2026] [::1]:58802 Closing
[Mon Apr 20 14:22:30 2026] [::1]:58803 Accepted
[Mon Apr 20 14:22:30 2026] [::1]:58803 [200]: GET /wp-content/plugins/elementor/assets/js/web-cli.min.js?ver=4.0.2
[Mon Apr 20 14:22:30 2026] [::1]:58803 Closing
[Mon Apr 20 14:22:30 2026] [::1]:58804 Accepted
[Mon Apr 20 14:22:30 2026] [::1]:58805 Accepted
[Mon Apr 20 14:22:30 2026] [::1]:58804 [200]: GET /wp-content/plugins/elementor/assets/lib/dialog/dialog.min.js?ver=4.9.4
[Mon Apr 20 14:22:30 2026] [::1]:58806 Accepted
[Mon Apr 20 14:22:30 2026] [::1]:58805 [200]: GET /wp-includes/js/api-request.min.js?ver=6.9.4
[Mon Apr 20 14:22:30 2026] [::1]:58807 Accepted
[Mon Apr 20 14:22:30 2026] [::1]:58806 [200]: GET /wp-content/plugins/elementor/assets/js/dev-tools.min.js?ver=4.0.2
[Mon Apr 20 14:22:30 2026] [::1]:58808 Accepted
[Mon Apr 20 14:22:30 2026] [::1]:58804 Closing
[Mon Apr 20 14:22:30 2026] [::1]:58807 [200]: GET /wp-includes/js/dist/hooks.min.js?ver=dd5603f07f9220ed27f1
[Mon Apr 20 14:22:30 2026] [::1]:58809 Accepted
[Mon Apr 20 14:22:30 2026] [::1]:58805 Closing
[Mon Apr 20 14:22:30 2026] [::1]:58808 [200]: GET /wp-includes/js/dist/i18n.min.js?ver=c26c3dc7bed366793375
[Mon Apr 20 14:22:30 2026] [::1]:58809 [200]: GET /wp-content/plugins/elementor/assets/js/common.min.js?ver=4.0.2
[Mon Apr 20 14:22:30 2026] [::1]:58806 Closing
[Mon Apr 20 14:22:30 2026] [::1]:58807 Closing
[Mon Apr 20 14:22:30 2026] [::1]:58808 Closing
[Mon Apr 20 14:22:30 2026] [::1]:58809 Closing
[Mon Apr 20 14:22:30 2026] [::1]:58810 Accepted
[Mon Apr 20 14:22:30 2026] [::1]:58810 [200]: GET /wp-content/plugins/elementor/assets/js/app-loader.min.js?ver=4.0.2
[Mon Apr 20 14:22:30 2026] [::1]:58810 Closing
[Mon Apr 20 14:22:30 2026] [::1]:58811 Accepted
[Mon Apr 20 14:22:30 2026] [::1]:58812 Accepted
[Mon Apr 20 14:22:30 2026] [::1]:58811 [200]: GET /wp-content/themes/tijus-theme/assets/js/vendor/modernizr-3.11.2.min.js?ver=3.11.2
[Mon Apr 20 14:22:30 2026] [::1]:58812 [200]: GET /wp-content/themes/tijus-theme/assets/js/plugins.min.js?ver=1.0.0
[Mon Apr 20 14:22:30 2026] [::1]:58813 Accepted
[Mon Apr 20 14:22:30 2026] [::1]:58811 Closing
[Mon Apr 20 14:22:30 2026] [::1]:58814 Accepted
[Mon Apr 20 14:22:30 2026] [::1]:58812 Closing
[Mon Apr 20 14:22:30 2026] [::1]:58813 [200]: GET /wp-content/themes/tijus-theme/assets/images/shape/shape-3.png
[Mon Apr 20 14:22:30 2026] [::1]:58813 Closing
[Mon Apr 20 14:22:30 2026] [::1]:58814 [200]: GET /wp-content/themes/tijus-theme/assets/images/shape/shape-24.png
[Mon Apr 20 14:22:30 2026] [::1]:58814 Closing
[Mon Apr 20 14:22:30 2026] [::1]:58815 Accepted
[Mon Apr 20 14:22:30 2026] [::1]:58816 Accepted
[Mon Apr 20 14:22:30 2026] [::1]:58815 [200]: GET /wp-content/themes/tijus-theme/assets/images/shape/shape-1.png
[Mon Apr 20 14:22:30 2026] [::1]:58817 Accepted
[Mon Apr 20 14:22:30 2026] [::1]:58816 [200]: GET /wp-content/themes/tijus-theme/assets/images/shape/shape-2.png
[Mon Apr 20 14:22:30 2026] [::1]:58818 Accepted
[Mon Apr 20 14:22:30 2026] [::1]:58817 [200]: GET /wp-content/themes/tijus-theme/assets/images/shape/shape-4.png
[Mon Apr 20 14:22:30 2026] [::1]:58819 Accepted
[Mon Apr 20 14:22:30 2026] [::1]:58815 Closing
[Mon Apr 20 14:22:30 2026] [::1]:58818 [200]: GET /wp-content/themes/tijus-theme/assets/fonts/flaticon.ttf?655915d50ed0facf464660ba648373b0
[Mon Apr 20 14:22:30 2026] [::1]:58820 Accepted
[Mon Apr 20 14:22:30 2026] [::1]:58816 Closing
[Mon Apr 20 14:22:30 2026] [::1]:58819 [200]: GET /wp-content/themes/tijus-theme/assets/fonts/icofont.woff2
[Mon Apr 20 14:22:30 2026] [::1]:58820 [200]: GET /wp-content/themes/tijus-theme/assets/js/main.js?ver=1.0.0
[Mon Apr 20 14:22:30 2026] [::1]:58817 Closing
[Mon Apr 20 14:22:30 2026] [::1]:58821 Accepted
[Mon Apr 20 14:22:30 2026] [::1]:58818 Closing
[Mon Apr 20 14:22:30 2026] [::1]:58820 Closing
[Mon Apr 20 14:22:30 2026] [::1]:58821 [200]: GET /wp-content/themes/tijus-theme/assets/images/shape/shape-21.png
[Mon Apr 20 14:22:30 2026] [::1]:58822 Accepted
[Mon Apr 20 14:22:30 2026] [::1]:58821 Closing
[Mon Apr 20 14:22:30 2026] [::1]:58819 Closing
[Mon Apr 20 14:22:30 2026] [::1]:58822 [200]: GET /wp-content/themes/tijus-theme/assets/images/shape/shape-22.png
[Mon Apr 20 14:22:30 2026] [::1]:58822 Closing
[Mon Apr 20 14:22:30 2026] [::1]:58823 Accepted
[Mon Apr 20 14:22:30 2026] [::1]:58823 [200]: GET /wp-includes/js/wp-emoji-release.min.js?ver=6.9.4
[Mon Apr 20 14:22:30 2026] [::1]:58823 Closing
[Mon Apr 20 14:22:31 2026] [::1]:58824 Accepted
[Mon Apr 20 14:22:31 2026] [::1]:58824 [200]: GET /wp-content/themes/tijus-theme/assets/images/favicon.ico
[Mon Apr 20 14:22:31 2026] [::1]:58824 Closing
[Mon Apr 20 14:24:30 2026] [::1]:58848 Accepted
[Mon Apr 20 14:24:30 2026] [::1]:58849 Accepted
[Mon Apr 20 14:24:34 2026] [::1]:58848 Closing
[Mon Apr 20 14:24:34 2026] [::1]:58850 Accepted
[Mon Apr 20 14:24:34 2026] [::1]:58849 Closing
[Mon Apr 20 14:24:38 2026] [::1]:58850 Closing
[Mon Apr 20 14:24:38 2026] [::1]:58855 Accepted
[Mon Apr 20 14:24:38 2026] [::1]:58855 [200]: GET /wp-content/themes/tijus-theme/assets/css/vendor/plugins.min.css
[Mon Apr 20 14:24:38 2026] [::1]:58855 Closing
[Mon Apr 20 14:24:38 2026] [::1]:58857 Accepted
[Mon Apr 20 14:24:38 2026] [::1]:58858 Accepted
[Mon Apr 20 14:24:38 2026] [::1]:58859 Accepted
[Mon Apr 20 14:24:38 2026] [::1]:58857 [200]: GET /wp-content/themes/tijus-theme/assets/css/style.min.css
[Mon Apr 20 14:24:38 2026] [::1]:58860 Accepted
[Mon Apr 20 14:24:38 2026] [::1]:58858 [200]: GET /wp-includes/css/dashicons.min.css?ver=6.9.4
[Mon Apr 20 14:24:38 2026] [::1]:58859 [200]: GET /wp-includes/css/admin-bar.min.css?ver=6.9.4
[Mon Apr 20 14:24:38 2026] [::1]:58861 Accepted
[Mon Apr 20 14:24:38 2026] [::1]:58860 [200]: GET /wp-content/plugins/elementor/assets/lib/eicons/css/elementor-icons.min.css?ver=5.48.0
[Mon Apr 20 14:24:38 2026] [::1]:58861 [200]: GET /wp-content/plugins/elementor/assets/css/common.min.css?ver=4.0.2
[Mon Apr 20 14:24:38 2026] [::1]:58858 Closing
[Mon Apr 20 14:24:38 2026] [::1]:58859 Closing
[Mon Apr 20 14:24:38 2026] [::1]:58860 Closing
[Mon Apr 20 14:24:38 2026] [::1]:58857 Closing
[Mon Apr 20 14:24:38 2026] [::1]:58861 Closing
[Mon Apr 20 14:24:38 2026] [::1]:58862 Accepted
[Mon Apr 20 14:24:38 2026] [::1]:58863 Accepted
[Mon Apr 20 14:24:38 2026] [::1]:58862 [200]: GET /wp-content/plugins/elementor/assets/css/theme-light.min.css?ver=4.0.2
[Mon Apr 20 14:24:38 2026] [::1]:58864 Accepted
[Mon Apr 20 14:24:38 2026] [::1]:58863 [200]: GET /wp-includes/css/dist/block-library/style.min.css?ver=6.9.4
[Mon Apr 20 14:24:38 2026] [::1]:58862 Closing
[Mon Apr 20 14:24:38 2026] [::1]:58865 Accepted
[Mon Apr 20 14:24:38 2026] [::1]:58863 Closing
[Mon Apr 20 14:24:38 2026] [::1]:58864 [200]: GET /wp-content/themes/tijus-theme/style.css?ver=1.0.0
[Mon Apr 20 14:24:38 2026] [::1]:58866 Accepted
[Mon Apr 20 14:24:38 2026] [::1]:58864 Closing
[Mon Apr 20 14:24:38 2026] [::1]:58865 [200]: GET /wp-includes/js/jquery/jquery.min.js?ver=3.7.1
[Mon Apr 20 14:24:38 2026] [::1]:58866 [200]: GET /wp-includes/js/jquery/jquery-migrate.min.js?ver=3.4.1
[Mon Apr 20 14:24:38 2026] [::1]:58865 Closing
[Mon Apr 20 14:24:38 2026] [::1]:58866 Closing
[Mon Apr 20 14:24:38 2026] [::1]:58867 Accepted
[Mon Apr 20 14:24:38 2026] [::1]:58867 [200]: GET /wp-content/uploads/2026/04/logo.webp
[Mon Apr 20 14:24:38 2026] [::1]:58868 Accepted
[Mon Apr 20 14:24:38 2026] [::1]:58868 [200]: GET /wp-content/themes/tijus-theme/assets/images/shape/shape-8.png
[Mon Apr 20 14:24:38 2026] [::1]:58867 Closing
[Mon Apr 20 14:24:38 2026] [::1]:58868 Closing
[Mon Apr 20 14:24:38 2026] [::1]:58869 Accepted
[Mon Apr 20 14:24:38 2026] [::1]:58870 Accepted
[Mon Apr 20 14:24:38 2026] [::1]:58869 [200]: GET /wp-content/themes/tijus-theme/assets/images/shape/shape-23.png
[Mon Apr 20 14:24:38 2026] [::1]:58870 [200]: GET /wp-content/themes/tijus-theme/assets/images/shape/shape-5.png
[Mon Apr 20 14:24:38 2026] [::1]:58869 Closing
[Mon Apr 20 14:24:38 2026] [::1]:58870 Closing
[Mon Apr 20 14:24:38 2026] [::1]:58871 Accepted
[Mon Apr 20 14:24:38 2026] [::1]:58871 [200]: GET /wp-content/themes/tijus-theme/assets/images/shape/shape-6.png
[Mon Apr 20 14:24:38 2026] [::1]:58871 Closing
[Mon Apr 20 14:24:38 2026] [::1]:58872 Accepted
[Mon Apr 20 14:24:38 2026] [::1]:58873 Accepted
[Mon Apr 20 14:24:38 2026] [::1]:58872 [200]: GET /wp-includes/js/hoverintent-js.min.js?ver=2.2.1
[Mon Apr 20 14:24:38 2026] [::1]:58874 Accepted
[Mon Apr 20 14:24:38 2026] [::1]:58873 [200]: GET /wp-includes/js/admin-bar.min.js?ver=6.9.4
[Mon Apr 20 14:24:38 2026] [::1]:58875 Accepted
[Mon Apr 20 14:24:38 2026] [::1]:58874 [200]: GET /wp-includes/js/jquery/ui/core.min.js?ver=1.13.3
[Mon Apr 20 14:24:38 2026] [::1]:58876 Accepted
[Mon Apr 20 14:24:38 2026] [::1]:58872 Closing
[Mon Apr 20 14:24:38 2026] [::1]:58875 [200]: GET /wp-includes/js/jquery/ui/mouse.min.js?ver=1.13.3
[Mon Apr 20 14:24:38 2026] [::1]:58873 Closing
[Mon Apr 20 14:24:38 2026] [::1]:58876 [200]: GET /wp-includes/js/jquery/ui/draggable.min.js?ver=1.13.3
[Mon Apr 20 14:24:38 2026] [::1]:58874 Closing
[Mon Apr 20 14:24:38 2026] [::1]:58875 Closing
[Mon Apr 20 14:24:38 2026] [::1]:58876 Closing
[Mon Apr 20 14:24:38 2026] [::1]:58877 Accepted
[Mon Apr 20 14:24:38 2026] [::1]:58878 Accepted
[Mon Apr 20 14:24:38 2026] [::1]:58877 [200]: GET /wp-includes/js/underscore.min.js?ver=1.13.7
[Mon Apr 20 14:24:38 2026] [::1]:58878 [200]: GET /wp-includes/js/backbone.min.js?ver=1.6.0
[Mon Apr 20 14:24:38 2026] [::1]:58879 Accepted
[Mon Apr 20 14:24:38 2026] [::1]:58880 Accepted
[Mon Apr 20 14:24:38 2026] [::1]:58877 Closing
[Mon Apr 20 14:24:38 2026] [::1]:58878 Closing
[Mon Apr 20 14:24:38 2026] [::1]:58881 Accepted
[Mon Apr 20 14:24:38 2026] [::1]:58879 [200]: GET /wp-content/plugins/elementor/assets/lib/backbone/backbone.marionette.min.js?ver=2.4.5.e1
[Mon Apr 20 14:24:38 2026] [::1]:58882 Accepted
[Mon Apr 20 14:24:38 2026] [::1]:58880 [200]: GET /wp-content/plugins/elementor/assets/lib/backbone/backbone.radio.min.js?ver=1.0.4
[Mon Apr 20 14:24:38 2026] [::1]:58881 [200]: GET /wp-content/plugins/elementor/assets/js/common-modules.min.js?ver=4.0.2
[Mon Apr 20 14:24:38 2026] [::1]:58882 [200]: GET /wp-content/plugins/elementor/assets/js/web-cli.min.js?ver=4.0.2
[Mon Apr 20 14:24:38 2026] [::1]:58879 Closing
[Mon Apr 20 14:24:38 2026] [::1]:58880 Closing
[Mon Apr 20 14:24:38 2026] [::1]:58881 Closing
[Mon Apr 20 14:24:38 2026] [::1]:58882 Closing
[Mon Apr 20 14:24:38 2026] [::1]:58883 Accepted
[Mon Apr 20 14:24:38 2026] [::1]:58884 Accepted
[Mon Apr 20 14:24:38 2026] [::1]:58883 [200]: GET /wp-content/plugins/elementor/assets/lib/dialog/dialog.min.js?ver=4.9.4
[Mon Apr 20 14:24:38 2026] [::1]:58883 Closing
[Mon Apr 20 14:24:38 2026] [::1]:58885 Accepted
[Mon Apr 20 14:24:38 2026] [::1]:58884 [200]: GET /wp-includes/js/api-request.min.js?ver=6.9.4
[Mon Apr 20 14:24:38 2026] [::1]:58884 Closing
[Mon Apr 20 14:24:38 2026] [::1]:58886 Accepted
[Mon Apr 20 14:24:38 2026] [::1]:58885 [200]: GET /wp-content/plugins/elementor/assets/js/dev-tools.min.js?ver=4.0.2
[Mon Apr 20 14:24:38 2026] [::1]:58886 [200]: GET /wp-includes/js/dist/hooks.min.js?ver=dd5603f07f9220ed27f1
[Mon Apr 20 14:24:38 2026] [::1]:58885 Closing
[Mon Apr 20 14:24:38 2026] [::1]:58886 Closing
[Mon Apr 20 14:24:38 2026] [::1]:58887 Accepted
[Mon Apr 20 14:24:38 2026] [::1]:58888 Accepted
[Mon Apr 20 14:24:38 2026] [::1]:58887 [200]: GET /wp-includes/js/dist/i18n.min.js?ver=c26c3dc7bed366793375
[Mon Apr 20 14:24:38 2026] [::1]:58889 Accepted
[Mon Apr 20 14:24:38 2026] [::1]:58888 [200]: GET /wp-content/plugins/elementor/assets/js/common.min.js?ver=4.0.2
[Mon Apr 20 14:24:38 2026] [::1]:58891 Accepted
[Mon Apr 20 14:24:38 2026] [::1]:58889 [200]: GET /wp-content/themes/tijus-theme/assets/images/shape/shape-24.png
[Mon Apr 20 14:24:38 2026] [::1]:58892 Accepted
[Mon Apr 20 14:24:38 2026] [::1]:58887 Closing
[Mon Apr 20 14:24:38 2026] [::1]:58891 [200]: GET /wp-content/themes/tijus-theme/assets/images/shape/shape-1.png
[Mon Apr 20 14:24:38 2026] [::1]:58893 Accepted
[Mon Apr 20 14:24:38 2026] [::1]:58892 [200]: GET /wp-content/themes/tijus-theme/assets/images/shape/shape-4.png
[Mon Apr 20 14:24:38 2026] [::1]:58894 Accepted
[Mon Apr 20 14:24:38 2026] [::1]:58893 [200]: GET /wp-content/themes/tijus-theme/assets/images/blog/blog-01.jpg
[Mon Apr 20 14:24:38 2026] [::1]:58889 Closing
[Mon Apr 20 14:24:38 2026] [::1]:58895 Accepted
[Mon Apr 20 14:24:38 2026] [::1]:58891 Closing
[Mon Apr 20 14:24:38 2026] [::1]:58894 [200]: GET /wp-content/themes/tijus-theme/assets/images/shape/shape-2.png
[Mon Apr 20 14:24:38 2026] [::1]:58896 Accepted
[Mon Apr 20 14:24:38 2026] [::1]:58895 [200]: GET /wp-content/themes/tijus-theme/assets/fonts/flaticon.ttf?655915d50ed0facf464660ba648373b0
[Mon Apr 20 14:24:38 2026] [::1]:58892 Closing
[Mon Apr 20 14:24:38 2026] [::1]:58897 Accepted
[Mon Apr 20 14:24:38 2026] [::1]:58888 Closing
[Mon Apr 20 14:24:38 2026] [::1]:58893 Closing
[Mon Apr 20 14:24:38 2026] [::1]:58896 [200]: GET /wp-content/themes/tijus-theme/assets/fonts/icofont.woff2
[Mon Apr 20 14:24:38 2026] [::1]:58894 Closing
[Mon Apr 20 14:24:38 2026] [::1]:58895 Closing
[Mon Apr 20 14:24:38 2026] [::1]:58896 Closing
[Mon Apr 20 14:24:38 2026] [::1]:58897 [200]: GET /wp-content/themes/tijus-theme/assets/images/shape/shape-3.png
[Mon Apr 20 14:24:38 2026] [::1]:58897 Closing
[Mon Apr 20 14:24:38 2026] [::1]:58898 Accepted
[Mon Apr 20 14:24:38 2026] [::1]:58898 [200]: GET /wp-content/plugins/elementor/assets/js/app-loader.min.js?ver=4.0.2
[Mon Apr 20 14:24:38 2026] [::1]:58898 Closing
[Mon Apr 20 14:24:38 2026] [::1]:58899 Accepted
[Mon Apr 20 14:24:38 2026] [::1]:58900 Accepted
[Mon Apr 20 14:24:38 2026] [::1]:58899 [200]: GET /wp-content/themes/tijus-theme/assets/js/vendor/modernizr-3.11.2.min.js?ver=3.11.2
[Mon Apr 20 14:24:38 2026] [::1]:58901 Accepted
[Mon Apr 20 14:24:38 2026] [::1]:58900 [200]: GET /wp-content/themes/tijus-theme/assets/js/plugins.min.js?ver=1.0.0
[Mon Apr 20 14:24:38 2026] [::1]:58899 Closing
[Mon Apr 20 14:24:38 2026] [::1]:58902 Accepted
[Mon Apr 20 14:24:38 2026] [::1]:58901 [200]: GET /wp-content/themes/tijus-theme/assets/js/main.js?ver=1.0.0
[Mon Apr 20 14:24:38 2026] [::1]:58903 Accepted
[Mon Apr 20 14:24:38 2026] [::1]:58902 [200]: GET /wp-content/themes/tijus-theme/assets/images/shape/shape-21.png
[Mon Apr 20 14:24:38 2026] [::1]:58900 Closing
[Mon Apr 20 14:24:38 2026] [::1]:58903 [200]: GET /wp-content/themes/tijus-theme/assets/images/shape/shape-22.png
[Mon Apr 20 14:24:38 2026] [::1]:58901 Closing
[Mon Apr 20 14:24:38 2026] [::1]:58902 Closing
[Mon Apr 20 14:24:38 2026] [::1]:58903 Closing
[Mon Apr 20 14:24:38 2026] [::1]:58904 Accepted
[Mon Apr 20 14:24:38 2026] [::1]:58904 [200]: GET /wp-includes/js/wp-emoji-release.min.js?ver=6.9.4
[Mon Apr 20 14:24:38 2026] [::1]:58904 Closing
[Mon Apr 20 14:24:38 2026] [::1]:58905 Accepted
[Mon Apr 20 14:24:38 2026] [::1]:58905 [200]: GET /wp-content/themes/tijus-theme/assets/images/favicon.ico
[Mon Apr 20 14:24:38 2026] [::1]:58905 Closing
[Mon Apr 20 14:24:38 2026] [::1]:58906 Accepted
[Mon Apr 20 14:24:38 2026] [::1]:58906 [200]: GET /wp-content/uploads/2026/04/cropped-logo-32x32.webp
[Mon Apr 20 14:24:38 2026] [::1]:58906 Closing
[Mon Apr 20 14:24:40 2026] [::1]:58907 Accepted
[Mon Apr 20 14:24:41 2026] [::1]:58907 Closing
[Mon Apr 20 14:24:41 2026] [::1]:58908 Accepted
[Mon Apr 20 14:24:41 2026] [::1]:58908 [200]: GET /wp-content/themes/tijus-theme/assets/css/vendor/plugins.min.css
[Mon Apr 20 14:24:41 2026] [::1]:58910 Accepted
[Mon Apr 20 14:24:41 2026] [::1]:58911 Accepted
[Mon Apr 20 14:24:41 2026] [::1]:58910 [200]: GET /wp-content/themes/tijus-theme/assets/css/style.min.css
[Mon Apr 20 14:24:41 2026] [::1]:58912 Accepted
[Mon Apr 20 14:24:41 2026] [::1]:58911 [200]: GET /wp-includes/css/dashicons.min.css?ver=6.9.4
[Mon Apr 20 14:24:41 2026] [::1]:58913 Accepted
[Mon Apr 20 14:24:41 2026] [::1]:58908 Closing
[Mon Apr 20 14:24:41 2026] [::1]:58912 [200]: GET /wp-includes/css/admin-bar.min.css?ver=6.9.4
[Mon Apr 20 14:24:41 2026] [::1]:58914 Accepted
[Mon Apr 20 14:24:41 2026] [::1]:58913 [200]: GET /wp-content/plugins/elementor/assets/lib/eicons/css/elementor-icons.min.css?ver=5.48.0
[Mon Apr 20 14:24:41 2026] [::1]:58914 [200]: GET /wp-content/plugins/elementor/assets/css/common.min.css?ver=4.0.2
[Mon Apr 20 14:24:41 2026] [::1]:58911 Closing
[Mon Apr 20 14:24:41 2026] [::1]:58912 Closing
[Mon Apr 20 14:24:41 2026] [::1]:58910 Closing
[Mon Apr 20 14:24:41 2026] [::1]:58913 Closing
[Mon Apr 20 14:24:41 2026] [::1]:58914 Closing
[Mon Apr 20 14:24:41 2026] [::1]:58915 Accepted
[Mon Apr 20 14:24:41 2026] [::1]:58916 Accepted
[Mon Apr 20 14:24:41 2026] [::1]:58917 Accepted
[Mon Apr 20 14:24:41 2026] [::1]:58915 [200]: GET /wp-content/plugins/elementor/assets/css/theme-light.min.css?ver=4.0.2
[Mon Apr 20 14:24:41 2026] [::1]:58916 [200]: GET /wp-includes/css/dist/block-library/style.min.css?ver=6.9.4
[Mon Apr 20 14:24:41 2026] [::1]:58917 [200]: GET /wp-content/themes/tijus-theme/style.css?ver=1.0.0
[Mon Apr 20 14:24:41 2026] [::1]:58918 Accepted
[Mon Apr 20 14:24:41 2026] [::1]:58915 Closing
[Mon Apr 20 14:24:41 2026] [::1]:58918 [200]: GET /wp-includes/js/jquery/jquery.min.js?ver=3.7.1
[Mon Apr 20 14:24:41 2026] [::1]:58916 Closing
[Mon Apr 20 14:24:41 2026] [::1]:58917 Closing
[Mon Apr 20 14:24:41 2026] [::1]:58919 Accepted
[Mon Apr 20 14:24:41 2026] [::1]:58918 Closing
[Mon Apr 20 14:24:41 2026] [::1]:58919 [200]: GET /wp-includes/js/jquery/jquery-migrate.min.js?ver=3.4.1
[Mon Apr 20 14:24:41 2026] [::1]:58919 Closing
[Mon Apr 20 14:24:41 2026] [::1]:58920 Accepted
[Mon Apr 20 14:24:41 2026] [::1]:58921 Accepted
[Mon Apr 20 14:24:41 2026] [::1]:58920 [200]: GET /wp-content/uploads/2026/04/logo.webp
[Mon Apr 20 14:24:41 2026] [::1]:58921 [200]: GET /wp-content/themes/tijus-theme/assets/images/shape/shape-8.png
[Mon Apr 20 14:24:41 2026] [::1]:58920 Closing
[Mon Apr 20 14:24:41 2026] [::1]:58921 Closing
[Mon Apr 20 14:24:41 2026] [::1]:58922 Accepted
[Mon Apr 20 14:24:41 2026] [::1]:58923 Accepted
[Mon Apr 20 14:24:41 2026] [::1]:58922 [200]: GET /wp-content/themes/tijus-theme/assets/images/shape/shape-23.png
[Mon Apr 20 14:24:41 2026] [::1]:58923 [200]: GET /wp-content/themes/tijus-theme/assets/images/shape/shape-5.png
[Mon Apr 20 14:24:41 2026] [::1]:58922 Closing
[Mon Apr 20 14:24:41 2026] [::1]:58923 Closing
[Mon Apr 20 14:24:41 2026] [::1]:58924 Accepted
[Mon Apr 20 14:24:41 2026] [::1]:58924 [200]: GET /wp-content/themes/tijus-theme/assets/images/shape/shape-6.png
[Mon Apr 20 14:24:41 2026] [::1]:58925 Accepted
[Mon Apr 20 14:24:41 2026] [::1]:58925 [200]: GET /wp-includes/js/hoverintent-js.min.js?ver=2.2.1
[Mon Apr 20 14:24:41 2026] [::1]:58926 Accepted
[Mon Apr 20 14:24:41 2026] [::1]:58924 Closing
[Mon Apr 20 14:24:41 2026] [::1]:58927 Accepted
[Mon Apr 20 14:24:41 2026] [::1]:58925 Closing
[Mon Apr 20 14:24:41 2026] [::1]:58928 Accepted
[Mon Apr 20 14:24:41 2026] [::1]:58926 [200]: GET /wp-includes/js/admin-bar.min.js?ver=6.9.4
[Mon Apr 20 14:24:41 2026] [::1]:58927 [200]: GET /wp-includes/js/jquery/ui/core.min.js?ver=1.13.3
[Mon Apr 20 14:24:41 2026] [::1]:58928 [200]: GET /wp-includes/js/jquery/ui/mouse.min.js?ver=1.13.3
[Mon Apr 20 14:24:41 2026] [::1]:58929 Accepted
[Mon Apr 20 14:24:41 2026] [::1]:58926 Closing
[Mon Apr 20 14:24:41 2026] [::1]:58927 Closing
[Mon Apr 20 14:24:41 2026] [::1]:58928 Closing
[Mon Apr 20 14:24:41 2026] [::1]:58929 [200]: GET /wp-includes/js/jquery/ui/draggable.min.js?ver=1.13.3
[Mon Apr 20 14:24:41 2026] [::1]:58929 Closing
[Mon Apr 20 14:24:41 2026] [::1]:58930 Accepted
[Mon Apr 20 14:24:41 2026] [::1]:58931 Accepted
[Mon Apr 20 14:24:41 2026] [::1]:58930 [200]: GET /wp-includes/js/underscore.min.js?ver=1.13.7
[Mon Apr 20 14:24:41 2026] [::1]:58931 [200]: GET /wp-includes/js/backbone.min.js?ver=1.6.0
[Mon Apr 20 14:24:41 2026] [::1]:58930 Closing
[Mon Apr 20 14:24:41 2026] [::1]:58932 Accepted
[Mon Apr 20 14:24:41 2026] [::1]:58931 Closing
[Mon Apr 20 14:24:41 2026] [::1]:58933 Accepted
[Mon Apr 20 14:24:41 2026] [::1]:58932 [200]: GET /wp-content/plugins/elementor/assets/lib/backbone/backbone.marionette.min.js?ver=2.4.5.e1
[Mon Apr 20 14:24:41 2026] [::1]:58934 Accepted
[Mon Apr 20 14:24:41 2026] [::1]:58933 [200]: GET /wp-content/plugins/elementor/assets/lib/backbone/backbone.radio.min.js?ver=1.0.4
[Mon Apr 20 14:24:41 2026] [::1]:58935 Accepted
[Mon Apr 20 14:24:41 2026] [::1]:58934 [200]: GET /wp-content/plugins/elementor/assets/js/common-modules.min.js?ver=4.0.2
[Mon Apr 20 14:24:41 2026] [::1]:58932 Closing
[Mon Apr 20 14:24:41 2026] [::1]:58935 [200]: GET /wp-content/plugins/elementor/assets/js/web-cli.min.js?ver=4.0.2
[Mon Apr 20 14:24:41 2026] [::1]:58933 Closing
[Mon Apr 20 14:24:41 2026] [::1]:58934 Closing
[Mon Apr 20 14:24:41 2026] [::1]:58935 Closing
[Mon Apr 20 14:24:41 2026] [::1]:58936 Accepted
[Mon Apr 20 14:24:41 2026] [::1]:58937 Accepted
[Mon Apr 20 14:24:41 2026] [::1]:58938 Accepted
[Mon Apr 20 14:24:41 2026] [::1]:58936 [200]: GET /wp-content/plugins/elementor/assets/lib/dialog/dialog.min.js?ver=4.9.4
[Mon Apr 20 14:24:41 2026] [::1]:58937 [200]: GET /wp-includes/js/api-request.min.js?ver=6.9.4
[Mon Apr 20 14:24:41 2026] [::1]:58936 Closing
[Mon Apr 20 14:24:41 2026] [::1]:58937 Closing
[Mon Apr 20 14:24:41 2026] [::1]:58939 Accepted
[Mon Apr 20 14:24:41 2026] [::1]:58938 [200]: GET /wp-content/plugins/elementor/assets/js/dev-tools.min.js?ver=4.0.2
[Mon Apr 20 14:24:41 2026] [::1]:58940 Accepted
[Mon Apr 20 14:24:41 2026] [::1]:58939 [200]: GET /wp-includes/js/dist/hooks.min.js?ver=dd5603f07f9220ed27f1
[Mon Apr 20 14:24:41 2026] [::1]:58938 Closing
[Mon Apr 20 14:24:41 2026] [::1]:58941 Accepted
[Mon Apr 20 14:24:41 2026] [::1]:58940 [200]: GET /wp-includes/js/dist/i18n.min.js?ver=c26c3dc7bed366793375
[Mon Apr 20 14:24:41 2026] [::1]:58941 [200]: GET /wp-content/plugins/elementor/assets/js/common.min.js?ver=4.0.2
[Mon Apr 20 14:24:41 2026] [::1]:58939 Closing
[Mon Apr 20 14:24:41 2026] [::1]:58940 Closing
[Mon Apr 20 14:24:41 2026] [::1]:58941 Closing
[Mon Apr 20 14:24:41 2026] [::1]:58942 Accepted
[Mon Apr 20 14:24:41 2026] [::1]:58942 [200]: GET /wp-content/themes/tijus-theme/assets/images/author/author-11.jpg
[Mon Apr 20 14:24:41 2026] [::1]:58943 Accepted
[Mon Apr 20 14:24:41 2026] [::1]:58942 Closing
[Mon Apr 20 14:24:41 2026] [::1]:58944 Accepted
[Mon Apr 20 14:24:41 2026] [::1]:58943 [200]: GET /wp-content/themes/tijus-theme/assets/images/shape/shape-4.png
[Mon Apr 20 14:24:41 2026] [::1]:58945 Accepted
[Mon Apr 20 14:24:41 2026] [::1]:58944 [200]: GET /wp-content/themes/tijus-theme/assets/images/shape/shape-24.png
[Mon Apr 20 14:24:41 2026] [::1]:58946 Accepted
[Mon Apr 20 14:24:41 2026] [::1]:58945 [200]: GET /wp-content/themes/tijus-theme/assets/images/shape/shape-1.png
[Mon Apr 20 14:24:41 2026] [::1]:58947 Accepted
[Mon Apr 20 14:24:41 2026] [::1]:58943 Closing
[Mon Apr 20 14:24:41 2026] [::1]:58946 [200]: GET /wp-content/themes/tijus-theme/assets/images/error.png
[Mon Apr 20 14:24:41 2026] [::1]:58944 Closing
[Mon Apr 20 14:24:41 2026] [::1]:58947 [200]: GET /wp-content/themes/tijus-theme/assets/fonts/flaticon.ttf?655915d50ed0facf464660ba648373b0
[Mon Apr 20 14:24:41 2026] [::1]:58948 Accepted
[Mon Apr 20 14:24:41 2026] [::1]:58945 Closing
[Mon Apr 20 14:24:41 2026] [::1]:58949 Accepted
[Mon Apr 20 14:24:41 2026] [::1]:58946 Closing
[Mon Apr 20 14:24:41 2026] [::1]:58950 Accepted
[Mon Apr 20 14:24:41 2026] [::1]:58948 [200]: GET /wp-content/themes/tijus-theme/assets/fonts/icofont.woff2
[Mon Apr 20 14:24:41 2026] [::1]:58949 [200]: GET /wp-content/themes/tijus-theme/assets/images/shape/shape-3.png
[Mon Apr 20 14:24:41 2026] [::1]:58947 Closing
[Mon Apr 20 14:24:41 2026] [::1]:58950 [200]: GET /wp-content/themes/tijus-theme/assets/images/shape/shape-2.png
[Mon Apr 20 14:24:41 2026] [::1]:58949 Closing
[Mon Apr 20 14:24:41 2026] [::1]:58951 Accepted
[Mon Apr 20 14:24:41 2026] [::1]:58950 Closing
[Mon Apr 20 14:24:41 2026] [::1]:58948 Closing
[Mon Apr 20 14:24:41 2026] [::1]:58951 [200]: GET /wp-content/plugins/elementor/assets/js/app-loader.min.js?ver=4.0.2
[Mon Apr 20 14:24:41 2026] [::1]:58951 Closing
[Mon Apr 20 14:24:41 2026] [::1]:58952 Accepted
[Mon Apr 20 14:24:41 2026] [::1]:58952 [200]: GET /wp-content/themes/tijus-theme/assets/js/vendor/modernizr-3.11.2.min.js?ver=3.11.2
[Mon Apr 20 14:24:41 2026] [::1]:58953 Accepted
[Mon Apr 20 14:24:41 2026] [::1]:58952 Closing
[Mon Apr 20 14:24:41 2026] [::1]:58954 Accepted
[Mon Apr 20 14:24:41 2026] [::1]:58953 [200]: GET /wp-content/themes/tijus-theme/assets/js/plugins.min.js?ver=1.0.0
[Mon Apr 20 14:24:41 2026] [::1]:58955 Accepted
[Mon Apr 20 14:24:41 2026] [::1]:58954 [200]: GET /wp-content/themes/tijus-theme/assets/js/main.js?ver=1.0.0
[Mon Apr 20 14:24:41 2026] [::1]:58956 Accepted
[Mon Apr 20 14:24:41 2026] [::1]:58955 [200]: GET /wp-content/themes/tijus-theme/assets/images/shape/shape-14.png
[Mon Apr 20 14:24:41 2026] [::1]:58954 Closing
[Mon Apr 20 14:24:41 2026] [::1]:58953 Closing
[Mon Apr 20 14:24:41 2026] [::1]:58957 Accepted
[Mon Apr 20 14:24:41 2026] [::1]:58955 Closing
[Mon Apr 20 14:24:41 2026] [::1]:58958 Accepted
[Mon Apr 20 14:24:41 2026] [::1]:58956 [200]: GET /wp-content/themes/tijus-theme/assets/images/google-play.png
[Mon Apr 20 14:24:41 2026] [::1]:58957 [200]: GET /wp-content/themes/tijus-theme/assets/images/app-store.png
[Mon Apr 20 14:24:41 2026] [::1]:58958 [200]: GET /wp-content/themes/tijus-theme/assets/images/shape/shape-21.png
[Mon Apr 20 14:24:41 2026] [::1]:58956 Closing
[Mon Apr 20 14:24:41 2026] [::1]:58957 Closing
[Mon Apr 20 14:24:41 2026] [::1]:58959 Accepted
[Mon Apr 20 14:24:41 2026] [::1]:58958 Closing
[Mon Apr 20 14:24:41 2026] [::1]:58959 [200]: GET /wp-content/themes/tijus-theme/assets/images/shape/shape-22.png
[Mon Apr 20 14:24:41 2026] [::1]:58959 Closing
[Mon Apr 20 14:24:41 2026] [::1]:58960 Accepted
[Mon Apr 20 14:24:41 2026] [::1]:58960 [200]: GET /wp-includes/js/wp-emoji-release.min.js?ver=6.9.4
[Mon Apr 20 14:24:41 2026] [::1]:58960 Closing
[Mon Apr 20 14:24:41 2026] [::1]:58961 Accepted
[Mon Apr 20 14:24:41 2026] [::1]:58961 [200]: GET /wp-content/themes/tijus-theme/assets/images/favicon.ico
[Mon Apr 20 14:24:41 2026] [::1]:58961 Closing
[Mon Apr 20 14:26:08 2026] [::1]:58980 Accepted
[Mon Apr 20 14:26:08 2026] [::1]:58981 Accepted
[Mon Apr 20 14:26:09 2026] [::1]:58980 Closing
[Mon Apr 20 14:26:09 2026] [::1]:58981 [200]: GET /wp-content/themes/tijus-theme/assets/css/vendor/plugins.min.css
[Mon Apr 20 14:26:09 2026] [::1]:58981 Closing
[Mon Apr 20 14:26:09 2026] [::1]:58983 Accepted
[Mon Apr 20 14:26:09 2026] [::1]:58984 Accepted
[Mon Apr 20 14:26:09 2026] [::1]:58985 Accepted
[Mon Apr 20 14:26:09 2026] [::1]:58983 [200]: GET /wp-content/themes/tijus-theme/assets/css/style.min.css
[Mon Apr 20 14:26:09 2026] [::1]:58986 Accepted
[Mon Apr 20 14:26:09 2026] [::1]:58984 [200]: GET /wp-includes/css/dashicons.min.css?ver=6.9.4
[Mon Apr 20 14:26:09 2026] [::1]:58987 Accepted
[Mon Apr 20 14:26:09 2026] [::1]:58985 [200]: GET /wp-includes/css/admin-bar.min.css?ver=6.9.4
[Mon Apr 20 14:26:09 2026] [::1]:58986 [200]: GET /wp-content/plugins/elementor/assets/lib/eicons/css/elementor-icons.min.css?ver=5.48.0
[Mon Apr 20 14:26:09 2026] [::1]:58987 [200]: GET /wp-content/plugins/elementor/assets/css/common.min.css?ver=4.0.2
[Mon Apr 20 14:26:09 2026] [::1]:58984 Closing
[Mon Apr 20 14:26:09 2026] [::1]:58985 Closing
[Mon Apr 20 14:26:09 2026] [::1]:58986 Closing
[Mon Apr 20 14:26:09 2026] [::1]:58983 Closing
[Mon Apr 20 14:26:09 2026] [::1]:58987 Closing
[Mon Apr 20 14:26:09 2026] [::1]:58988 Accepted
[Mon Apr 20 14:26:09 2026] [::1]:58989 Accepted
[Mon Apr 20 14:26:09 2026] [::1]:58988 [200]: GET /wp-content/plugins/elementor/assets/css/theme-light.min.css?ver=4.0.2
[Mon Apr 20 14:26:09 2026] [::1]:58990 Accepted
[Mon Apr 20 14:26:09 2026] [::1]:58989 [200]: GET /wp-includes/css/dist/block-library/style.min.css?ver=6.9.4
[Mon Apr 20 14:26:09 2026] [::1]:58988 Closing
[Mon Apr 20 14:26:09 2026] [::1]:58989 Closing
[Mon Apr 20 14:26:09 2026] [::1]:58990 [200]: GET /wp-content/themes/tijus-theme/style.css?ver=1.0.0
[Mon Apr 20 14:26:09 2026] [::1]:58991 Accepted
[Mon Apr 20 14:26:09 2026] [::1]:58990 Closing
[Mon Apr 20 14:26:09 2026] [::1]:58992 Accepted
[Mon Apr 20 14:26:09 2026] [::1]:58991 [200]: GET /wp-includes/js/jquery/jquery.min.js?ver=3.7.1
[Mon Apr 20 14:26:09 2026] [::1]:58991 Closing
[Mon Apr 20 14:26:09 2026] [::1]:58992 [200]: GET /wp-includes/js/jquery/jquery-migrate.min.js?ver=3.4.1
[Mon Apr 20 14:26:09 2026] [::1]:58993 Accepted
[Mon Apr 20 14:26:09 2026] [::1]:58992 Closing
[Mon Apr 20 14:26:09 2026] [::1]:58993 [200]: GET /wp-content/uploads/2026/04/logo.webp
[Mon Apr 20 14:26:09 2026] [::1]:58993 Closing
[Mon Apr 20 14:26:09 2026] [::1]:58994 Accepted
[Mon Apr 20 14:26:09 2026] [::1]:58994 [200]: GET /wp-content/themes/tijus-theme/assets/images/shape/shape-8.png
[Mon Apr 20 14:26:09 2026] [::1]:58994 Closing
[Mon Apr 20 14:26:09 2026] [::1]:58995 Accepted
[Mon Apr 20 14:26:09 2026] [::1]:58996 Accepted
[Mon Apr 20 14:26:09 2026] [::1]:58995 [200]: GET /wp-content/themes/tijus-theme/assets/images/shape/shape-23.png
[Mon Apr 20 14:26:09 2026] [::1]:58996 [200]: GET /wp-content/themes/tijus-theme/assets/images/shape/shape-24.png
[Mon Apr 20 14:26:09 2026] [::1]:58995 Closing
[Mon Apr 20 14:26:09 2026] [::1]:58996 Closing
[Mon Apr 20 14:26:09 2026] [::1]:58997 Accepted
[Mon Apr 20 14:26:09 2026] [::1]:58997 [200]: GET /wp-content/themes/tijus-theme/assets/images/blog/blog-01.jpg
[Mon Apr 20 14:26:09 2026] [::1]:58997 Closing
[Mon Apr 20 14:26:09 2026] [::1]:58998 Accepted
[Mon Apr 20 14:26:09 2026] [::1]:58998 [200]: GET /wp-includes/js/hoverintent-js.min.js?ver=2.2.1
[Mon Apr 20 14:26:09 2026] [::1]:58998 Closing
[Mon Apr 20 14:26:09 2026] [::1]:58999 Accepted
[Mon Apr 20 14:26:09 2026] [::1]:58999 [200]: GET /wp-includes/js/admin-bar.min.js?ver=6.9.4
[Mon Apr 20 14:26:09 2026] [::1]:59000 Accepted
[Mon Apr 20 14:26:09 2026] [::1]:59001 Accepted
[Mon Apr 20 14:26:09 2026] [::1]:59002 Accepted
[Mon Apr 20 14:26:09 2026] [::1]:58999 Closing
[Mon Apr 20 14:26:09 2026] [::1]:59000 [200]: GET /wp-includes/js/jquery/ui/core.min.js?ver=1.13.3
[Mon Apr 20 14:26:09 2026] [::1]:59001 [200]: GET /wp-includes/js/jquery/ui/mouse.min.js?ver=1.13.3
[Mon Apr 20 14:26:09 2026] [::1]:59002 [200]: GET /wp-includes/js/jquery/ui/draggable.min.js?ver=1.13.3
[Mon Apr 20 14:26:09 2026] [::1]:59003 Accepted
[Mon Apr 20 14:26:09 2026] [::1]:59004 Accepted
[Mon Apr 20 14:26:09 2026] [::1]:59000 Closing
[Mon Apr 20 14:26:09 2026] [::1]:59003 [200]: GET /wp-includes/js/underscore.min.js?ver=1.13.7
[Mon Apr 20 14:26:09 2026] [::1]:59001 Closing
[Mon Apr 20 14:26:09 2026] [::1]:59002 Closing
[Mon Apr 20 14:26:09 2026] [::1]:59004 [200]: GET /wp-includes/js/backbone.min.js?ver=1.6.0
[Mon Apr 20 14:26:09 2026] [::1]:59005 Accepted
[Mon Apr 20 14:26:09 2026] [::1]:59003 Closing
[Mon Apr 20 14:26:09 2026] [::1]:59004 Closing
[Mon Apr 20 14:26:09 2026] [::1]:59005 [200]: GET /wp-content/plugins/elementor/assets/lib/backbone/backbone.marionette.min.js?ver=2.4.5.e1
[Mon Apr 20 14:26:09 2026] [::1]:59005 Closing
[Mon Apr 20 14:26:09 2026] [::1]:59006 Accepted
[Mon Apr 20 14:26:09 2026] [::1]:59007 Accepted
[Mon Apr 20 14:26:09 2026] [::1]:59008 Accepted
[Mon Apr 20 14:26:09 2026] [::1]:59006 [200]: GET /wp-content/plugins/elementor/assets/lib/backbone/backbone.radio.min.js?ver=1.0.4
[Mon Apr 20 14:26:09 2026] [::1]:59007 [200]: GET /wp-content/plugins/elementor/assets/js/common-modules.min.js?ver=4.0.2
[Mon Apr 20 14:26:09 2026] [::1]:59008 [200]: GET /wp-content/plugins/elementor/assets/js/web-cli.min.js?ver=4.0.2
[Mon Apr 20 14:26:09 2026] [::1]:59009 Accepted
[Mon Apr 20 14:26:09 2026] [::1]:59010 Accepted
[Mon Apr 20 14:26:09 2026] [::1]:59006 Closing
[Mon Apr 20 14:26:09 2026] [::1]:59007 Closing
[Mon Apr 20 14:26:09 2026] [::1]:59009 [200]: GET /wp-content/plugins/elementor/assets/lib/dialog/dialog.min.js?ver=4.9.4
[Mon Apr 20 14:26:09 2026] [::1]:59010 [200]: GET /wp-includes/js/api-request.min.js?ver=6.9.4
[Mon Apr 20 14:26:09 2026] [::1]:59011 Accepted
[Mon Apr 20 14:26:09 2026] [::1]:59008 Closing
[Mon Apr 20 14:26:09 2026] [::1]:59011 [200]: GET /wp-content/plugins/elementor/assets/js/dev-tools.min.js?ver=4.0.2
[Mon Apr 20 14:26:09 2026] [::1]:59009 Closing
[Mon Apr 20 14:26:09 2026] [::1]:59010 Closing
[Mon Apr 20 14:26:09 2026] [::1]:59011 Closing
[Mon Apr 20 14:26:09 2026] [::1]:59012 Accepted
[Mon Apr 20 14:26:09 2026] [::1]:59013 Accepted
[Mon Apr 20 14:26:09 2026] [::1]:59014 Accepted
[Mon Apr 20 14:26:09 2026] [::1]:59012 [200]: GET /wp-includes/js/dist/hooks.min.js?ver=dd5603f07f9220ed27f1
[Mon Apr 20 14:26:09 2026] [::1]:59015 Accepted
[Mon Apr 20 14:26:09 2026] [::1]:59013 [200]: GET /wp-includes/js/dist/i18n.min.js?ver=c26c3dc7bed366793375
[Mon Apr 20 14:26:09 2026] [::1]:59014 [200]: GET /wp-content/plugins/elementor/assets/js/common.min.js?ver=4.0.2
[Mon Apr 20 14:26:09 2026] [::1]:59016 Accepted
[Mon Apr 20 14:26:09 2026] [::1]:59015 [200]: GET /wp-content/plugins/elementor/assets/js/app-loader.min.js?ver=4.0.2
[Mon Apr 20 14:26:09 2026] [::1]:59017 Accepted
[Mon Apr 20 14:26:09 2026] [::1]:59012 Closing
[Mon Apr 20 14:26:09 2026] [::1]:59016 [200]: GET /wp-content/themes/tijus-theme/assets/js/vendor/modernizr-3.11.2.min.js?ver=3.11.2
[Mon Apr 20 14:26:09 2026] [::1]:59013 Closing
[Mon Apr 20 14:26:09 2026] [::1]:59017 [200]: GET /wp-content/themes/tijus-theme/assets/js/plugins.min.js?ver=1.0.0
[Mon Apr 20 14:26:09 2026] [::1]:59018 Accepted
[Mon Apr 20 14:26:09 2026] [::1]:59015 Closing
[Mon Apr 20 14:26:09 2026] [::1]:59016 Closing
[Mon Apr 20 14:26:09 2026] [::1]:59014 Closing
[Mon Apr 20 14:26:09 2026] [::1]:59018 [200]: GET /wp-content/themes/tijus-theme/assets/images/shape/shape-3.png
[Mon Apr 20 14:26:09 2026] [::1]:59017 Closing
[Mon Apr 20 14:26:09 2026] [::1]:59019 Accepted
[Mon Apr 20 14:26:09 2026] [::1]:59019 [200]: GET /wp-content/themes/tijus-theme/assets/images/shape/shape-1.png
[Mon Apr 20 14:26:09 2026] [::1]:59018 Closing
[Mon Apr 20 14:26:09 2026] [::1]:59019 Closing
[Mon Apr 20 14:26:09 2026] [::1]:59020 Accepted
[Mon Apr 20 14:26:09 2026] [::1]:59021 Accepted
[Mon Apr 20 14:26:09 2026] [::1]:59020 [200]: GET /wp-content/themes/tijus-theme/assets/images/shape/shape-2.png
[Mon Apr 20 14:26:09 2026] [::1]:59022 Accepted
[Mon Apr 20 14:26:09 2026] [::1]:59021 [200]: GET /wp-content/themes/tijus-theme/assets/js/main.js?ver=1.0.0
[Mon Apr 20 14:26:09 2026] [::1]:59023 Accepted
[Mon Apr 20 14:26:09 2026] [::1]:59022 [200]: GET /wp-content/themes/tijus-theme/assets/images/shape/shape-21.png
[Mon Apr 20 14:26:09 2026] [::1]:59024 Accepted
[Mon Apr 20 14:26:09 2026] [::1]:59020 Closing
[Mon Apr 20 14:26:09 2026] [::1]:59023 [200]: GET /wp-content/themes/tijus-theme/assets/images/shape/shape-22.png
[Mon Apr 20 14:26:09 2026] [::1]:59025 Accepted
[Mon Apr 20 14:26:09 2026] [::1]:59021 Closing
[Mon Apr 20 14:26:09 2026] [::1]:59024 [200]: GET /wp-content/themes/tijus-theme/assets/fonts/flaticon.ttf?655915d50ed0facf464660ba648373b0
[Mon Apr 20 14:26:09 2026] [::1]:59025 [200]: GET /wp-content/themes/tijus-theme/assets/fonts/icofont.woff2
[Mon Apr 20 14:26:09 2026] [::1]:59022 Closing
[Mon Apr 20 14:26:09 2026] [::1]:59026 Accepted
[Mon Apr 20 14:26:09 2026] [::1]:59023 Closing
[Mon Apr 20 14:26:09 2026] [::1]:59024 Closing
[Mon Apr 20 14:26:09 2026] [::1]:59025 Closing
[Mon Apr 20 14:26:09 2026] [::1]:59026 [200]: GET /wp-content/themes/tijus-theme/assets/images/shape/shape-11.png
[Mon Apr 20 14:26:09 2026] [::1]:59026 Closing
[Mon Apr 20 14:26:09 2026] [::1]:59027 Accepted
[Mon Apr 20 14:26:09 2026] [::1]:59027 [200]: GET /wp-includes/js/wp-emoji-release.min.js?ver=6.9.4
[Mon Apr 20 14:26:09 2026] [::1]:59027 Closing
[Mon Apr 20 14:26:09 2026] [::1]:59028 Accepted
[Mon Apr 20 14:26:09 2026] [::1]:59028 [200]: GET /wp-content/themes/tijus-theme/assets/images/favicon.ico
[Mon Apr 20 14:26:09 2026] [::1]:59028 Closing
[Mon Apr 20 14:26:09 2026] [::1]:59029 Accepted
[Mon Apr 20 14:26:09 2026] [::1]:59029 [200]: GET /wp-content/uploads/2026/04/cropped-logo-32x32.webp
[Mon Apr 20 14:26:09 2026] [::1]:59029 Closing
[Mon Apr 20 14:26:18 2026] [::1]:59032 Accepted
[Mon Apr 20 14:26:18 2026] [::1]:59033 Accepted
[Mon Apr 20 14:26:18 2026] [::1]:59032 Closing
[Mon Apr 20 14:26:18 2026] [::1]:59033 [200]: GET /wp-content/themes/tijus-theme/assets/css/vendor/plugins.min.css
[Mon Apr 20 14:26:18 2026] [::1]:59033 Closing
[Mon Apr 20 14:26:18 2026] [::1]:59035 Accepted
[Mon Apr 20 14:26:18 2026] [::1]:59036 Accepted
[Mon Apr 20 14:26:18 2026] [::1]:59037 Accepted
[Mon Apr 20 14:26:18 2026] [::1]:59035 [200]: GET /wp-content/themes/tijus-theme/assets/css/style.min.css
[Mon Apr 20 14:26:18 2026] [::1]:59038 Accepted
[Mon Apr 20 14:26:18 2026] [::1]:59036 [200]: GET /wp-includes/css/dashicons.min.css?ver=6.9.4
[Mon Apr 20 14:26:18 2026] [::1]:59037 [200]: GET /wp-includes/css/admin-bar.min.css?ver=6.9.4
[Mon Apr 20 14:26:18 2026] [::1]:59039 Accepted
[Mon Apr 20 14:26:18 2026] [::1]:59038 [200]: GET /wp-content/plugins/elementor/assets/lib/eicons/css/elementor-icons.min.css?ver=5.48.0
[Mon Apr 20 14:26:18 2026] [::1]:59039 [200]: GET /wp-content/plugins/elementor/assets/css/common.min.css?ver=4.0.2
[Mon Apr 20 14:26:18 2026] [::1]:59036 Closing
[Mon Apr 20 14:26:18 2026] [::1]:59037 Closing
[Mon Apr 20 14:26:18 2026] [::1]:59038 Closing
[Mon Apr 20 14:26:18 2026] [::1]:59035 Closing
[Mon Apr 20 14:26:18 2026] [::1]:59039 Closing
[Mon Apr 20 14:26:18 2026] [::1]:59040 Accepted
[Mon Apr 20 14:26:18 2026] [::1]:59041 Accepted
[Mon Apr 20 14:26:18 2026] [::1]:59040 [200]: GET /wp-content/plugins/elementor/assets/css/theme-light.min.css?ver=4.0.2
[Mon Apr 20 14:26:18 2026] [::1]:59040 Closing
[Mon Apr 20 14:26:18 2026] [::1]:59041 [200]: GET /wp-includes/css/dist/block-library/style.min.css?ver=6.9.4
[Mon Apr 20 14:26:18 2026] [::1]:59042 Accepted
[Mon Apr 20 14:26:18 2026] [::1]:59041 Closing
[Mon Apr 20 14:26:18 2026] [::1]:59043 Accepted
[Mon Apr 20 14:26:18 2026] [::1]:59042 [200]: GET /wp-content/themes/tijus-theme/style.css?ver=1.0.0
[Mon Apr 20 14:26:18 2026] [::1]:59043 [200]: GET /wp-includes/js/jquery/jquery.min.js?ver=3.7.1
[Mon Apr 20 14:26:18 2026] [::1]:59042 Closing
[Mon Apr 20 14:26:18 2026] [::1]:59044 Accepted
[Mon Apr 20 14:26:18 2026] [::1]:59043 Closing
[Mon Apr 20 14:26:18 2026] [::1]:59044 [200]: GET /wp-includes/js/jquery/jquery-migrate.min.js?ver=3.4.1
[Mon Apr 20 14:26:18 2026] [::1]:59044 Closing
[Mon Apr 20 14:26:18 2026] [::1]:59045 Accepted
[Mon Apr 20 14:26:18 2026] [::1]:59046 Accepted
[Mon Apr 20 14:26:18 2026] [::1]:59045 [200]: GET /wp-content/uploads/2026/04/logo.webp
[Mon Apr 20 14:26:18 2026] [::1]:59046 [200]: GET /wp-content/themes/tijus-theme/assets/images/shape/shape-8.png
[Mon Apr 20 14:26:18 2026] [::1]:59045 Closing
[Mon Apr 20 14:26:18 2026] [::1]:59046 Closing
[Mon Apr 20 14:26:18 2026] [::1]:59047 Accepted
[Mon Apr 20 14:26:18 2026] [::1]:59048 Accepted
[Mon Apr 20 14:26:18 2026] [::1]:59047 [200]: GET /wp-content/themes/tijus-theme/assets/images/shape/shape-23.png
[Mon Apr 20 14:26:18 2026] [::1]:59048 [200]: GET /wp-content/themes/tijus-theme/assets/images/shape/shape-24.png
[Mon Apr 20 14:26:18 2026] [::1]:59047 Closing
[Mon Apr 20 14:26:18 2026] [::1]:59048 Closing
[Mon Apr 20 14:26:18 2026] [::1]:59049 Accepted
[Mon Apr 20 14:26:18 2026] [::1]:59049 [200]: GET /wp-content/themes/tijus-theme/assets/images/blog/blog-01.jpg
[Mon Apr 20 14:26:18 2026] [::1]:59050 Accepted
[Mon Apr 20 14:26:18 2026] [::1]:59051 Accepted
[Mon Apr 20 14:26:18 2026] [::1]:59049 Closing
[Mon Apr 20 14:26:18 2026] [::1]:59050 [200]: GET /wp-includes/js/hoverintent-js.min.js?ver=2.2.1
[Mon Apr 20 14:26:18 2026] [::1]:59052 Accepted
[Mon Apr 20 14:26:18 2026] [::1]:59051 [200]: GET /wp-includes/js/admin-bar.min.js?ver=6.9.4
[Mon Apr 20 14:26:18 2026] [::1]:59053 Accepted
[Mon Apr 20 14:26:18 2026] [::1]:59052 [200]: GET /wp-includes/js/jquery/ui/core.min.js?ver=1.13.3
[Mon Apr 20 14:26:18 2026] [::1]:59050 Closing
[Mon Apr 20 14:26:18 2026] [::1]:59054 Accepted
[Mon Apr 20 14:26:18 2026] [::1]:59053 [200]: GET /wp-includes/js/jquery/ui/mouse.min.js?ver=1.13.3
[Mon Apr 20 14:26:18 2026] [::1]:59054 [200]: GET /wp-includes/js/jquery/ui/draggable.min.js?ver=1.13.3
[Mon Apr 20 14:26:18 2026] [::1]:59051 Closing
[Mon Apr 20 14:26:18 2026] [::1]:59052 Closing
[Mon Apr 20 14:26:18 2026] [::1]:59053 Closing
[Mon Apr 20 14:26:18 2026] [::1]:59054 Closing
[Mon Apr 20 14:26:18 2026] [::1]:59055 Accepted
[Mon Apr 20 14:26:18 2026] [::1]:59055 [200]: GET /wp-includes/js/underscore.min.js?ver=1.13.7
[Mon Apr 20 14:26:18 2026] [::1]:59056 Accepted
[Mon Apr 20 14:26:18 2026] [::1]:59057 Accepted
[Mon Apr 20 14:26:18 2026] [::1]:59055 Closing
[Mon Apr 20 14:26:18 2026] [::1]:59056 [200]: GET /wp-includes/js/backbone.min.js?ver=1.6.0
[Mon Apr 20 14:26:18 2026] [::1]:59058 Accepted
[Mon Apr 20 14:26:18 2026] [::1]:59056 Closing
[Mon Apr 20 14:26:18 2026] [::1]:59057 [200]: GET /wp-content/plugins/elementor/assets/lib/backbone/backbone.marionette.min.js?ver=2.4.5.e1
[Mon Apr 20 14:26:18 2026] [::1]:59058 [200]: GET /wp-content/plugins/elementor/assets/lib/backbone/backbone.radio.min.js?ver=1.0.4
[Mon Apr 20 14:26:18 2026] [::1]:59059 Accepted
[Mon Apr 20 14:26:18 2026] [::1]:59057 Closing
[Mon Apr 20 14:26:18 2026] [::1]:59059 [200]: GET /wp-content/plugins/elementor/assets/js/common-modules.min.js?ver=4.0.2
[Mon Apr 20 14:26:18 2026] [::1]:59060 Accepted
[Mon Apr 20 14:26:18 2026] [::1]:59058 Closing
[Mon Apr 20 14:26:18 2026] [::1]:59060 [200]: GET /wp-content/plugins/elementor/assets/js/web-cli.min.js?ver=4.0.2
[Mon Apr 20 14:26:18 2026] [::1]:59059 Closing
[Mon Apr 20 14:26:18 2026] [::1]:59060 Closing
[Mon Apr 20 14:26:18 2026] [::1]:59061 Accepted
[Mon Apr 20 14:26:18 2026] [::1]:59061 [200]: GET /wp-content/plugins/elementor/assets/lib/dialog/dialog.min.js?ver=4.9.4
[Mon Apr 20 14:26:18 2026] [::1]:59062 Accepted
[Mon Apr 20 14:26:18 2026] [::1]:59063 Accepted
[Mon Apr 20 14:26:18 2026] [::1]:59062 [200]: GET /wp-includes/js/api-request.min.js?ver=6.9.4
[Mon Apr 20 14:26:18 2026] [::1]:59064 Accepted
[Mon Apr 20 14:26:18 2026] [::1]:59061 Closing
[Mon Apr 20 14:26:18 2026] [::1]:59063 [200]: GET /wp-content/plugins/elementor/assets/js/dev-tools.min.js?ver=4.0.2
[Mon Apr 20 14:26:18 2026] [::1]:59062 Closing
[Mon Apr 20 14:26:18 2026] [::1]:59064 [200]: GET /wp-includes/js/dist/hooks.min.js?ver=dd5603f07f9220ed27f1
[Mon Apr 20 14:26:18 2026] [::1]:59063 Closing
[Mon Apr 20 14:26:18 2026] [::1]:59064 Closing
[Mon Apr 20 14:26:18 2026] [::1]:59065 Accepted
[Mon Apr 20 14:26:18 2026] [::1]:59066 Accepted
[Mon Apr 20 14:26:18 2026] [::1]:59065 [200]: GET /wp-includes/js/dist/i18n.min.js?ver=c26c3dc7bed366793375
[Mon Apr 20 14:26:18 2026] [::1]:59066 [200]: GET /wp-content/plugins/elementor/assets/js/common.min.js?ver=4.0.2
[Mon Apr 20 14:26:18 2026] [::1]:59067 Accepted
[Mon Apr 20 14:26:18 2026] [::1]:59065 Closing
[Mon Apr 20 14:26:18 2026] [::1]:59066 Closing
[Mon Apr 20 14:26:18 2026] [::1]:59068 Accepted
[Mon Apr 20 14:26:18 2026] [::1]:59067 [200]: GET /wp-content/plugins/elementor/assets/js/app-loader.min.js?ver=4.0.2
[Mon Apr 20 14:26:18 2026] [::1]:59067 Closing
[Mon Apr 20 14:26:18 2026] [::1]:59068 [200]: GET /wp-content/themes/tijus-theme/assets/js/vendor/modernizr-3.11.2.min.js?ver=3.11.2
[Mon Apr 20 14:26:18 2026] [::1]:59069 Accepted
[Mon Apr 20 14:26:18 2026] [::1]:59068 Closing
[Mon Apr 20 14:26:18 2026] [::1]:59070 Accepted
[Mon Apr 20 14:26:18 2026] [::1]:59069 [200]: GET /wp-content/themes/tijus-theme/assets/js/plugins.min.js?ver=1.0.0
[Mon Apr 20 14:26:18 2026] [::1]:59069 Closing
[Mon Apr 20 14:26:18 2026] [::1]:59070 [200]: GET /wp-content/themes/tijus-theme/assets/js/main.js?ver=1.0.0
[Mon Apr 20 14:26:18 2026] [::1]:59070 Closing
[Mon Apr 20 14:26:18 2026] [::1]:59071 Accepted
[Mon Apr 20 14:26:18 2026] [::1]:59071 [200]: GET /wp-content/themes/tijus-theme/assets/images/shape/shape-21.png
[Mon Apr 20 14:26:18 2026] [::1]:59072 Accepted
[Mon Apr 20 14:26:18 2026] [::1]:59073 Accepted
[Mon Apr 20 14:26:18 2026] [::1]:59072 [200]: GET /wp-content/themes/tijus-theme/assets/images/shape/shape-2.png
[Mon Apr 20 14:26:18 2026] [::1]:59074 Accepted
[Mon Apr 20 14:26:18 2026] [::1]:59071 Closing
[Mon Apr 20 14:26:18 2026] [::1]:59073 [200]: GET /wp-content/themes/tijus-theme/assets/images/shape/shape-1.png
[Mon Apr 20 14:26:18 2026] [::1]:59075 Accepted
[Mon Apr 20 14:26:18 2026] [::1]:59074 [200]: GET /wp-content/themes/tijus-theme/assets/images/shape/shape-3.png
[Mon Apr 20 14:26:18 2026] [::1]:59077 Accepted
[Mon Apr 20 14:26:18 2026] [::1]:59075 [200]: GET /wp-content/themes/tijus-theme/assets/fonts/flaticon.ttf?655915d50ed0facf464660ba648373b0
[Mon Apr 20 14:26:18 2026] [::1]:59072 Closing
[Mon Apr 20 14:26:18 2026] [::1]:59078 Accepted
[Mon Apr 20 14:26:18 2026] [::1]:59073 Closing
[Mon Apr 20 14:26:18 2026] [::1]:59077 [200]: GET /wp-content/themes/tijus-theme/assets/fonts/icofont.woff2
[Mon Apr 20 14:26:18 2026] [::1]:59079 Accepted
[Mon Apr 20 14:26:18 2026] [::1]:59078 [200]: GET /wp-content/themes/tijus-theme/assets/images/shape/shape-22.png
[Mon Apr 20 14:26:18 2026] [::1]:59074 Closing
[Mon Apr 20 14:26:18 2026] [::1]:59075 Closing
[Mon Apr 20 14:26:18 2026] [::1]:59079 [200]: GET /wp-content/themes/tijus-theme/assets/images/shape/shape-11.png
[Mon Apr 20 14:26:18 2026] [::1]:59078 Closing
[Mon Apr 20 14:26:18 2026] [::1]:59079 Closing
[Mon Apr 20 14:26:18 2026] [::1]:59077 Closing
[Mon Apr 20 14:26:18 2026] [::1]:59080 Accepted
[Mon Apr 20 14:26:18 2026] [::1]:59080 [200]: GET /wp-includes/js/wp-emoji-release.min.js?ver=6.9.4
[Mon Apr 20 14:26:18 2026] [::1]:59080 Closing
[Mon Apr 20 14:26:18 2026] [::1]:59081 Accepted
[Mon Apr 20 14:26:18 2026] [::1]:59081 [200]: GET /wp-content/themes/tijus-theme/assets/images/favicon.ico
[Mon Apr 20 14:26:18 2026] [::1]:59081 Closing
[Mon Apr 20 14:26:18 2026] [::1]:59082 Accepted
[Mon Apr 20 14:26:18 2026] [::1]:59082 [200]: GET /wp-content/uploads/2026/04/cropped-logo-32x32.webp
[Mon Apr 20 14:26:18 2026] [::1]:59082 Closing
[Mon Apr 20 14:28:04 2026] [::1]:59099 Accepted
[Mon Apr 20 14:28:04 2026] [::1]:59100 Accepted
[Mon Apr 20 14:28:04 2026] [::1]:59099 Closing
[Mon Apr 20 14:28:04 2026] [::1]:59100 [200]: GET /wp-content/themes/tijus-theme/assets/css/vendor/plugins.min.css
[Mon Apr 20 14:28:04 2026] [::1]:59100 Closing
[Mon Apr 20 14:28:04 2026] [::1]:59103 Accepted
[Mon Apr 20 14:28:04 2026] [::1]:59104 Accepted
[Mon Apr 20 14:28:04 2026] [::1]:59105 Accepted
[Mon Apr 20 14:28:04 2026] [::1]:59103 [200]: GET /wp-content/themes/tijus-theme/assets/css/style.min.css
[Mon Apr 20 14:28:04 2026] [::1]:59106 Accepted
[Mon Apr 20 14:28:04 2026] [::1]:59104 [200]: GET /wp-includes/css/dashicons.min.css?ver=6.9.4
[Mon Apr 20 14:28:04 2026] [::1]:59105 [200]: GET /wp-includes/css/admin-bar.min.css?ver=6.9.4
[Mon Apr 20 14:28:04 2026] [::1]:59107 Accepted
[Mon Apr 20 14:28:04 2026] [::1]:59106 [200]: GET /wp-content/plugins/elementor/assets/lib/eicons/css/elementor-icons.min.css?ver=5.48.0
[Mon Apr 20 14:28:04 2026] [::1]:59107 [200]: GET /wp-content/plugins/elementor/assets/css/common.min.css?ver=4.0.2
[Mon Apr 20 14:28:04 2026] [::1]:59104 Closing
[Mon Apr 20 14:28:04 2026] [::1]:59105 Closing
[Mon Apr 20 14:28:04 2026] [::1]:59106 Closing
[Mon Apr 20 14:28:04 2026] [::1]:59103 Closing
[Mon Apr 20 14:28:04 2026] [::1]:59107 Closing
[Mon Apr 20 14:28:04 2026] [::1]:59108 Accepted
[Mon Apr 20 14:28:04 2026] [::1]:59109 Accepted
[Mon Apr 20 14:28:04 2026] [::1]:59108 [200]: GET /wp-content/plugins/elementor/assets/css/theme-light.min.css?ver=4.0.2
[Mon Apr 20 14:28:04 2026] [::1]:59110 Accepted
[Mon Apr 20 14:28:04 2026] [::1]:59109 [200]: GET /wp-includes/css/dist/block-library/style.min.css?ver=6.9.4
[Mon Apr 20 14:28:04 2026] [::1]:59111 Accepted
[Mon Apr 20 14:28:04 2026] [::1]:59108 Closing
[Mon Apr 20 14:28:04 2026] [::1]:59109 Closing
[Mon Apr 20 14:28:04 2026] [::1]:59110 [200]: GET /wp-content/themes/tijus-theme/style.css?ver=1.0.0
[Mon Apr 20 14:28:04 2026] [::1]:59111 [200]: GET /wp-includes/js/jquery/jquery.min.js?ver=3.7.1
[Mon Apr 20 14:28:04 2026] [::1]:59112 Accepted
[Mon Apr 20 14:28:04 2026] [::1]:59110 Closing
[Mon Apr 20 14:28:04 2026] [::1]:59111 Closing
[Mon Apr 20 14:28:04 2026] [::1]:59112 [200]: GET /wp-includes/js/jquery/jquery-migrate.min.js?ver=3.4.1
[Mon Apr 20 14:28:04 2026] [::1]:59112 Closing
[Mon Apr 20 14:28:04 2026] [::1]:59113 Accepted
[Mon Apr 20 14:28:04 2026] [::1]:59113 [200]: GET /wp-content/uploads/2026/04/logo.webp
[Mon Apr 20 14:28:04 2026] [::1]:59113 Closing
[Mon Apr 20 14:28:04 2026] [::1]:59114 Accepted
[Mon Apr 20 14:28:04 2026] [::1]:59114 [200]: GET /wp-content/themes/tijus-theme/assets/images/shape/shape-8.png
[Mon Apr 20 14:28:04 2026] [::1]:59114 Closing
[Mon Apr 20 14:28:04 2026] [::1]:59115 Accepted
[Mon Apr 20 14:28:04 2026] [::1]:59116 Accepted
[Mon Apr 20 14:28:04 2026] [::1]:59115 [200]: GET /wp-content/themes/tijus-theme/assets/images/shape/shape-23.png
[Mon Apr 20 14:28:04 2026] [::1]:59116 [200]: GET /wp-content/themes/tijus-theme/assets/images/shape/shape-24.png
[Mon Apr 20 14:28:04 2026] [::1]:59115 Closing
[Mon Apr 20 14:28:04 2026] [::1]:59116 Closing
[Mon Apr 20 14:28:04 2026] [::1]:59117 Accepted
[Mon Apr 20 14:28:04 2026] [::1]:59117 [200]: GET /wp-content/themes/tijus-theme/assets/images/blog/blog-01.jpg
[Mon Apr 20 14:28:04 2026] [::1]:59118 Accepted
[Mon Apr 20 14:28:04 2026] [::1]:59117 Closing
[Mon Apr 20 14:28:04 2026] [::1]:59118 [200]: GET /wp-includes/js/hoverintent-js.min.js?ver=2.2.1
[Mon Apr 20 14:28:04 2026] [::1]:59118 Closing
[Mon Apr 20 14:28:04 2026] [::1]:59119 Accepted
[Mon Apr 20 14:28:04 2026] [::1]:59119 [200]: GET /wp-includes/js/admin-bar.min.js?ver=6.9.4
[Mon Apr 20 14:28:04 2026] [::1]:59119 Closing
[Mon Apr 20 14:28:04 2026] [::1]:59120 Accepted
[Mon Apr 20 14:28:04 2026] [::1]:59121 Accepted
[Mon Apr 20 14:28:04 2026] [::1]:59120 [200]: GET /wp-includes/js/jquery/ui/core.min.js?ver=1.13.3
[Mon Apr 20 14:28:04 2026] [::1]:59122 Accepted
[Mon Apr 20 14:28:04 2026] [::1]:59121 [200]: GET /wp-includes/js/jquery/ui/mouse.min.js?ver=1.13.3
[Mon Apr 20 14:28:04 2026] [::1]:59123 Accepted
[Mon Apr 20 14:28:04 2026] [::1]:59122 [200]: GET /wp-includes/js/jquery/ui/draggable.min.js?ver=1.13.3
[Mon Apr 20 14:28:04 2026] [::1]:59120 Closing
[Mon Apr 20 14:28:04 2026] [::1]:59121 Closing
[Mon Apr 20 14:28:04 2026] [::1]:59124 Accepted
[Mon Apr 20 14:28:04 2026] [::1]:59122 Closing
[Mon Apr 20 14:28:04 2026] [::1]:59123 [200]: GET /wp-includes/js/underscore.min.js?ver=1.13.7
[Mon Apr 20 14:28:04 2026] [::1]:59124 [200]: GET /wp-includes/js/backbone.min.js?ver=1.6.0
[Mon Apr 20 14:28:04 2026] [::1]:59123 Closing
[Mon Apr 20 14:28:04 2026] [::1]:59124 Closing
[Mon Apr 20 14:28:04 2026] [::1]:59125 Accepted
[Mon Apr 20 14:28:04 2026] [::1]:59125 [200]: GET /wp-content/plugins/elementor/assets/lib/backbone/backbone.marionette.min.js?ver=2.4.5.e1
[Mon Apr 20 14:28:04 2026] [::1]:59125 Closing
[Mon Apr 20 14:28:04 2026] [::1]:59126 Accepted
[Mon Apr 20 14:28:04 2026] [::1]:59126 [200]: GET /wp-content/plugins/elementor/assets/lib/backbone/backbone.radio.min.js?ver=1.0.4
[Mon Apr 20 14:28:04 2026] [::1]:59126 Closing
[Mon Apr 20 14:28:04 2026] [::1]:59127 Accepted
[Mon Apr 20 14:28:04 2026] [::1]:59127 [200]: GET /wp-content/plugins/elementor/assets/js/common-modules.min.js?ver=4.0.2
[Mon Apr 20 14:28:04 2026] [::1]:59127 Closing
[Mon Apr 20 14:28:04 2026] [::1]:59128 Accepted
[Mon Apr 20 14:28:04 2026] [::1]:59129 Accepted
[Mon Apr 20 14:28:04 2026] [::1]:59128 [200]: GET /wp-content/plugins/elementor/assets/js/web-cli.min.js?ver=4.0.2
[Mon Apr 20 14:28:04 2026] [::1]:59129 [200]: GET /wp-content/plugins/elementor/assets/lib/dialog/dialog.min.js?ver=4.9.4
[Mon Apr 20 14:28:04 2026] [::1]:59128 Closing
[Mon Apr 20 14:28:04 2026] [::1]:59129 Closing
[Mon Apr 20 14:28:04 2026] [::1]:59130 Accepted
[Mon Apr 20 14:28:04 2026] [::1]:59131 Accepted
[Mon Apr 20 14:28:04 2026] [::1]:59130 [200]: GET /wp-includes/js/api-request.min.js?ver=6.9.4
[Mon Apr 20 14:28:04 2026] [::1]:59131 [200]: GET /wp-content/plugins/elementor/assets/js/dev-tools.min.js?ver=4.0.2
[Mon Apr 20 14:28:04 2026] [::1]:59132 Accepted
[Mon Apr 20 14:28:04 2026] [::1]:59130 Closing
[Mon Apr 20 14:28:04 2026] [::1]:59132 [200]: GET /wp-includes/js/dist/hooks.min.js?ver=dd5603f07f9220ed27f1
[Mon Apr 20 14:28:04 2026] [::1]:59131 Closing
[Mon Apr 20 14:28:04 2026] [::1]:59132 Closing
[Mon Apr 20 14:28:04 2026] [::1]:59133 Accepted
[Mon Apr 20 14:28:04 2026] [::1]:59134 Accepted
[Mon Apr 20 14:28:04 2026] [::1]:59133 [200]: GET /wp-includes/js/dist/i18n.min.js?ver=c26c3dc7bed366793375
[Mon Apr 20 14:28:04 2026] [::1]:59135 Accepted
[Mon Apr 20 14:28:04 2026] [::1]:59134 [200]: GET /wp-content/plugins/elementor/assets/js/common.min.js?ver=4.0.2
[Mon Apr 20 14:28:04 2026] [::1]:59136 Accepted
[Mon Apr 20 14:28:04 2026] [::1]:59135 [200]: GET /wp-content/plugins/elementor/assets/js/app-loader.min.js?ver=4.0.2
[Mon Apr 20 14:28:04 2026] [::1]:59137 Accepted
[Mon Apr 20 14:28:04 2026] [::1]:59133 Closing
[Mon Apr 20 14:28:04 2026] [::1]:59136 [200]: GET /wp-content/themes/tijus-theme/assets/js/vendor/modernizr-3.11.2.min.js?ver=3.11.2
[Mon Apr 20 14:28:04 2026] [::1]:59138 Accepted
[Mon Apr 20 14:28:04 2026] [::1]:59137 [200]: GET /wp-content/themes/tijus-theme/assets/js/plugins.min.js?ver=1.0.0
[Mon Apr 20 14:28:05 2026] [::1]:59138 [200]: GET /wp-content/themes/tijus-theme/assets/js/main.js?ver=1.0.0
[Mon Apr 20 14:28:05 2026] [::1]:59135 Closing
[Mon Apr 20 14:28:05 2026] [::1]:59136 Closing
[Mon Apr 20 14:28:05 2026] [::1]:59134 Closing
[Mon Apr 20 14:28:05 2026] [::1]:59138 Closing
[Mon Apr 20 14:28:05 2026] [::1]:59137 Closing
[Mon Apr 20 14:28:05 2026] [::1]:59139 Accepted
[Mon Apr 20 14:28:05 2026] [::1]:59139 [200]: GET /wp-content/themes/tijus-theme/assets/images/shape/shape-11.png
[Mon Apr 20 14:28:05 2026] [::1]:59139 Closing
[Mon Apr 20 14:28:05 2026] [::1]:59140 Accepted
[Mon Apr 20 14:28:05 2026] [::1]:59141 Accepted
[Mon Apr 20 14:28:05 2026] [::1]:59140 [200]: GET /wp-content/themes/tijus-theme/assets/images/shape/shape-1.png
[Mon Apr 20 14:28:05 2026] [::1]:59141 [200]: GET /wp-content/themes/tijus-theme/assets/images/shape/shape-3.png
[Mon Apr 20 14:28:05 2026] [::1]:59140 Closing
[Mon Apr 20 14:28:05 2026] [::1]:59141 Closing
[Mon Apr 20 14:28:05 2026] [::1]:59142 Accepted
[Mon Apr 20 14:28:05 2026] [::1]:59142 [200]: GET /wp-content/themes/tijus-theme/assets/images/shape/shape-2.png
[Mon Apr 20 14:28:05 2026] [::1]:59143 Accepted
[Mon Apr 20 14:28:05 2026] [::1]:59144 Accepted
[Mon Apr 20 14:28:05 2026] [::1]:59143 [200]: GET /wp-content/themes/tijus-theme/assets/images/shape/shape-21.png
[Mon Apr 20 14:28:05 2026] [::1]:59145 Accepted
[Mon Apr 20 14:28:05 2026] [::1]:59142 Closing
[Mon Apr 20 14:28:05 2026] [::1]:59144 [200]: GET /wp-content/themes/tijus-theme/assets/images/shape/shape-22.png
[Mon Apr 20 14:28:05 2026] [::1]:59145 [200]: GET /wp-content/themes/tijus-theme/assets/fonts/flaticon.ttf?655915d50ed0facf464660ba648373b0
[Mon Apr 20 14:28:05 2026] [::1]:59146 Accepted
[Mon Apr 20 14:28:05 2026] [::1]:59143 Closing
[Mon Apr 20 14:28:05 2026] [::1]:59144 Closing
[Mon Apr 20 14:28:05 2026] [::1]:59146 [200]: GET /wp-content/themes/tijus-theme/assets/fonts/icofont.woff2
[Mon Apr 20 14:28:05 2026] [::1]:59145 Closing
[Mon Apr 20 14:28:05 2026] [::1]:59146 Closing
[Mon Apr 20 14:28:05 2026] [::1]:59147 Accepted
[Mon Apr 20 14:28:05 2026] [::1]:59147 [200]: GET /wp-includes/js/wp-emoji-release.min.js?ver=6.9.4
[Mon Apr 20 14:28:05 2026] [::1]:59147 Closing
[Mon Apr 20 14:28:05 2026] [::1]:59148 Accepted
[Mon Apr 20 14:28:05 2026] [::1]:59148 [200]: GET /wp-content/themes/tijus-theme/assets/images/favicon.ico
[Mon Apr 20 14:28:05 2026] [::1]:59148 Closing
[Mon Apr 20 14:28:05 2026] [::1]:59149 Accepted
[Mon Apr 20 14:28:05 2026] [::1]:59149 [200]: GET /wp-content/uploads/2026/04/cropped-logo-32x32.webp
[Mon Apr 20 14:28:05 2026] [::1]:59149 Closing
[Mon Apr 20 14:35:06 2026] [::1]:59239 Accepted
[Mon Apr 20 14:35:06 2026] [::1]:59240 Accepted
[Mon Apr 20 14:35:06 2026] [::1]:59239 Closing
[Mon Apr 20 14:35:06 2026] [::1]:59240 [200]: GET /wp-content/themes/tijus-theme/assets/css/vendor/plugins.min.css
[Mon Apr 20 14:35:06 2026] [::1]:59242 Accepted
[Mon Apr 20 14:35:06 2026] [::1]:59243 Accepted
[Mon Apr 20 14:35:06 2026] [::1]:59240 Closing
[Mon Apr 20 14:35:06 2026] [::1]:59242 [200]: GET /wp-content/themes/tijus-theme/assets/css/style.min.css
[Mon Apr 20 14:35:06 2026] [::1]:59244 Accepted
[Mon Apr 20 14:35:06 2026] [::1]:59243 [200]: GET /wp-includes/css/dashicons.min.css?ver=6.9.4
[Mon Apr 20 14:35:06 2026] [::1]:59245 Accepted
[Mon Apr 20 14:35:06 2026] [::1]:59244 [200]: GET /wp-includes/css/admin-bar.min.css?ver=6.9.4
[Mon Apr 20 14:35:06 2026] [::1]:59246 Accepted
[Mon Apr 20 14:35:06 2026] [::1]:59245 [200]: GET /wp-content/plugins/elementor/assets/lib/eicons/css/elementor-icons.min.css?ver=5.48.0
[Mon Apr 20 14:35:06 2026] [::1]:59243 Closing
[Mon Apr 20 14:35:06 2026] [::1]:59246 [200]: GET /wp-content/plugins/elementor/assets/css/common.min.css?ver=4.0.2
[Mon Apr 20 14:35:06 2026] [::1]:59244 Closing
[Mon Apr 20 14:35:06 2026] [::1]:59242 Closing
[Mon Apr 20 14:35:06 2026] [::1]:59245 Closing
[Mon Apr 20 14:35:06 2026] [::1]:59247 Accepted
[Mon Apr 20 14:35:06 2026] [::1]:59246 Closing
[Mon Apr 20 14:35:06 2026] [::1]:59247 [200]: GET /wp-content/plugins/elementor/assets/css/theme-light.min.css?ver=4.0.2
[Mon Apr 20 14:35:06 2026] [::1]:59248 Accepted
[Mon Apr 20 14:35:06 2026] [::1]:59247 Closing
[Mon Apr 20 14:35:06 2026] [::1]:59248 [200]: GET /wp-includes/css/dist/block-library/style.min.css?ver=6.9.4
[Mon Apr 20 14:35:06 2026] [::1]:59249 Accepted
[Mon Apr 20 14:35:06 2026] [::1]:59250 Accepted
[Mon Apr 20 14:35:06 2026] [::1]:59249 [200]: GET /wp-content/themes/tijus-theme/style.css?ver=1.0.0
[Mon Apr 20 14:35:06 2026] [::1]:59248 Closing
[Mon Apr 20 14:35:06 2026] [::1]:59250 [200]: GET /wp-includes/js/jquery/jquery.min.js?ver=3.7.1
[Mon Apr 20 14:35:06 2026] [::1]:59249 Closing
[Mon Apr 20 14:35:06 2026] [::1]:59251 Accepted
[Mon Apr 20 14:35:06 2026] [::1]:59250 Closing
[Mon Apr 20 14:35:06 2026] [::1]:59251 [200]: GET /wp-includes/js/jquery/jquery-migrate.min.js?ver=3.4.1
[Mon Apr 20 14:35:06 2026] [::1]:59251 Closing
[Mon Apr 20 14:35:06 2026] [::1]:59252 Accepted
[Mon Apr 20 14:35:06 2026] [::1]:59252 [200]: GET /wp-content/uploads/2026/04/logo.webp
[Mon Apr 20 14:35:06 2026] [::1]:59253 Accepted
[Mon Apr 20 14:35:06 2026] [::1]:59252 Closing
[Mon Apr 20 14:35:06 2026] [::1]:59253 [200]: GET /wp-content/themes/tijus-theme/assets/images/shape/shape-8.png
[Mon Apr 20 14:35:06 2026] [::1]:59253 Closing
[Mon Apr 20 14:35:06 2026] [::1]:59254 Accepted
[Mon Apr 20 14:35:06 2026] [::1]:59254 [200]: GET /wp-content/themes/tijus-theme/assets/images/shape/shape-23.png
[Mon Apr 20 14:35:06 2026] [::1]:59255 Accepted
[Mon Apr 20 14:35:06 2026] [::1]:59255 [200]: GET /wp-content/themes/tijus-theme/assets/images/shape/shape-24.png
[Mon Apr 20 14:35:06 2026] [::1]:59254 Closing
[Mon Apr 20 14:35:06 2026] [::1]:59255 Closing
[Mon Apr 20 14:35:06 2026] [::1]:59256 Accepted
[Mon Apr 20 14:35:06 2026] [::1]:59257 Accepted
[Mon Apr 20 14:35:06 2026] [::1]:59256 [200]: GET /wp-content/themes/tijus-theme/assets/images/blog/blog-01.jpg
[Mon Apr 20 14:35:06 2026] [::1]:59257 [200]: GET /wp-includes/js/hoverintent-js.min.js?ver=2.2.1
[Mon Apr 20 14:35:06 2026] [::1]:59256 Closing
[Mon Apr 20 14:35:06 2026] [::1]:59257 Closing
[Mon Apr 20 14:35:06 2026] [::1]:59258 Accepted
[Mon Apr 20 14:35:06 2026] [::1]:59258 [200]: GET /wp-includes/js/admin-bar.min.js?ver=6.9.4
[Mon Apr 20 14:35:06 2026] [::1]:59259 Accepted
[Mon Apr 20 14:35:06 2026] [::1]:59260 Accepted
[Mon Apr 20 14:35:06 2026] [::1]:59259 [200]: GET /wp-includes/js/jquery/ui/core.min.js?ver=1.13.3
[Mon Apr 20 14:35:06 2026] [::1]:59261 Accepted
[Mon Apr 20 14:35:06 2026] [::1]:59258 Closing
[Mon Apr 20 14:35:06 2026] [::1]:59260 [200]: GET /wp-includes/js/jquery/ui/mouse.min.js?ver=1.13.3
[Mon Apr 20 14:35:06 2026] [::1]:59262 Accepted
[Mon Apr 20 14:35:06 2026] [::1]:59261 [200]: GET /wp-includes/js/jquery/ui/draggable.min.js?ver=1.13.3
[Mon Apr 20 14:35:06 2026] [::1]:59263 Accepted
[Mon Apr 20 14:35:06 2026] [::1]:59262 [200]: GET /wp-includes/js/underscore.min.js?ver=1.13.7
[Mon Apr 20 14:35:06 2026] [::1]:59259 Closing
[Mon Apr 20 14:35:06 2026] [::1]:59260 Closing
[Mon Apr 20 14:35:06 2026] [::1]:59263 [200]: GET /wp-includes/js/backbone.min.js?ver=1.6.0
[Mon Apr 20 14:35:06 2026] [::1]:59261 Closing
[Mon Apr 20 14:35:06 2026] [::1]:59262 Closing
[Mon Apr 20 14:35:06 2026] [::1]:59264 Accepted
[Mon Apr 20 14:35:06 2026] [::1]:59263 Closing
[Mon Apr 20 14:35:06 2026] [::1]:59264 [200]: GET /wp-content/plugins/elementor/assets/lib/backbone/backbone.marionette.min.js?ver=2.4.5.e1
[Mon Apr 20 14:35:06 2026] [::1]:59265 Accepted
[Mon Apr 20 14:35:06 2026] [::1]:59264 Closing
[Mon Apr 20 14:35:06 2026] [::1]:59266 Accepted
[Mon Apr 20 14:35:06 2026] [::1]:59265 [200]: GET /wp-content/plugins/elementor/assets/lib/backbone/backbone.radio.min.js?ver=1.0.4
[Mon Apr 20 14:35:06 2026] [::1]:59265 Closing
[Mon Apr 20 14:35:06 2026] [::1]:59266 [200]: GET /wp-content/plugins/elementor/assets/js/common-modules.min.js?ver=4.0.2
[Mon Apr 20 14:35:06 2026] [::1]:59267 Accepted
[Mon Apr 20 14:35:06 2026] [::1]:59268 Accepted
[Mon Apr 20 14:35:06 2026] [::1]:59266 Closing
[Mon Apr 20 14:35:06 2026] [::1]:59267 [200]: GET /wp-content/plugins/elementor/assets/js/web-cli.min.js?ver=4.0.2
[Mon Apr 20 14:35:06 2026] [::1]:59269 Accepted
[Mon Apr 20 14:35:06 2026] [::1]:59268 [200]: GET /wp-content/plugins/elementor/assets/lib/dialog/dialog.min.js?ver=4.9.4
[Mon Apr 20 14:35:06 2026] [::1]:59269 [200]: GET /wp-includes/js/api-request.min.js?ver=6.9.4
[Mon Apr 20 14:35:06 2026] [::1]:59270 Accepted
[Mon Apr 20 14:35:06 2026] [::1]:59267 Closing
[Mon Apr 20 14:35:06 2026] [::1]:59268 Closing
[Mon Apr 20 14:35:06 2026] [::1]:59269 Closing
[Mon Apr 20 14:35:06 2026] [::1]:59270 [200]: GET /wp-content/plugins/elementor/assets/js/dev-tools.min.js?ver=4.0.2
[Mon Apr 20 14:35:06 2026] [::1]:59272 Accepted
[Mon Apr 20 14:35:06 2026] [::1]:59270 Closing
[Mon Apr 20 14:35:06 2026] [::1]:59272 [200]: GET /wp-includes/js/dist/hooks.min.js?ver=dd5603f07f9220ed27f1
[Mon Apr 20 14:35:06 2026] [::1]:59273 Accepted
[Mon Apr 20 14:35:06 2026] [::1]:59272 Closing
[Mon Apr 20 14:35:06 2026] [::1]:59273 [200]: GET /wp-includes/js/dist/i18n.min.js?ver=c26c3dc7bed366793375
[Mon Apr 20 14:35:06 2026] [::1]:59274 Accepted
[Mon Apr 20 14:35:06 2026] [::1]:59273 Closing
[Mon Apr 20 14:35:06 2026] [::1]:59274 [200]: GET /wp-content/plugins/elementor/assets/js/common.min.js?ver=4.0.2
[Mon Apr 20 14:35:06 2026] [::1]:59275 Accepted
[Mon Apr 20 14:35:06 2026] [::1]:59275 [200]: GET /wp-content/plugins/elementor/assets/js/app-loader.min.js?ver=4.0.2
[Mon Apr 20 14:35:06 2026] [::1]:59276 Accepted
[Mon Apr 20 14:35:06 2026] [::1]:59274 Closing
[Mon Apr 20 14:35:06 2026] [::1]:59275 Closing
[Mon Apr 20 14:35:06 2026] [::1]:59277 Accepted
[Mon Apr 20 14:35:06 2026] [::1]:59276 [200]: GET /wp-content/themes/tijus-theme/assets/js/vendor/modernizr-3.11.2.min.js?ver=3.11.2
[Mon Apr 20 14:35:06 2026] [::1]:59278 Accepted
[Mon Apr 20 14:35:06 2026] [::1]:59277 [200]: GET /wp-content/themes/tijus-theme/assets/js/plugins.min.js?ver=1.0.0
[Mon Apr 20 14:35:06 2026] [::1]:59278 [200]: GET /wp-content/themes/tijus-theme/assets/js/main.js?ver=1.0.0
[Mon Apr 20 14:35:06 2026] [::1]:59276 Closing
[Mon Apr 20 14:35:06 2026] [::1]:59277 Closing
[Mon Apr 20 14:35:06 2026] [::1]:59278 Closing
[Mon Apr 20 14:35:06 2026] [::1]:59279 Accepted
[Mon Apr 20 14:35:06 2026] [::1]:59280 Accepted
[Mon Apr 20 14:35:06 2026] [::1]:59279 [200]: GET /wp-content/themes/tijus-theme/assets/images/shape/shape-21.png
[Mon Apr 20 14:35:06 2026] [::1]:59279 Closing
[Mon Apr 20 14:35:06 2026] [::1]:59280 [200]: GET /wp-content/themes/tijus-theme/assets/images/shape/shape-22.png
[Mon Apr 20 14:35:06 2026] [::1]:59280 Closing
[Mon Apr 20 14:35:06 2026] [::1]:59281 Accepted
[Mon Apr 20 14:35:06 2026] [::1]:59282 Accepted
[Mon Apr 20 14:35:06 2026] [::1]:59281 [200]: GET /wp-content/themes/tijus-theme/assets/images/shape/shape-1.png
[Mon Apr 20 14:35:06 2026] [::1]:59283 Accepted
[Mon Apr 20 14:35:06 2026] [::1]:59282 [200]: GET /wp-content/themes/tijus-theme/assets/images/shape/shape-2.png
[Mon Apr 20 14:35:06 2026] [::1]:59283 [200]: GET /wp-content/themes/tijus-theme/assets/images/shape/shape-3.png
[Mon Apr 20 14:35:06 2026] [::1]:59284 Accepted
[Mon Apr 20 14:35:06 2026] [::1]:59281 Closing
[Mon Apr 20 14:35:06 2026] [::1]:59282 Closing
[Mon Apr 20 14:35:06 2026] [::1]:59284 [200]: GET /wp-content/themes/tijus-theme/assets/images/shape/shape-11.png
[Mon Apr 20 14:35:06 2026] [::1]:59283 Closing
[Mon Apr 20 14:35:06 2026] [::1]:59284 Closing
[Mon Apr 20 14:35:06 2026] [::1]:59285 Accepted
[Mon Apr 20 14:35:06 2026] [::1]:59286 Accepted
[Mon Apr 20 14:35:06 2026] [::1]:59285 [200]: GET /wp-content/themes/tijus-theme/assets/fonts/flaticon.ttf?655915d50ed0facf464660ba648373b0
[Mon Apr 20 14:35:06 2026] [::1]:59286 [200]: GET /wp-content/themes/tijus-theme/assets/fonts/icofont.woff2
[Mon Apr 20 14:35:06 2026] [::1]:59285 Closing
[Mon Apr 20 14:35:06 2026] [::1]:59286 Closing
[Mon Apr 20 14:35:06 2026] [::1]:59287 Accepted
[Mon Apr 20 14:35:06 2026] [::1]:59287 [200]: GET /wp-includes/js/wp-emoji-release.min.js?ver=6.9.4
[Mon Apr 20 14:35:06 2026] [::1]:59287 Closing
[Mon Apr 20 14:35:06 2026] [::1]:59288 Accepted
[Mon Apr 20 14:35:06 2026] [::1]:59288 [200]: GET /wp-content/themes/tijus-theme/assets/images/favicon.ico
[Mon Apr 20 14:35:06 2026] [::1]:59288 Closing
[Mon Apr 20 14:35:06 2026] [::1]:59289 Accepted
[Mon Apr 20 14:35:06 2026] [::1]:59289 [200]: GET /wp-content/uploads/2026/04/cropped-logo-32x32.webp
[Mon Apr 20 14:35:06 2026] [::1]:59289 Closing
[Mon Apr 20 14:40:23 2026] [::1]:59334 Accepted
[Mon Apr 20 14:40:23 2026] [::1]:59334 Closing
[Mon Apr 20 14:40:23 2026] [::1]:59335 Accepted
[Mon Apr 20 14:40:23 2026] [::1]:59335 [200]: GET /wp-content/themes/tijus-theme/assets/images/favicon.ico
[Mon Apr 20 14:40:23 2026] [::1]:59335 Closing
[Mon Apr 20 14:40:30 2026] [::1]:59339 Accepted
[Mon Apr 20 14:40:30 2026] [::1]:59339 Closing
[Mon Apr 20 14:40:30 2026] [::1]:59340 Accepted
[Mon Apr 20 14:40:30 2026] [::1]:59340 Closing
[Mon Apr 20 14:40:30 2026] [::1]:59342 Accepted
[Mon Apr 20 14:40:30 2026] [::1]:59342 [200]: GET /wp-content/themes/tijus-theme/assets/css/vendor/plugins.min.css
[Mon Apr 20 14:40:30 2026] [::1]:59343 Accepted
[Mon Apr 20 14:40:30 2026] [::1]:59344 Accepted
[Mon Apr 20 14:40:30 2026] [::1]:59345 Accepted
[Mon Apr 20 14:40:30 2026] [::1]:59342 Closing
[Mon Apr 20 14:40:30 2026] [::1]:59343 [200]: GET /wp-content/themes/tijus-theme/assets/css/style.min.css
[Mon Apr 20 14:40:30 2026] [::1]:59346 Accepted
[Mon Apr 20 14:40:30 2026] [::1]:59344 [200]: GET /wp-includes/css/dashicons.min.css?ver=6.9.4
[Mon Apr 20 14:40:30 2026] [::1]:59345 [200]: GET /wp-includes/css/admin-bar.min.css?ver=6.9.4
[Mon Apr 20 14:40:30 2026] [::1]:59347 Accepted
[Mon Apr 20 14:40:30 2026] [::1]:59346 [200]: GET /wp-content/plugins/elementor/assets/lib/eicons/css/elementor-icons.min.css?ver=5.48.0
[Mon Apr 20 14:40:30 2026] [::1]:59347 [200]: GET /wp-content/plugins/elementor/assets/css/common.min.css?ver=4.0.2
[Mon Apr 20 14:40:30 2026] [::1]:59344 Closing
[Mon Apr 20 14:40:30 2026] [::1]:59345 Closing
[Mon Apr 20 14:40:30 2026] [::1]:59346 Closing
[Mon Apr 20 14:40:30 2026] [::1]:59343 Closing
[Mon Apr 20 14:40:30 2026] [::1]:59347 Closing
[Mon Apr 20 14:40:30 2026] [::1]:59348 Accepted
[Mon Apr 20 14:40:30 2026] [::1]:59348 [200]: GET /wp-content/plugins/elementor/assets/css/theme-light.min.css?ver=4.0.2
[Mon Apr 20 14:40:30 2026] [::1]:59348 Closing
[Mon Apr 20 14:40:30 2026] [::1]:59349 Accepted
[Mon Apr 20 14:40:30 2026] [::1]:59350 Accepted
[Mon Apr 20 14:40:30 2026] [::1]:59351 Accepted
[Mon Apr 20 14:40:30 2026] [::1]:59349 [200]: GET /wp-includes/css/dist/block-library/style.min.css?ver=6.9.4
[Mon Apr 20 14:40:30 2026] [::1]:59350 [200]: GET /wp-content/themes/tijus-theme/style.css?ver=1.0.0
[Mon Apr 20 14:40:30 2026] [::1]:59351 [200]: GET /wp-includes/js/jquery/jquery.min.js?ver=3.7.1
[Mon Apr 20 14:40:30 2026] [::1]:59352 Accepted
[Mon Apr 20 14:40:30 2026] [::1]:59349 Closing
[Mon Apr 20 14:40:30 2026] [::1]:59350 Closing
[Mon Apr 20 14:40:30 2026] [::1]:59351 Closing
[Mon Apr 20 14:40:30 2026] [::1]:59352 [200]: GET /wp-includes/js/jquery/jquery-migrate.min.js?ver=3.4.1
[Mon Apr 20 14:40:30 2026] [::1]:59353 Accepted
[Mon Apr 20 14:40:30 2026] [::1]:59353 [200]: GET /wp-content/uploads/2026/04/logo.webp
[Mon Apr 20 14:40:30 2026] [::1]:59352 Closing
[Mon Apr 20 14:40:30 2026] [::1]:59353 Closing
[Mon Apr 20 14:40:30 2026] [::1]:59354 Accepted
[Mon Apr 20 14:40:30 2026] [::1]:59354 [200]: GET /wp-content/themes/tijus-theme/assets/images/shape/shape-8.png
[Mon Apr 20 14:40:30 2026] [::1]:59354 Closing
[Mon Apr 20 14:40:30 2026] [::1]:59355 Accepted
[Mon Apr 20 14:40:30 2026] [::1]:59356 Accepted
[Mon Apr 20 14:40:30 2026] [::1]:59355 [200]: GET /wp-content/themes/tijus-theme/assets/images/shape/shape-23.png
[Mon Apr 20 14:40:30 2026] [::1]:59356 [200]: GET /wp-content/themes/tijus-theme/assets/images/shape/shape-5.png
[Mon Apr 20 14:40:30 2026] [::1]:59355 Closing
[Mon Apr 20 14:40:30 2026] [::1]:59356 Closing
[Mon Apr 20 14:40:30 2026] [::1]:59357 Accepted
[Mon Apr 20 14:40:30 2026] [::1]:59357 [200]: GET /wp-content/themes/tijus-theme/assets/images/shape/shape-6.png
[Mon Apr 20 14:40:30 2026] [::1]:59358 Accepted
[Mon Apr 20 14:40:30 2026] [::1]:59358 [200]: GET /wp-includes/js/hoverintent-js.min.js?ver=2.2.1
[Mon Apr 20 14:40:30 2026] [::1]:59359 Accepted
[Mon Apr 20 14:40:30 2026] [::1]:59357 Closing
[Mon Apr 20 14:40:30 2026] [::1]:59360 Accepted
[Mon Apr 20 14:40:30 2026] [::1]:59359 [200]: GET /wp-includes/js/admin-bar.min.js?ver=6.9.4
[Mon Apr 20 14:40:30 2026] [::1]:59361 Accepted
[Mon Apr 20 14:40:30 2026] [::1]:59360 [200]: GET /wp-includes/js/jquery/ui/core.min.js?ver=1.13.3
[Mon Apr 20 14:40:30 2026] [::1]:59358 Closing
[Mon Apr 20 14:40:30 2026] [::1]:59362 Accepted
[Mon Apr 20 14:40:30 2026] [::1]:59361 [200]: GET /wp-includes/js/jquery/ui/mouse.min.js?ver=1.13.3
[Mon Apr 20 14:40:30 2026] [::1]:59362 [200]: GET /wp-includes/js/jquery/ui/draggable.min.js?ver=1.13.3
[Mon Apr 20 14:40:30 2026] [::1]:59359 Closing
[Mon Apr 20 14:40:30 2026] [::1]:59360 Closing
[Mon Apr 20 14:40:30 2026] [::1]:59361 Closing
[Mon Apr 20 14:40:30 2026] [::1]:59362 Closing
[Mon Apr 20 14:40:30 2026] [::1]:59363 Accepted
[Mon Apr 20 14:40:30 2026] [::1]:59363 [200]: GET /wp-includes/js/underscore.min.js?ver=1.13.7
[Mon Apr 20 14:40:30 2026] [::1]:59364 Accepted
[Mon Apr 20 14:40:30 2026] [::1]:59363 Closing
[Mon Apr 20 14:40:30 2026] [::1]:59365 Accepted
[Mon Apr 20 14:40:30 2026] [::1]:59364 [200]: GET /wp-includes/js/backbone.min.js?ver=1.6.0
[Mon Apr 20 14:40:30 2026] [::1]:59366 Accepted
[Mon Apr 20 14:40:30 2026] [::1]:59365 [200]: GET /wp-content/plugins/elementor/assets/lib/backbone/backbone.marionette.min.js?ver=2.4.5.e1
[Mon Apr 20 14:40:30 2026] [::1]:59367 Accepted
[Mon Apr 20 14:40:30 2026] [::1]:59366 [200]: GET /wp-content/plugins/elementor/assets/lib/backbone/backbone.radio.min.js?ver=1.0.4
[Mon Apr 20 14:40:30 2026] [::1]:59368 Accepted
[Mon Apr 20 14:40:30 2026] [::1]:59364 Closing
[Mon Apr 20 14:40:30 2026] [::1]:59367 [200]: GET /wp-content/plugins/elementor/assets/js/common-modules.min.js?ver=4.0.2
[Mon Apr 20 14:40:30 2026] [::1]:59365 Closing
[Mon Apr 20 14:40:30 2026] [::1]:59368 [200]: GET /wp-content/plugins/elementor/assets/js/web-cli.min.js?ver=4.0.2
[Mon Apr 20 14:40:30 2026] [::1]:59366 Closing
[Mon Apr 20 14:40:30 2026] [::1]:59367 Closing
[Mon Apr 20 14:40:30 2026] [::1]:59368 Closing
[Mon Apr 20 14:40:30 2026] [::1]:59370 Accepted
[Mon Apr 20 14:40:30 2026] [::1]:59371 Accepted
[Mon Apr 20 14:40:30 2026] [::1]:59370 [200]: GET /wp-content/plugins/elementor/assets/lib/dialog/dialog.min.js?ver=4.9.4
[Mon Apr 20 14:40:30 2026] [::1]:59372 Accepted
[Mon Apr 20 14:40:30 2026] [::1]:59370 Closing
[Mon Apr 20 14:40:30 2026] [::1]:59371 [200]: GET /wp-includes/js/api-request.min.js?ver=6.9.4
[Mon Apr 20 14:40:30 2026] [::1]:59373 Accepted
[Mon Apr 20 14:40:30 2026] [::1]:59371 Closing
[Mon Apr 20 14:40:30 2026] [::1]:59372 [200]: GET /wp-content/plugins/elementor/assets/js/dev-tools.min.js?ver=4.0.2
[Mon Apr 20 14:40:30 2026] [::1]:59374 Accepted
[Mon Apr 20 14:40:30 2026] [::1]:59373 [200]: GET /wp-includes/js/dist/hooks.min.js?ver=dd5603f07f9220ed27f1
[Mon Apr 20 14:40:30 2026] [::1]:59375 Accepted
[Mon Apr 20 14:40:30 2026] [::1]:59372 Closing
[Mon Apr 20 14:40:30 2026] [::1]:59374 [200]: GET /wp-includes/js/dist/i18n.min.js?ver=c26c3dc7bed366793375
[Mon Apr 20 14:40:30 2026] [::1]:59373 Closing
[Mon Apr 20 14:40:30 2026] [::1]:59375 [200]: GET /wp-content/plugins/elementor/assets/js/common.min.js?ver=4.0.2
[Mon Apr 20 14:40:30 2026] [::1]:59374 Closing
[Mon Apr 20 14:40:30 2026] [::1]:59375 Closing
[Mon Apr 20 14:40:30 2026] [::1]:59376 Accepted
[Mon Apr 20 14:40:30 2026] [::1]:59377 Accepted
[Mon Apr 20 14:40:30 2026] [::1]:59376 [200]: GET /wp-content/plugins/elementor/assets/js/app-loader.min.js?ver=4.0.2
[Mon Apr 20 14:40:30 2026] [::1]:59377 [200]: GET /wp-content/themes/tijus-theme/assets/js/vendor/modernizr-3.11.2.min.js?ver=3.11.2
[Mon Apr 20 14:40:30 2026] [::1]:59378 Accepted
[Mon Apr 20 14:40:30 2026] [::1]:59376 Closing
[Mon Apr 20 14:40:30 2026] [::1]:59377 Closing
[Mon Apr 20 14:40:30 2026] [::1]:59379 Accepted
[Mon Apr 20 14:40:30 2026] [::1]:59378 [200]: GET /wp-content/themes/tijus-theme/assets/js/plugins.min.js?ver=1.0.0
[Mon Apr 20 14:40:30 2026] [::1]:59379 [200]: GET /wp-content/themes/tijus-theme/assets/js/main.js?ver=1.0.0
[Mon Apr 20 14:40:30 2026] [::1]:59379 Closing
[Mon Apr 20 14:40:30 2026] [::1]:59378 Closing
[Mon Apr 20 14:40:30 2026] [::1]:59380 Accepted
[Mon Apr 20 14:40:30 2026] [::1]:59380 [200]: GET /wp-content/themes/tijus-theme/assets/images/shape/shape-24.png
[Mon Apr 20 14:40:30 2026] [::1]:59381 Accepted
[Mon Apr 20 14:40:30 2026] [::1]:59382 Accepted
[Mon Apr 20 14:40:30 2026] [::1]:59381 [200]: GET /wp-content/themes/tijus-theme/assets/images/shape/shape-2.png
[Mon Apr 20 14:40:30 2026] [::1]:59383 Accepted
[Mon Apr 20 14:40:30 2026] [::1]:59380 Closing
[Mon Apr 20 14:40:30 2026] [::1]:59382 [200]: GET /wp-content/themes/tijus-theme/assets/images/blog/blog-01.jpg
[Mon Apr 20 14:40:30 2026] [::1]:59384 Accepted
[Mon Apr 20 14:40:30 2026] [::1]:59383 [200]: GET /wp-content/themes/tijus-theme/assets/images/shape/shape-4.png
[Mon Apr 20 14:40:30 2026] [::1]:59385 Accepted
[Mon Apr 20 14:40:30 2026] [::1]:59384 [200]: GET /wp-content/themes/tijus-theme/assets/fonts/flaticon.ttf?655915d50ed0facf464660ba648373b0
[Mon Apr 20 14:40:30 2026] [::1]:59381 Closing
[Mon Apr 20 14:40:30 2026] [::1]:59386 Accepted
[Mon Apr 20 14:40:30 2026] [::1]:59382 Closing
[Mon Apr 20 14:40:30 2026] [::1]:59385 [200]: GET /wp-content/themes/tijus-theme/assets/fonts/icofont.woff2
[Mon Apr 20 14:40:30 2026] [::1]:59387 Accepted
[Mon Apr 20 14:40:30 2026] [::1]:59386 [200]: GET /wp-content/themes/tijus-theme/assets/images/shape/shape-1.png
[Mon Apr 20 14:40:30 2026] [::1]:59383 Closing
[Mon Apr 20 14:40:30 2026] [::1]:59388 Accepted
[Mon Apr 20 14:40:30 2026] [::1]:59384 Closing
[Mon Apr 20 14:40:30 2026] [::1]:59387 [200]: GET /wp-content/themes/tijus-theme/assets/images/shape/shape-3.png
[Mon Apr 20 14:40:30 2026] [::1]:59388 [200]: GET /wp-content/themes/tijus-theme/assets/images/author/author-11.jpg
[Mon Apr 20 14:40:30 2026] [::1]:59386 Closing
[Mon Apr 20 14:40:30 2026] [::1]:59387 Closing
[Mon Apr 20 14:40:30 2026] [::1]:59388 Closing
[Mon Apr 20 14:40:30 2026] [::1]:59385 Closing
[Mon Apr 20 14:40:30 2026] [::1]:59389 Accepted
[Mon Apr 20 14:40:30 2026] [::1]:59389 [200]: GET /wp-content/themes/tijus-theme/assets/images/shape/shape-21.png
[Mon Apr 20 14:40:30 2026] [::1]:59389 Closing
[Mon Apr 20 14:40:30 2026] [::1]:59390 Accepted
[Mon Apr 20 14:40:30 2026] [::1]:59390 [200]: GET /wp-content/themes/tijus-theme/assets/images/shape/shape-22.png
[Mon Apr 20 14:40:30 2026] [::1]:59390 Closing
[Mon Apr 20 14:40:30 2026] [::1]:59391 Accepted
[Mon Apr 20 14:40:30 2026] [::1]:59391 [200]: GET /wp-includes/js/wp-emoji-release.min.js?ver=6.9.4
[Mon Apr 20 14:40:30 2026] [::1]:59391 Closing
[Mon Apr 20 14:40:31 2026] [::1]:59392 Accepted
[Mon Apr 20 14:40:31 2026] [::1]:59392 [200]: GET /wp-content/themes/tijus-theme/assets/images/favicon.ico
[Mon Apr 20 14:40:31 2026] [::1]:59392 Closing
[Mon Apr 20 14:40:33 2026] [::1]:59393 Accepted
[Mon Apr 20 14:40:33 2026] [::1]:59393 Closing
[Mon Apr 20 14:40:33 2026] [::1]:59394 Accepted
[Mon Apr 20 14:40:33 2026] [::1]:59394 [200]: GET /wp-content/themes/tijus-theme/assets/css/vendor/plugins.min.css
[Mon Apr 20 14:40:33 2026] [::1]:59394 Closing
[Mon Apr 20 14:40:33 2026] [::1]:59396 Accepted
[Mon Apr 20 14:40:33 2026] [::1]:59397 Accepted
[Mon Apr 20 14:40:33 2026] [::1]:59398 Accepted
[Mon Apr 20 14:40:33 2026] [::1]:59396 [200]: GET /wp-content/themes/tijus-theme/assets/css/style.min.css
[Mon Apr 20 14:40:33 2026] [::1]:59399 Accepted
[Mon Apr 20 14:40:33 2026] [::1]:59397 [200]: GET /wp-includes/css/dashicons.min.css?ver=6.9.4
[Mon Apr 20 14:40:33 2026] [::1]:59398 [200]: GET /wp-includes/css/admin-bar.min.css?ver=6.9.4
[Mon Apr 20 14:40:33 2026] [::1]:59400 Accepted
[Mon Apr 20 14:40:33 2026] [::1]:59399 [200]: GET /wp-content/plugins/elementor/assets/lib/eicons/css/elementor-icons.min.css?ver=5.48.0
[Mon Apr 20 14:40:33 2026] [::1]:59400 [200]: GET /wp-content/plugins/elementor/assets/css/common.min.css?ver=4.0.2
[Mon Apr 20 14:40:33 2026] [::1]:59397 Closing
[Mon Apr 20 14:40:33 2026] [::1]:59398 Closing
[Mon Apr 20 14:40:33 2026] [::1]:59399 Closing
[Mon Apr 20 14:40:33 2026] [::1]:59396 Closing
[Mon Apr 20 14:40:33 2026] [::1]:59400 Closing
[Mon Apr 20 14:40:33 2026] [::1]:59401 Accepted
[Mon Apr 20 14:40:33 2026] [::1]:59402 Accepted
[Mon Apr 20 14:40:33 2026] [::1]:59401 [200]: GET /wp-content/plugins/elementor/assets/css/theme-light.min.css?ver=4.0.2
[Mon Apr 20 14:40:33 2026] [::1]:59402 [200]: GET /wp-includes/css/dist/block-library/style.min.css?ver=6.9.4
[Mon Apr 20 14:40:33 2026] [::1]:59403 Accepted
[Mon Apr 20 14:40:33 2026] [::1]:59401 Closing
[Mon Apr 20 14:40:33 2026] [::1]:59404 Accepted
[Mon Apr 20 14:40:33 2026] [::1]:59402 Closing
[Mon Apr 20 14:40:33 2026] [::1]:59403 [200]: GET /wp-content/themes/tijus-theme/style.css?ver=1.0.0
[Mon Apr 20 14:40:33 2026] [::1]:59404 [200]: GET /wp-includes/js/jquery/jquery.min.js?ver=3.7.1
[Mon Apr 20 14:40:33 2026] [::1]:59405 Accepted
[Mon Apr 20 14:40:33 2026] [::1]:59403 Closing
[Mon Apr 20 14:40:33 2026] [::1]:59404 Closing
[Mon Apr 20 14:40:33 2026] [::1]:59405 [200]: GET /wp-includes/js/jquery/jquery-migrate.min.js?ver=3.4.1
[Mon Apr 20 14:40:33 2026] [::1]:59405 Closing
[Mon Apr 20 14:40:33 2026] [::1]:59406 Accepted
[Mon Apr 20 14:40:33 2026] [::1]:59407 Accepted
[Mon Apr 20 14:40:33 2026] [::1]:59406 [200]: GET /wp-content/uploads/2026/04/logo.webp
[Mon Apr 20 14:40:33 2026] [::1]:59407 [200]: GET /wp-content/themes/tijus-theme/assets/images/shape/shape-8.png
[Mon Apr 20 14:40:33 2026] [::1]:59406 Closing
[Mon Apr 20 14:40:33 2026] [::1]:59407 Closing
[Mon Apr 20 14:40:33 2026] [::1]:59408 Accepted
[Mon Apr 20 14:40:33 2026] [::1]:59408 [200]: GET /wp-content/themes/tijus-theme/assets/images/shape/shape-23.png
[Mon Apr 20 14:40:33 2026] [::1]:59409 Accepted
[Mon Apr 20 14:40:33 2026] [::1]:59409 [200]: GET /wp-content/themes/tijus-theme/assets/images/shape/shape-5.png
[Mon Apr 20 14:40:33 2026] [::1]:59408 Closing
[Mon Apr 20 14:40:33 2026] [::1]:59409 Closing
[Mon Apr 20 14:40:33 2026] [::1]:59410 Accepted
[Mon Apr 20 14:40:33 2026] [::1]:59410 [200]: GET /wp-content/themes/tijus-theme/assets/images/shape/shape-6.png
[Mon Apr 20 14:40:33 2026] [::1]:59411 Accepted
[Mon Apr 20 14:40:33 2026] [::1]:59412 Accepted
[Mon Apr 20 14:40:33 2026] [::1]:59413 Accepted
[Mon Apr 20 14:40:33 2026] [::1]:59410 Closing
[Mon Apr 20 14:40:33 2026] [::1]:59411 [200]: GET /wp-includes/js/hoverintent-js.min.js?ver=2.2.1
[Mon Apr 20 14:40:33 2026] [::1]:59412 [200]: GET /wp-includes/js/admin-bar.min.js?ver=6.9.4
[Mon Apr 20 14:40:33 2026] [::1]:59414 Accepted
[Mon Apr 20 14:40:33 2026] [::1]:59413 [200]: GET /wp-includes/js/jquery/ui/core.min.js?ver=1.13.3
[Mon Apr 20 14:40:33 2026] [::1]:59415 Accepted
[Mon Apr 20 14:40:33 2026] [::1]:59414 [200]: GET /wp-includes/js/jquery/ui/mouse.min.js?ver=1.13.3
[Mon Apr 20 14:40:33 2026] [::1]:59411 Closing
[Mon Apr 20 14:40:33 2026] [::1]:59412 Closing
[Mon Apr 20 14:40:33 2026] [::1]:59415 [200]: GET /wp-includes/js/jquery/ui/draggable.min.js?ver=1.13.3
[Mon Apr 20 14:40:33 2026] [::1]:59416 Accepted
[Mon Apr 20 14:40:33 2026] [::1]:59413 Closing
[Mon Apr 20 14:40:33 2026] [::1]:59416 [200]: GET /wp-includes/js/underscore.min.js?ver=1.13.7
[Mon Apr 20 14:40:33 2026] [::1]:59414 Closing
[Mon Apr 20 14:40:33 2026] [::1]:59415 Closing
[Mon Apr 20 14:40:33 2026] [::1]:59416 Closing
[Mon Apr 20 14:40:33 2026] [::1]:59417 Accepted
[Mon Apr 20 14:40:33 2026] [::1]:59417 [200]: GET /wp-includes/js/backbone.min.js?ver=1.6.0
[Mon Apr 20 14:40:33 2026] [::1]:59418 Accepted
[Mon Apr 20 14:40:33 2026] [::1]:59417 Closing
[Mon Apr 20 14:40:33 2026] [::1]:59418 [200]: GET /wp-content/plugins/elementor/assets/lib/backbone/backbone.marionette.min.js?ver=2.4.5.e1
[Mon Apr 20 14:40:33 2026] [::1]:59418 Closing
[Mon Apr 20 14:40:33 2026] [::1]:59419 Accepted
[Mon Apr 20 14:40:33 2026] [::1]:59420 Accepted
[Mon Apr 20 14:40:33 2026] [::1]:59421 Accepted
[Mon Apr 20 14:40:33 2026] [::1]:59419 [200]: GET /wp-content/plugins/elementor/assets/lib/backbone/backbone.radio.min.js?ver=1.0.4
[Mon Apr 20 14:40:33 2026] [::1]:59422 Accepted
[Mon Apr 20 14:40:33 2026] [::1]:59420 [200]: GET /wp-content/plugins/elementor/assets/js/common-modules.min.js?ver=4.0.2
[Mon Apr 20 14:40:33 2026] [::1]:59421 [200]: GET /wp-content/plugins/elementor/assets/js/web-cli.min.js?ver=4.0.2
[Mon Apr 20 14:40:33 2026] [::1]:59422 [200]: GET /wp-content/plugins/elementor/assets/lib/dialog/dialog.min.js?ver=4.9.4
[Mon Apr 20 14:40:33 2026] [::1]:59419 Closing
[Mon Apr 20 14:40:33 2026] [::1]:59420 Closing
[Mon Apr 20 14:40:33 2026] [::1]:59421 Closing
[Mon Apr 20 14:40:33 2026] [::1]:59422 Closing
[Mon Apr 20 14:40:33 2026] [::1]:59423 Accepted
[Mon Apr 20 14:40:33 2026] [::1]:59424 Accepted
[Mon Apr 20 14:40:33 2026] [::1]:59423 [200]: GET /wp-includes/js/api-request.min.js?ver=6.9.4
[Mon Apr 20 14:40:33 2026] [::1]:59425 Accepted
[Mon Apr 20 14:40:33 2026] [::1]:59424 [200]: GET /wp-content/plugins/elementor/assets/js/dev-tools.min.js?ver=4.0.2
[Mon Apr 20 14:40:33 2026] [::1]:59426 Accepted
[Mon Apr 20 14:40:33 2026] [::1]:59425 [200]: GET /wp-includes/js/dist/hooks.min.js?ver=dd5603f07f9220ed27f1
[Mon Apr 20 14:40:33 2026] [::1]:59427 Accepted
[Mon Apr 20 14:40:33 2026] [::1]:59423 Closing
[Mon Apr 20 14:40:33 2026] [::1]:59426 [200]: GET /wp-includes/js/dist/i18n.min.js?ver=c26c3dc7bed366793375
[Mon Apr 20 14:40:33 2026] [::1]:59428 Accepted
[Mon Apr 20 14:40:33 2026] [::1]:59424 Closing
[Mon Apr 20 14:40:33 2026] [::1]:59427 [200]: GET /wp-content/plugins/elementor/assets/js/common.min.js?ver=4.0.2
[Mon Apr 20 14:40:33 2026] [::1]:59425 Closing
[Mon Apr 20 14:40:33 2026] [::1]:59426 Closing
[Mon Apr 20 14:40:33 2026] [::1]:59428 [200]: GET /wp-content/plugins/elementor/assets/js/app-loader.min.js?ver=4.0.2
[Mon Apr 20 14:40:33 2026] [::1]:59428 Closing
[Mon Apr 20 14:40:33 2026] [::1]:59427 Closing
[Mon Apr 20 14:40:33 2026] [::1]:59429 Accepted
[Mon Apr 20 14:40:33 2026] [::1]:59429 [200]: GET /wp-content/themes/tijus-theme/assets/js/vendor/modernizr-3.11.2.min.js?ver=3.11.2
[Mon Apr 20 14:40:33 2026] [::1]:59430 Accepted
[Mon Apr 20 14:40:33 2026] [::1]:59429 Closing
[Mon Apr 20 14:40:33 2026] [::1]:59430 [200]: GET /wp-content/themes/tijus-theme/assets/js/plugins.min.js?ver=1.0.0
[Mon Apr 20 14:40:33 2026] [::1]:59431 Accepted
[Mon Apr 20 14:40:33 2026] [::1]:59430 Closing
[Mon Apr 20 14:40:33 2026] [::1]:59432 Accepted
[Mon Apr 20 14:40:33 2026] [::1]:59431 [200]: GET /wp-content/themes/tijus-theme/assets/js/main.js?ver=1.0.0
[Mon Apr 20 14:40:33 2026] [::1]:59433 Accepted
[Mon Apr 20 14:40:33 2026] [::1]:59432 [200]: GET /wp-content/themes/tijus-theme/assets/images/shape/shape-24.png
[Mon Apr 20 14:40:33 2026] [::1]:59431 Closing
[Mon Apr 20 14:40:33 2026] [::1]:59432 Closing
[Mon Apr 20 14:40:33 2026] [::1]:59433 [200]: GET /wp-content/themes/tijus-theme/assets/images/author/author-11.jpg
[Mon Apr 20 14:40:33 2026] [::1]:59433 Closing
[Mon Apr 20 14:40:33 2026] [::1]:59434 Accepted
[Mon Apr 20 14:40:33 2026] [::1]:59434 [200]: GET /wp-content/themes/tijus-theme/assets/images/shape/shape-21.png
[Mon Apr 20 14:40:33 2026] [::1]:59434 Closing
[Mon Apr 20 14:40:33 2026] [::1]:59435 Accepted
[Mon Apr 20 14:40:33 2026] [::1]:59436 Accepted
[Mon Apr 20 14:40:33 2026] [::1]:59437 Accepted
[Mon Apr 20 14:40:33 2026] [::1]:59435 [200]: GET /wp-content/themes/tijus-theme/assets/images/shape/shape-1.png
[Mon Apr 20 14:40:33 2026] [::1]:59438 Accepted
[Mon Apr 20 14:40:33 2026] [::1]:59436 [200]: GET /wp-content/themes/tijus-theme/assets/images/shape/shape-2.png
[Mon Apr 20 14:40:33 2026] [::1]:59437 [200]: GET /wp-content/themes/tijus-theme/assets/images/shape/shape-3.png
[Mon Apr 20 14:40:33 2026] [::1]:59438 [200]: GET /wp-content/themes/tijus-theme/assets/images/shape/shape-22.png
[Mon Apr 20 14:40:33 2026] [::1]:59435 Closing
[Mon Apr 20 14:40:33 2026] [::1]:59436 Closing
[Mon Apr 20 14:40:33 2026] [::1]:59437 Closing
[Mon Apr 20 14:40:33 2026] [::1]:59438 Closing
[Mon Apr 20 14:40:33 2026] [::1]:59439 Accepted
[Mon Apr 20 14:40:33 2026] [::1]:59440 Accepted
[Mon Apr 20 14:40:33 2026] [::1]:59439 [200]: GET /wp-content/themes/tijus-theme/assets/fonts/flaticon.ttf?655915d50ed0facf464660ba648373b0
[Mon Apr 20 14:40:33 2026] [::1]:59440 [200]: GET /wp-content/themes/tijus-theme/assets/fonts/icofont.woff2
[Mon Apr 20 14:40:33 2026] [::1]:59439 Closing
[Mon Apr 20 14:40:33 2026] [::1]:59440 Closing
[Mon Apr 20 14:40:33 2026] [::1]:59441 Accepted
[Mon Apr 20 14:40:33 2026] [::1]:59441 [200]: GET /wp-includes/js/wp-emoji-release.min.js?ver=6.9.4
[Mon Apr 20 14:40:33 2026] [::1]:59441 Closing
[Mon Apr 20 14:40:33 2026] [::1]:59442 Accepted
[Mon Apr 20 14:40:33 2026] [::1]:59442 [200]: GET /wp-content/themes/tijus-theme/assets/images/favicon.ico
[Mon Apr 20 14:40:33 2026] [::1]:59442 Closing
[Mon Apr 20 14:42:15 2026] [::1]:59466 Accepted
[Mon Apr 20 14:42:15 2026] [::1]:59467 Accepted
[Mon Apr 20 14:42:18 2026] [::1]:59466 Closing
[Mon Apr 20 14:42:18 2026] [::1]:59468 Accepted
[Mon Apr 20 14:42:18 2026] [::1]:59467 Closing
[Mon Apr 20 14:42:18 2026] [::1]:59468 [200]: GET /wp-content/themes/tijus-theme/assets/css/vendor/plugins.min.css
[Mon Apr 20 14:42:18 2026] [::1]:59468 Closing
[Mon Apr 20 14:42:18 2026] [::1]:59471 Accepted
[Mon Apr 20 14:42:18 2026] [::1]:59472 Accepted
[Mon Apr 20 14:42:18 2026] [::1]:59473 Accepted
[Mon Apr 20 14:42:18 2026] [::1]:59471 [200]: GET /wp-content/themes/tijus-theme/assets/css/style.min.css
[Mon Apr 20 14:42:18 2026] [::1]:59474 Accepted
[Mon Apr 20 14:42:18 2026] [::1]:59472 [200]: GET /wp-includes/css/dashicons.min.css?ver=6.9.4
[Mon Apr 20 14:42:18 2026] [::1]:59473 [200]: GET /wp-includes/css/admin-bar.min.css?ver=6.9.4
[Mon Apr 20 14:42:18 2026] [::1]:59475 Accepted
[Mon Apr 20 14:42:18 2026] [::1]:59474 [200]: GET /wp-content/plugins/elementor/assets/lib/eicons/css/elementor-icons.min.css?ver=5.48.0
[Mon Apr 20 14:42:18 2026] [::1]:59475 [200]: GET /wp-content/plugins/elementor/assets/css/common.min.css?ver=4.0.2
[Mon Apr 20 14:42:18 2026] [::1]:59472 Closing
[Mon Apr 20 14:42:18 2026] [::1]:59473 Closing
[Mon Apr 20 14:42:18 2026] [::1]:59474 Closing
[Mon Apr 20 14:42:18 2026] [::1]:59471 Closing
[Mon Apr 20 14:42:18 2026] [::1]:59475 Closing
[Mon Apr 20 14:42:18 2026] [::1]:59476 Accepted
[Mon Apr 20 14:42:18 2026] [::1]:59477 Accepted
[Mon Apr 20 14:42:18 2026] [::1]:59478 Accepted
[Mon Apr 20 14:42:18 2026] [::1]:59479 Accepted
[Mon Apr 20 14:42:18 2026] [::1]:59476 [200]: GET /wp-content/plugins/elementor/assets/css/theme-light.min.css?ver=4.0.2
[Mon Apr 20 14:42:18 2026] [::1]:59477 [200]: GET /wp-includes/css/dist/block-library/style.min.css?ver=6.9.4
[Mon Apr 20 14:42:18 2026] [::1]:59478 [200]: GET /wp-content/themes/tijus-theme/style.css?ver=1.0.0
[Mon Apr 20 14:42:18 2026] [::1]:59479 [200]: GET /wp-includes/js/jquery/jquery.min.js?ver=3.7.1
[Mon Apr 20 14:42:18 2026] [::1]:59480 Accepted
[Mon Apr 20 14:42:18 2026] [::1]:59476 Closing
[Mon Apr 20 14:42:18 2026] [::1]:59480 [200]: GET /wp-includes/js/jquery/jquery-migrate.min.js?ver=3.4.1
[Mon Apr 20 14:42:18 2026] [::1]:59477 Closing
[Mon Apr 20 14:42:18 2026] [::1]:59478 Closing
[Mon Apr 20 14:42:18 2026] [::1]:59479 Closing
[Mon Apr 20 14:42:18 2026] [::1]:59480 Closing
[Mon Apr 20 14:42:18 2026] [::1]:59481 Accepted
[Mon Apr 20 14:42:18 2026] [::1]:59482 Accepted
[Mon Apr 20 14:42:18 2026] [::1]:59481 [200]: GET /wp-content/uploads/2026/04/logo.webp
[Mon Apr 20 14:42:18 2026] [::1]:59481 Closing
[Mon Apr 20 14:42:18 2026] [::1]:59482 [200]: GET /wp-content/themes/tijus-theme/assets/images/shape/shape-8.png
[Mon Apr 20 14:42:18 2026] [::1]:59482 Closing
[Mon Apr 20 14:42:18 2026] [::1]:59483 Accepted
[Mon Apr 20 14:42:18 2026] [::1]:59484 Accepted
[Mon Apr 20 14:42:18 2026] [::1]:59483 [200]: GET /wp-content/themes/tijus-theme/assets/images/shape/shape-23.png
[Mon Apr 20 14:42:18 2026] [::1]:59484 [200]: GET /wp-content/themes/tijus-theme/assets/images/shape/shape-5.png
[Mon Apr 20 14:42:18 2026] [::1]:59483 Closing
[Mon Apr 20 14:42:18 2026] [::1]:59484 Closing
[Mon Apr 20 14:42:18 2026] [::1]:59485 Accepted
[Mon Apr 20 14:42:18 2026] [::1]:59486 Accepted
[Mon Apr 20 14:42:18 2026] [::1]:59485 [200]: GET /wp-content/themes/tijus-theme/assets/images/shape/shape-6.png
[Mon Apr 20 14:42:18 2026] [::1]:59486 [200]: GET /wp-includes/js/hoverintent-js.min.js?ver=2.2.1
[Mon Apr 20 14:42:18 2026] [::1]:59485 Closing
[Mon Apr 20 14:42:18 2026] [::1]:59486 Closing
[Mon Apr 20 14:42:18 2026] [::1]:59487 Accepted
[Mon Apr 20 14:42:18 2026] [::1]:59487 [200]: GET /wp-includes/js/admin-bar.min.js?ver=6.9.4
[Mon Apr 20 14:42:18 2026] [::1]:59488 Accepted
[Mon Apr 20 14:42:18 2026] [::1]:59489 Accepted
[Mon Apr 20 14:42:18 2026] [::1]:59487 Closing
[Mon Apr 20 14:42:18 2026] [::1]:59488 [200]: GET /wp-includes/js/jquery/ui/core.min.js?ver=1.13.3
[Mon Apr 20 14:42:18 2026] [::1]:59490 Accepted
[Mon Apr 20 14:42:18 2026] [::1]:59489 [200]: GET /wp-includes/js/jquery/ui/mouse.min.js?ver=1.13.3
[Mon Apr 20 14:42:18 2026] [::1]:59491 Accepted
[Mon Apr 20 14:42:18 2026] [::1]:59490 [200]: GET /wp-includes/js/jquery/ui/draggable.min.js?ver=1.13.3
[Mon Apr 20 14:42:18 2026] [::1]:59492 Accepted
[Mon Apr 20 14:42:18 2026] [::1]:59488 Closing
[Mon Apr 20 14:42:18 2026] [::1]:59491 [200]: GET /wp-includes/js/underscore.min.js?ver=1.13.7
[Mon Apr 20 14:42:18 2026] [::1]:59489 Closing
[Mon Apr 20 14:42:18 2026] [::1]:59492 [200]: GET /wp-includes/js/backbone.min.js?ver=1.6.0
[Mon Apr 20 14:42:18 2026] [::1]:59490 Closing
[Mon Apr 20 14:42:18 2026] [::1]:59491 Closing
[Mon Apr 20 14:42:18 2026] [::1]:59492 Closing
[Mon Apr 20 14:42:18 2026] [::1]:59493 Accepted
[Mon Apr 20 14:42:18 2026] [::1]:59493 [200]: GET /wp-content/plugins/elementor/assets/lib/backbone/backbone.marionette.min.js?ver=2.4.5.e1
[Mon Apr 20 14:42:18 2026] [::1]:59494 Accepted
[Mon Apr 20 14:42:18 2026] [::1]:59493 Closing
[Mon Apr 20 14:42:18 2026] [::1]:59494 [200]: GET /wp-content/plugins/elementor/assets/lib/backbone/backbone.radio.min.js?ver=1.0.4
[Mon Apr 20 14:42:18 2026] [::1]:59494 Closing
[Mon Apr 20 14:42:18 2026] [::1]:59495 Accepted
[Mon Apr 20 14:42:18 2026] [::1]:59495 [200]: GET /wp-content/plugins/elementor/assets/js/common-modules.min.js?ver=4.0.2
[Mon Apr 20 14:42:18 2026] [::1]:59496 Accepted
[Mon Apr 20 14:42:18 2026] [::1]:59495 Closing
[Mon Apr 20 14:42:18 2026] [::1]:59496 [200]: GET /wp-content/plugins/elementor/assets/js/web-cli.min.js?ver=4.0.2
[Mon Apr 20 14:42:18 2026] [::1]:59496 Closing
[Mon Apr 20 14:42:18 2026] [::1]:59497 Accepted
[Mon Apr 20 14:42:18 2026] [::1]:59498 Accepted
[Mon Apr 20 14:42:18 2026] [::1]:59497 [200]: GET /wp-content/plugins/elementor/assets/lib/dialog/dialog.min.js?ver=4.9.4
[Mon Apr 20 14:42:18 2026] [::1]:59497 Closing
[Mon Apr 20 14:42:18 2026] [::1]:59498 [200]: GET /wp-includes/js/api-request.min.js?ver=6.9.4
[Mon Apr 20 14:42:18 2026] [::1]:59499 Accepted
[Mon Apr 20 14:42:18 2026] [::1]:59498 Closing
[Mon Apr 20 14:42:18 2026] [::1]:59499 [200]: GET /wp-content/plugins/elementor/assets/js/dev-tools.min.js?ver=4.0.2
[Mon Apr 20 14:42:18 2026] [::1]:59500 Accepted
[Mon Apr 20 14:42:18 2026] [::1]:59499 Closing
[Mon Apr 20 14:42:18 2026] [::1]:59500 [200]: GET /wp-includes/js/dist/hooks.min.js?ver=dd5603f07f9220ed27f1
[Mon Apr 20 14:42:18 2026] [::1]:59500 Closing
[Mon Apr 20 14:42:18 2026] [::1]:59501 Accepted
[Mon Apr 20 14:42:18 2026] [::1]:59502 Accepted
[Mon Apr 20 14:42:18 2026] [::1]:59501 [200]: GET /wp-includes/js/dist/i18n.min.js?ver=c26c3dc7bed366793375
[Mon Apr 20 14:42:18 2026] [::1]:59503 Accepted
[Mon Apr 20 14:42:18 2026] [::1]:59501 Closing
[Mon Apr 20 14:42:18 2026] [::1]:59502 [200]: GET /wp-content/plugins/elementor/assets/js/common.min.js?ver=4.0.2
[Mon Apr 20 14:42:18 2026] [::1]:59504 Accepted
[Mon Apr 20 14:42:18 2026] [::1]:59503 [200]: GET /wp-content/plugins/elementor/assets/js/app-loader.min.js?ver=4.0.2
[Mon Apr 20 14:42:18 2026] [::1]:59505 Accepted
[Mon Apr 20 14:42:18 2026] [::1]:59504 [200]: GET /wp-content/themes/tijus-theme/assets/js/vendor/modernizr-3.11.2.min.js?ver=3.11.2
[Mon Apr 20 14:42:18 2026] [::1]:59506 Accepted
[Mon Apr 20 14:42:18 2026] [::1]:59505 [200]: GET /wp-content/themes/tijus-theme/assets/js/plugins.min.js?ver=1.0.0
[Mon Apr 20 14:42:18 2026] [::1]:59502 Closing
[Mon Apr 20 14:42:18 2026] [::1]:59503 Closing
[Mon Apr 20 14:42:18 2026] [::1]:59506 [200]: GET /wp-content/themes/tijus-theme/assets/js/main.js?ver=1.0.0
[Mon Apr 20 14:42:18 2026] [::1]:59504 Closing
[Mon Apr 20 14:42:18 2026] [::1]:59505 Closing
[Mon Apr 20 14:42:18 2026] [::1]:59506 Closing
[Mon Apr 20 14:42:18 2026] [::1]:59507 Accepted
[Mon Apr 20 14:42:18 2026] [::1]:59507 [200]: GET /wp-content/themes/tijus-theme/assets/images/shape/shape-24.png
[Mon Apr 20 14:42:18 2026] [::1]:59508 Accepted
[Mon Apr 20 14:42:18 2026] [::1]:59509 Accepted
[Mon Apr 20 14:42:18 2026] [::1]:59508 [200]: GET /wp-content/themes/tijus-theme/assets/images/author/author-11.jpg
[Mon Apr 20 14:42:18 2026] [::1]:59507 Closing
[Mon Apr 20 14:42:18 2026] [::1]:59508 Closing
[Mon Apr 20 14:42:18 2026] [::1]:59510 Accepted
[Mon Apr 20 14:42:18 2026] [::1]:59509 [200]: GET /wp-content/themes/tijus-theme/assets/images/shape/shape-21.png
[Mon Apr 20 14:42:18 2026] [::1]:59509 Closing
[Mon Apr 20 14:42:18 2026] [::1]:59510 [200]: GET /wp-content/themes/tijus-theme/assets/images/shape/shape-22.png
[Mon Apr 20 14:42:18 2026] [::1]:59511 Accepted
[Mon Apr 20 14:42:18 2026] [::1]:59510 Closing
[Mon Apr 20 14:42:18 2026] [::1]:59511 [200]: GET /wp-content/themes/tijus-theme/assets/images/shape/shape-1.png
[Mon Apr 20 14:42:18 2026] [::1]:59511 Closing
[Mon Apr 20 14:42:18 2026] [::1]:59512 Accepted
[Mon Apr 20 14:42:18 2026] [::1]:59513 Accepted
[Mon Apr 20 14:42:18 2026] [::1]:59512 [200]: GET /wp-content/themes/tijus-theme/assets/images/shape/shape-3.png
[Mon Apr 20 14:42:18 2026] [::1]:59512 Closing
[Mon Apr 20 14:42:18 2026] [::1]:59513 [200]: GET /wp-content/themes/tijus-theme/assets/images/shape/shape-2.png
[Mon Apr 20 14:42:18 2026] [::1]:59513 Closing
[Mon Apr 20 14:42:18 2026] [::1]:59514 Accepted
[Mon Apr 20 14:42:18 2026] [::1]:59515 Accepted
[Mon Apr 20 14:42:18 2026] [::1]:59514 [200]: GET /wp-content/themes/tijus-theme/assets/fonts/flaticon.ttf?655915d50ed0facf464660ba648373b0
[Mon Apr 20 14:42:18 2026] [::1]:59515 [200]: GET /wp-content/themes/tijus-theme/assets/fonts/icofont.woff2
[Mon Apr 20 14:42:18 2026] [::1]:59514 Closing
[Mon Apr 20 14:42:18 2026] [::1]:59515 Closing
[Mon Apr 20 14:42:18 2026] [::1]:59516 Accepted
[Mon Apr 20 14:42:18 2026] [::1]:59516 [200]: GET /wp-includes/js/wp-emoji-release.min.js?ver=6.9.4
[Mon Apr 20 14:42:18 2026] [::1]:59516 Closing
[Mon Apr 20 14:42:18 2026] [::1]:59517 Accepted
[Mon Apr 20 14:42:18 2026] [::1]:59517 [200]: GET /wp-content/themes/tijus-theme/assets/images/favicon.ico
[Mon Apr 20 14:42:18 2026] [::1]:59517 Closing
[Mon Apr 20 14:42:18 2026] [::1]:59518 Accepted
[Mon Apr 20 14:42:18 2026] [::1]:59518 [200]: GET /wp-content/uploads/2026/04/cropped-logo-32x32.webp
[Mon Apr 20 14:42:18 2026] [::1]:59518 Closing
[Mon Apr 20 14:45:14 2026] [::1]:59550 Accepted
[Mon Apr 20 14:45:14 2026] [::1]:59551 Accepted
[Mon Apr 20 14:45:14 2026] [::1]:59550 Closing
[Mon Apr 20 14:45:14 2026] [::1]:59551 [200]: GET /wp-content/themes/tijus-theme/assets/css/vendor/plugins.min.css
[Mon Apr 20 14:45:14 2026] [::1]:59553 Accepted
[Mon Apr 20 14:45:14 2026] [::1]:59554 Accepted
[Mon Apr 20 14:45:14 2026] [::1]:59551 Closing
[Mon Apr 20 14:45:14 2026] [::1]:59553 [200]: GET /wp-content/themes/tijus-theme/assets/css/style.min.css
[Mon Apr 20 14:45:14 2026] [::1]:59555 Accepted
[Mon Apr 20 14:45:14 2026] [::1]:59554 [200]: GET /wp-includes/css/dashicons.min.css?ver=6.9.4
[Mon Apr 20 14:45:14 2026] [::1]:59556 Accepted
[Mon Apr 20 14:45:14 2026] [::1]:59555 [200]: GET /wp-includes/css/admin-bar.min.css?ver=6.9.4
[Mon Apr 20 14:45:14 2026] [::1]:59557 Accepted
[Mon Apr 20 14:45:14 2026] [::1]:59556 [200]: GET /wp-content/plugins/elementor/assets/lib/eicons/css/elementor-icons.min.css?ver=5.48.0
[Mon Apr 20 14:45:14 2026] [::1]:59554 Closing
[Mon Apr 20 14:45:14 2026] [::1]:59557 [200]: GET /wp-content/plugins/elementor/assets/css/common.min.css?ver=4.0.2
[Mon Apr 20 14:45:14 2026] [::1]:59555 Closing
[Mon Apr 20 14:45:14 2026] [::1]:59553 Closing
[Mon Apr 20 14:45:14 2026] [::1]:59556 Closing
[Mon Apr 20 14:45:14 2026] [::1]:59557 Closing
[Mon Apr 20 14:45:14 2026] [::1]:59558 Accepted
[Mon Apr 20 14:45:14 2026] [::1]:59559 Accepted
[Mon Apr 20 14:45:14 2026] [::1]:59558 [200]: GET /wp-content/plugins/elementor/assets/css/theme-light.min.css?ver=4.0.2
[Mon Apr 20 14:45:14 2026] [::1]:59560 Accepted
[Mon Apr 20 14:45:14 2026] [::1]:59559 [200]: GET /wp-includes/css/dist/block-library/style.min.css?ver=6.9.4
[Mon Apr 20 14:45:14 2026] [::1]:59561 Accepted
[Mon Apr 20 14:45:14 2026] [::1]:59558 Closing
[Mon Apr 20 14:45:14 2026] [::1]:59560 [200]: GET /wp-content/themes/tijus-theme/style.css?ver=1.0.0
[Mon Apr 20 14:45:14 2026] [::1]:59562 Accepted
[Mon Apr 20 14:45:14 2026] [::1]:59559 Closing
[Mon Apr 20 14:45:14 2026] [::1]:59561 [200]: GET /wp-includes/js/jquery/jquery.min.js?ver=3.7.1
[Mon Apr 20 14:45:14 2026] [::1]:59562 [200]: GET /wp-includes/js/jquery/jquery-migrate.min.js?ver=3.4.1
[Mon Apr 20 14:45:14 2026] [::1]:59560 Closing
[Mon Apr 20 14:45:14 2026] [::1]:59561 Closing
[Mon Apr 20 14:45:14 2026] [::1]:59563 Accepted
[Mon Apr 20 14:45:14 2026] [::1]:59562 Closing
[Mon Apr 20 14:45:14 2026] [::1]:59563 [200]: GET /wp-content/uploads/2026/04/logo.webp
[Mon Apr 20 14:45:14 2026] [::1]:59564 Accepted
[Mon Apr 20 14:45:14 2026] [::1]:59563 Closing
[Mon Apr 20 14:45:14 2026] [::1]:59564 [200]: GET /wp-content/themes/tijus-theme/assets/images/shape/shape-8.png
[Mon Apr 20 14:45:14 2026] [::1]:59564 Closing
[Mon Apr 20 14:45:14 2026] [::1]:59565 Accepted
[Mon Apr 20 14:45:14 2026] [::1]:59566 Accepted
[Mon Apr 20 14:45:14 2026] [::1]:59565 [200]: GET /wp-content/themes/tijus-theme/assets/images/shape/shape-23.png
[Mon Apr 20 14:45:14 2026] [::1]:59566 [200]: GET /wp-content/themes/tijus-theme/assets/images/shape/shape-5.png
[Mon Apr 20 14:45:14 2026] [::1]:59565 Closing
[Mon Apr 20 14:45:14 2026] [::1]:59566 Closing
[Mon Apr 20 14:45:14 2026] [::1]:59567 Accepted
[Mon Apr 20 14:45:14 2026] [::1]:59567 [200]: GET /wp-content/themes/tijus-theme/assets/images/shape/shape-6.png
[Mon Apr 20 14:45:14 2026] [::1]:59568 Accepted
[Mon Apr 20 14:45:14 2026] [::1]:59569 Accepted
[Mon Apr 20 14:45:14 2026] [::1]:59568 [200]: GET /wp-includes/js/hoverintent-js.min.js?ver=2.2.1
[Mon Apr 20 14:45:14 2026] [::1]:59570 Accepted
[Mon Apr 20 14:45:14 2026] [::1]:59567 Closing
[Mon Apr 20 14:45:14 2026] [::1]:59569 [200]: GET /wp-includes/js/admin-bar.min.js?ver=6.9.4
[Mon Apr 20 14:45:14 2026] [::1]:59571 Accepted
[Mon Apr 20 14:45:14 2026] [::1]:59570 [200]: GET /wp-includes/js/jquery/ui/core.min.js?ver=1.13.3
[Mon Apr 20 14:45:14 2026] [::1]:59572 Accepted
[Mon Apr 20 14:45:14 2026] [::1]:59571 [200]: GET /wp-includes/js/jquery/ui/mouse.min.js?ver=1.13.3
[Mon Apr 20 14:45:14 2026] [::1]:59568 Closing
[Mon Apr 20 14:45:14 2026] [::1]:59569 Closing
[Mon Apr 20 14:45:14 2026] [::1]:59572 [200]: GET /wp-includes/js/jquery/ui/draggable.min.js?ver=1.13.3
[Mon Apr 20 14:45:14 2026] [::1]:59570 Closing
[Mon Apr 20 14:45:14 2026] [::1]:59571 Closing
[Mon Apr 20 14:45:14 2026] [::1]:59573 Accepted
[Mon Apr 20 14:45:14 2026] [::1]:59572 Closing
[Mon Apr 20 14:45:14 2026] [::1]:59573 [200]: GET /wp-includes/js/underscore.min.js?ver=1.13.7
[Mon Apr 20 14:45:14 2026] [::1]:59573 Closing
[Mon Apr 20 14:45:14 2026] [::1]:59574 Accepted
[Mon Apr 20 14:45:14 2026] [::1]:59575 Accepted
[Mon Apr 20 14:45:14 2026] [::1]:59574 [200]: GET /wp-includes/js/backbone.min.js?ver=1.6.0
[Mon Apr 20 14:45:14 2026] [::1]:59576 Accepted
[Mon Apr 20 14:45:14 2026] [::1]:59575 [200]: GET /wp-content/plugins/elementor/assets/lib/backbone/backbone.marionette.min.js?ver=2.4.5.e1
[Mon Apr 20 14:45:14 2026] [::1]:59577 Accepted
[Mon Apr 20 14:45:14 2026] [::1]:59576 [200]: GET /wp-content/plugins/elementor/assets/lib/backbone/backbone.radio.min.js?ver=1.0.4
[Mon Apr 20 14:45:14 2026] [::1]:59578 Accepted
[Mon Apr 20 14:45:14 2026] [::1]:59574 Closing
[Mon Apr 20 14:45:14 2026] [::1]:59577 [200]: GET /wp-content/plugins/elementor/assets/js/common-modules.min.js?ver=4.0.2
[Mon Apr 20 14:45:14 2026] [::1]:59579 Accepted
[Mon Apr 20 14:45:14 2026] [::1]:59575 Closing
[Mon Apr 20 14:45:14 2026] [::1]:59578 [200]: GET /wp-content/plugins/elementor/assets/js/web-cli.min.js?ver=4.0.2
[Mon Apr 20 14:45:14 2026] [::1]:59579 [200]: GET /wp-content/plugins/elementor/assets/lib/dialog/dialog.min.js?ver=4.9.4
[Mon Apr 20 14:45:14 2026] [::1]:59576 Closing
[Mon Apr 20 14:45:14 2026] [::1]:59577 Closing
[Mon Apr 20 14:45:14 2026] [::1]:59580 Accepted
[Mon Apr 20 14:45:14 2026] [::1]:59579 Closing
[Mon Apr 20 14:45:14 2026] [::1]:59578 Closing
[Mon Apr 20 14:45:14 2026] [::1]:59581 Accepted
[Mon Apr 20 14:45:14 2026] [::1]:59580 [200]: GET /wp-includes/js/api-request.min.js?ver=6.9.4
[Mon Apr 20 14:45:14 2026] [::1]:59582 Accepted
[Mon Apr 20 14:45:14 2026] [::1]:59581 [200]: GET /wp-content/plugins/elementor/assets/js/dev-tools.min.js?ver=4.0.2
[Mon Apr 20 14:45:14 2026] [::1]:59582 [200]: GET /wp-includes/js/dist/hooks.min.js?ver=dd5603f07f9220ed27f1
[Mon Apr 20 14:45:14 2026] [::1]:59580 Closing
[Mon Apr 20 14:45:14 2026] [::1]:59583 Accepted
[Mon Apr 20 14:45:14 2026] [::1]:59581 Closing
[Mon Apr 20 14:45:14 2026] [::1]:59584 Accepted
[Mon Apr 20 14:45:14 2026] [::1]:59583 [200]: GET /wp-includes/js/dist/i18n.min.js?ver=c26c3dc7bed366793375
[Mon Apr 20 14:45:14 2026] [::1]:59582 Closing
[Mon Apr 20 14:45:14 2026] [::1]:59584 [200]: GET /wp-content/plugins/elementor/assets/js/common.min.js?ver=4.0.2
[Mon Apr 20 14:45:14 2026] [::1]:59583 Closing
[Mon Apr 20 14:45:14 2026] [::1]:59585 Accepted
[Mon Apr 20 14:45:14 2026] [::1]:59586 Accepted
[Mon Apr 20 14:45:14 2026] [::1]:59585 [200]: GET /wp-content/plugins/elementor/assets/js/app-loader.min.js?ver=4.0.2
[Mon Apr 20 14:45:14 2026] [::1]:59586 [200]: GET /wp-content/themes/tijus-theme/assets/js/vendor/modernizr-3.11.2.min.js?ver=3.11.2
[Mon Apr 20 14:45:14 2026] [::1]:59587 Accepted
[Mon Apr 20 14:45:14 2026] [::1]:59584 Closing
[Mon Apr 20 14:45:14 2026] [::1]:59588 Accepted
[Mon Apr 20 14:45:14 2026] [::1]:59585 Closing
[Mon Apr 20 14:45:14 2026] [::1]:59586 Closing
[Mon Apr 20 14:45:14 2026] [::1]:59587 [200]: GET /wp-content/themes/tijus-theme/assets/js/plugins.min.js?ver=1.0.0
[Mon Apr 20 14:45:14 2026] [::1]:59589 Accepted
[Mon Apr 20 14:45:14 2026] [::1]:59588 [200]: GET /wp-content/themes/tijus-theme/assets/js/main.js?ver=1.0.0
[Mon Apr 20 14:45:14 2026] [::1]:59589 [200]: GET /wp-content/themes/tijus-theme/assets/images/shape/shape-24.png
[Mon Apr 20 14:45:14 2026] [::1]:59590 Accepted
[Mon Apr 20 14:45:14 2026] [::1]:59588 Closing
[Mon Apr 20 14:45:14 2026] [::1]:59587 Closing
[Mon Apr 20 14:45:14 2026] [::1]:59591 Accepted
[Mon Apr 20 14:45:14 2026] [::1]:59589 Closing
[Mon Apr 20 14:45:14 2026] [::1]:59590 [200]: GET /wp-content/themes/tijus-theme/assets/images/author/author-11.jpg
[Mon Apr 20 14:45:14 2026] [::1]:59592 Accepted
[Mon Apr 20 14:45:14 2026] [::1]:59591 [200]: GET /wp-content/themes/tijus-theme/assets/images/shape/shape-21.png
[Mon Apr 20 14:45:14 2026] [::1]:59593 Accepted
[Mon Apr 20 14:45:14 2026] [::1]:59592 [200]: GET /wp-content/themes/tijus-theme/assets/images/shape/shape-1.png
[Mon Apr 20 14:45:14 2026] [::1]:59594 Accepted
[Mon Apr 20 14:45:14 2026] [::1]:59593 [200]: GET /wp-content/themes/tijus-theme/assets/images/shape/shape-2.png
[Mon Apr 20 14:45:14 2026] [::1]:59590 Closing
[Mon Apr 20 14:45:14 2026] [::1]:59595 Accepted
[Mon Apr 20 14:45:14 2026] [::1]:59591 Closing
[Mon Apr 20 14:45:14 2026] [::1]:59594 [200]: GET /wp-content/themes/tijus-theme/assets/images/shape/shape-3.png
[Mon Apr 20 14:45:14 2026] [::1]:59596 Accepted
[Mon Apr 20 14:45:14 2026] [::1]:59595 [200]: GET /wp-content/themes/tijus-theme/assets/fonts/flaticon.ttf?655915d50ed0facf464660ba648373b0
[Mon Apr 20 14:45:14 2026] [::1]:59592 Closing
[Mon Apr 20 14:45:14 2026] [::1]:59597 Accepted
[Mon Apr 20 14:45:14 2026] [::1]:59596 [200]: GET /wp-content/themes/tijus-theme/assets/fonts/icofont.woff2
[Mon Apr 20 14:45:14 2026] [::1]:59593 Closing
[Mon Apr 20 14:45:14 2026] [::1]:59597 [200]: GET /wp-content/themes/tijus-theme/assets/images/shape/shape-22.png
[Mon Apr 20 14:45:14 2026] [::1]:59594 Closing
[Mon Apr 20 14:45:14 2026] [::1]:59595 Closing
[Mon Apr 20 14:45:14 2026] [::1]:59597 Closing
[Mon Apr 20 14:45:14 2026] [::1]:59596 Closing
[Mon Apr 20 14:45:14 2026] [::1]:59598 Accepted
[Mon Apr 20 14:45:14 2026] [::1]:59598 [200]: GET /wp-content/themes/tijus-theme/assets/images/favicon.ico
[Mon Apr 20 14:45:14 2026] [::1]:59598 Closing
[Mon Apr 20 14:45:14 2026] [::1]:59599 Accepted
[Mon Apr 20 14:45:14 2026] [::1]:59599 [200]: GET /wp-content/uploads/2026/04/cropped-logo-32x32.webp
[Mon Apr 20 14:45:14 2026] [::1]:59599 Closing
[Mon Apr 20 14:45:14 2026] [::1]:59600 Accepted
[Mon Apr 20 14:45:14 2026] [::1]:59600 [200]: GET /wp-includes/js/wp-emoji-release.min.js?ver=6.9.4
[Mon Apr 20 14:45:14 2026] [::1]:59600 Closing
[Mon Apr 20 14:46:54 2026] [::1]:59618 Accepted
[Mon Apr 20 14:46:54 2026] [::1]:59619 Accepted
[Mon Apr 20 14:46:57 2026] [::1]:59618 Closing
[Mon Apr 20 14:46:57 2026] [::1]:59619 [200]: GET /wp-content/themes/tijus-theme/assets/css/vendor/plugins.min.css
[Mon Apr 20 14:46:57 2026] [::1]:59622 Accepted
[Mon Apr 20 14:46:57 2026] [::1]:59623 Accepted
[Mon Apr 20 14:46:57 2026] [::1]:59619 Closing
[Mon Apr 20 14:46:57 2026] [::1]:59622 [200]: GET /wp-content/themes/tijus-theme/assets/css/style.min.css
[Mon Apr 20 14:46:57 2026] [::1]:59624 Accepted
[Mon Apr 20 14:46:57 2026] [::1]:59623 [200]: GET /wp-includes/css/dashicons.min.css?ver=6.9.4
[Mon Apr 20 14:46:57 2026] [::1]:59625 Accepted
[Mon Apr 20 14:46:57 2026] [::1]:59624 [200]: GET /wp-includes/css/admin-bar.min.css?ver=6.9.4
[Mon Apr 20 14:46:57 2026] [::1]:59626 Accepted
[Mon Apr 20 14:46:57 2026] [::1]:59625 [200]: GET /wp-content/plugins/elementor/assets/lib/eicons/css/elementor-icons.min.css?ver=5.48.0
[Mon Apr 20 14:46:57 2026] [::1]:59623 Closing
[Mon Apr 20 14:46:57 2026] [::1]:59626 [200]: GET /wp-content/plugins/elementor/assets/css/common.min.css?ver=4.0.2
[Mon Apr 20 14:46:57 2026] [::1]:59624 Closing
[Mon Apr 20 14:46:57 2026] [::1]:59622 Closing
[Mon Apr 20 14:46:57 2026] [::1]:59625 Closing
[Mon Apr 20 14:46:57 2026] [::1]:59626 Closing
[Mon Apr 20 14:46:57 2026] [::1]:59627 Accepted
[Mon Apr 20 14:46:57 2026] [::1]:59628 Accepted
[Mon Apr 20 14:46:57 2026] [::1]:59627 [200]: GET /wp-content/plugins/elementor/assets/css/theme-light.min.css?ver=4.0.2
[Mon Apr 20 14:46:57 2026] [::1]:59629 Accepted
[Mon Apr 20 14:46:57 2026] [::1]:59627 Closing
[Mon Apr 20 14:46:57 2026] [::1]:59628 [200]: GET /wp-includes/css/dist/block-library/style.min.css?ver=6.9.4
[Mon Apr 20 14:46:57 2026] [::1]:59630 Accepted
[Mon Apr 20 14:46:57 2026] [::1]:59629 [200]: GET /wp-content/themes/tijus-theme/style.css?ver=1.0.0
[Mon Apr 20 14:46:57 2026] [::1]:59631 Accepted
[Mon Apr 20 14:46:57 2026] [::1]:59628 Closing
[Mon Apr 20 14:46:57 2026] [::1]:59629 Closing
[Mon Apr 20 14:46:57 2026] [::1]:59630 [200]: GET /wp-includes/js/jquery/jquery.min.js?ver=3.7.1
[Mon Apr 20 14:46:57 2026] [::1]:59631 [200]: GET /wp-includes/js/jquery/jquery-migrate.min.js?ver=3.4.1
[Mon Apr 20 14:46:57 2026] [::1]:59630 Closing
[Mon Apr 20 14:46:57 2026] [::1]:59632 Accepted
[Mon Apr 20 14:46:57 2026] [::1]:59631 Closing
[Mon Apr 20 14:46:57 2026] [::1]:59633 Accepted
[Mon Apr 20 14:46:57 2026] [::1]:59632 [200]: GET /wp-content/uploads/2026/04/logo.webp
[Mon Apr 20 14:46:57 2026] [::1]:59632 Closing
[Mon Apr 20 14:46:57 2026] [::1]:59633 [200]: GET /wp-content/themes/tijus-theme/assets/images/shape/shape-8.png
[Mon Apr 20 14:46:57 2026] [::1]:59633 Closing
[Mon Apr 20 14:46:57 2026] [::1]:59634 Accepted
[Mon Apr 20 14:46:57 2026] [::1]:59635 Accepted
[Mon Apr 20 14:46:57 2026] [::1]:59634 [200]: GET /wp-content/themes/tijus-theme/assets/images/shape/shape-23.png
[Mon Apr 20 14:46:57 2026] [::1]:59635 [200]: GET /wp-content/themes/tijus-theme/assets/images/shape/shape-5.png
[Mon Apr 20 14:46:57 2026] [::1]:59634 Closing
[Mon Apr 20 14:46:57 2026] [::1]:59635 Closing
[Mon Apr 20 14:46:57 2026] [::1]:59636 Accepted
[Mon Apr 20 14:46:57 2026] [::1]:59636 [200]: GET /wp-content/themes/tijus-theme/assets/images/shape/shape-6.png
[Mon Apr 20 14:46:57 2026] [::1]:59637 Accepted
[Mon Apr 20 14:46:57 2026] [::1]:59637 [200]: GET /wp-includes/js/hoverintent-js.min.js?ver=2.2.1
[Mon Apr 20 14:46:57 2026] [::1]:59638 Accepted
[Mon Apr 20 14:46:57 2026] [::1]:59636 Closing
[Mon Apr 20 14:46:57 2026] [::1]:59639 Accepted
[Mon Apr 20 14:46:57 2026] [::1]:59638 [200]: GET /wp-includes/js/admin-bar.min.js?ver=6.9.4
[Mon Apr 20 14:46:57 2026] [::1]:59640 Accepted
[Mon Apr 20 14:46:57 2026] [::1]:59639 [200]: GET /wp-includes/js/jquery/ui/core.min.js?ver=1.13.3
[Mon Apr 20 14:46:57 2026] [::1]:59637 Closing
[Mon Apr 20 14:46:57 2026] [::1]:59641 Accepted
[Mon Apr 20 14:46:57 2026] [::1]:59640 [200]: GET /wp-includes/js/jquery/ui/mouse.min.js?ver=1.13.3
[Mon Apr 20 14:46:57 2026] [::1]:59641 [200]: GET /wp-includes/js/jquery/ui/draggable.min.js?ver=1.13.3
[Mon Apr 20 14:46:57 2026] [::1]:59638 Closing
[Mon Apr 20 14:46:57 2026] [::1]:59639 Closing
[Mon Apr 20 14:46:57 2026] [::1]:59640 Closing
[Mon Apr 20 14:46:57 2026] [::1]:59641 Closing
[Mon Apr 20 14:46:57 2026] [::1]:59642 Accepted
[Mon Apr 20 14:46:57 2026] [::1]:59643 Accepted
[Mon Apr 20 14:46:57 2026] [::1]:59642 [200]: GET /wp-includes/js/underscore.min.js?ver=1.13.7
[Mon Apr 20 14:46:57 2026] [::1]:59644 Accepted
[Mon Apr 20 14:46:57 2026] [::1]:59642 Closing
[Mon Apr 20 14:46:57 2026] [::1]:59643 [200]: GET /wp-includes/js/backbone.min.js?ver=1.6.0
[Mon Apr 20 14:46:57 2026] [::1]:59645 Accepted
[Mon Apr 20 14:46:57 2026] [::1]:59644 [200]: GET /wp-content/plugins/elementor/assets/lib/backbone/backbone.marionette.min.js?ver=2.4.5.e1
[Mon Apr 20 14:46:57 2026] [::1]:59646 Accepted
[Mon Apr 20 14:46:57 2026] [::1]:59645 [200]: GET /wp-content/plugins/elementor/assets/lib/backbone/backbone.radio.min.js?ver=1.0.4
[Mon Apr 20 14:46:57 2026] [::1]:59647 Accepted
[Mon Apr 20 14:46:57 2026] [::1]:59643 Closing
[Mon Apr 20 14:46:57 2026] [::1]:59646 [200]: GET /wp-content/plugins/elementor/assets/js/common-modules.min.js?ver=4.0.2
[Mon Apr 20 14:46:57 2026] [::1]:59644 Closing
[Mon Apr 20 14:46:57 2026] [::1]:59647 [200]: GET /wp-content/plugins/elementor/assets/js/web-cli.min.js?ver=4.0.2
[Mon Apr 20 14:46:57 2026] [::1]:59645 Closing
[Mon Apr 20 14:46:57 2026] [::1]:59648 Accepted
[Mon Apr 20 14:46:57 2026] [::1]:59646 Closing
[Mon Apr 20 14:46:57 2026] [::1]:59649 Accepted
[Mon Apr 20 14:46:57 2026] [::1]:59648 [200]: GET /wp-content/plugins/elementor/assets/lib/dialog/dialog.min.js?ver=4.9.4
[Mon Apr 20 14:46:57 2026] [::1]:59649 [200]: GET /wp-includes/js/api-request.min.js?ver=6.9.4
[Mon Apr 20 14:46:57 2026] [::1]:59647 Closing
[Mon Apr 20 14:46:57 2026] [::1]:59650 Accepted
[Mon Apr 20 14:46:57 2026] [::1]:59648 Closing
[Mon Apr 20 14:46:57 2026] [::1]:59649 Closing
[Mon Apr 20 14:46:57 2026] [::1]:59650 [200]: GET /wp-content/plugins/elementor/assets/js/dev-tools.min.js?ver=4.0.2
[Mon Apr 20 14:46:57 2026] [::1]:59651 Accepted
[Mon Apr 20 14:46:57 2026] [::1]:59650 Closing
[Mon Apr 20 14:46:57 2026] [::1]:59651 [200]: GET /wp-includes/js/dist/hooks.min.js?ver=dd5603f07f9220ed27f1
[Mon Apr 20 14:46:57 2026] [::1]:59652 Accepted
[Mon Apr 20 14:46:57 2026] [::1]:59651 Closing
[Mon Apr 20 14:46:57 2026] [::1]:59652 [200]: GET /wp-includes/js/dist/i18n.min.js?ver=c26c3dc7bed366793375
[Mon Apr 20 14:46:57 2026] [::1]:59653 Accepted
[Mon Apr 20 14:46:57 2026] [::1]:59652 Closing
[Mon Apr 20 14:46:57 2026] [::1]:59654 Accepted
[Mon Apr 20 14:46:57 2026] [::1]:59653 [200]: GET /wp-content/plugins/elementor/assets/js/common.min.js?ver=4.0.2
[Mon Apr 20 14:46:57 2026] [::1]:59655 Accepted
[Mon Apr 20 14:46:57 2026] [::1]:59654 [200]: GET /wp-content/plugins/elementor/assets/js/app-loader.min.js?ver=4.0.2
[Mon Apr 20 14:46:57 2026] [::1]:59656 Accepted
[Mon Apr 20 14:46:57 2026] [::1]:59655 [200]: GET /wp-content/themes/tijus-theme/assets/js/vendor/modernizr-3.11.2.min.js?ver=3.11.2
[Mon Apr 20 14:46:57 2026] [::1]:59657 Accepted
[Mon Apr 20 14:46:57 2026] [::1]:59656 [200]: GET /wp-content/themes/tijus-theme/assets/js/plugins.min.js?ver=1.0.0
[Mon Apr 20 14:46:57 2026] [::1]:59658 Accepted
[Mon Apr 20 14:46:57 2026] [::1]:59654 Closing
[Mon Apr 20 14:46:57 2026] [::1]:59657 [200]: GET /wp-content/themes/tijus-theme/assets/js/main.js?ver=1.0.0
[Mon Apr 20 14:46:57 2026] [::1]:59653 Closing
[Mon Apr 20 14:46:57 2026] [::1]:59655 Closing
[Mon Apr 20 14:46:57 2026] [::1]:59658 [200]: GET /wp-content/themes/tijus-theme/assets/images/shape/shape-24.png
[Mon Apr 20 14:46:57 2026] [::1]:59656 Closing
[Mon Apr 20 14:46:57 2026] [::1]:59657 Closing
[Mon Apr 20 14:46:57 2026] [::1]:59659 Accepted
[Mon Apr 20 14:46:57 2026] [::1]:59658 Closing
[Mon Apr 20 14:46:57 2026] [::1]:59660 Accepted
[Mon Apr 20 14:46:57 2026] [::1]:59659 [200]: GET /wp-content/themes/tijus-theme/assets/images/author/author-11.jpg
[Mon Apr 20 14:46:57 2026] [::1]:59659 Closing
[Mon Apr 20 14:46:57 2026] [::1]:59660 [200]: GET /wp-content/themes/tijus-theme/assets/images/shape/shape-21.png
[Mon Apr 20 14:46:57 2026] [::1]:59662 Accepted
[Mon Apr 20 14:46:57 2026] [::1]:59663 Accepted
[Mon Apr 20 14:46:57 2026] [::1]:59660 Closing
[Mon Apr 20 14:46:57 2026] [::1]:59662 [200]: GET /wp-content/themes/tijus-theme/assets/images/shape/shape-3.png
[Mon Apr 20 14:46:57 2026] [::1]:59664 Accepted
[Mon Apr 20 14:46:57 2026] [::1]:59662 Closing
[Mon Apr 20 14:46:57 2026] [::1]:59663 [200]: GET /wp-content/themes/tijus-theme/assets/images/shape/shape-1.png
[Mon Apr 20 14:46:57 2026] [::1]:59664 [200]: GET /wp-content/themes/tijus-theme/assets/images/shape/shape-2.png
[Mon Apr 20 14:46:57 2026] [::1]:59663 Closing
[Mon Apr 20 14:46:57 2026] [::1]:59664 Closing
[Mon Apr 20 14:46:57 2026] [::1]:59665 Accepted
[Mon Apr 20 14:46:57 2026] [::1]:59665 [200]: GET /wp-content/themes/tijus-theme/assets/images/shape/shape-22.png
[Mon Apr 20 14:46:57 2026] [::1]:59665 Closing
[Mon Apr 20 14:46:57 2026] [::1]:59666 Accepted
[Mon Apr 20 14:46:57 2026] [::1]:59667 Accepted
[Mon Apr 20 14:46:57 2026] [::1]:59666 [200]: GET /wp-content/themes/tijus-theme/assets/fonts/flaticon.ttf?655915d50ed0facf464660ba648373b0
[Mon Apr 20 14:46:57 2026] [::1]:59667 [200]: GET /wp-content/themes/tijus-theme/assets/fonts/icofont.woff2
[Mon Apr 20 14:46:57 2026] [::1]:59666 Closing
[Mon Apr 20 14:46:57 2026] [::1]:59667 Closing
[Mon Apr 20 14:46:57 2026] [::1]:59668 Accepted
[Mon Apr 20 14:46:57 2026] [::1]:59668 [200]: GET /wp-includes/js/wp-emoji-release.min.js?ver=6.9.4
[Mon Apr 20 14:46:57 2026] [::1]:59668 Closing
[Mon Apr 20 14:46:57 2026] [::1]:59669 Accepted
[Mon Apr 20 14:46:57 2026] [::1]:59669 [200]: GET /wp-content/themes/tijus-theme/assets/images/favicon.ico
[Mon Apr 20 14:46:57 2026] [::1]:59669 Closing
[Mon Apr 20 14:46:57 2026] [::1]:59670 Accepted
[Mon Apr 20 14:46:57 2026] [::1]:59670 [200]: GET /wp-content/uploads/2026/04/cropped-logo-32x32.webp
[Mon Apr 20 14:46:57 2026] [::1]:59670 Closing
[Mon Apr 20 14:47:54 2026] [::1]:59679 Accepted
[Mon Apr 20 14:47:55 2026] [::1]:59679 Closing
[Mon Apr 20 14:47:55 2026] [::1]:59680 Accepted
[Mon Apr 20 14:47:55 2026] [::1]:59680 Closing
[Mon Apr 20 14:47:55 2026] [::1]:59682 Accepted
[Mon Apr 20 14:47:55 2026] [::1]:59682 [200]: GET /wp-content/themes/tijus-theme/assets/css/vendor/plugins.min.css
[Mon Apr 20 14:47:55 2026] [::1]:59683 Accepted
[Mon Apr 20 14:47:55 2026] [::1]:59684 Accepted
[Mon Apr 20 14:47:55 2026] [::1]:59685 Accepted
[Mon Apr 20 14:47:55 2026] [::1]:59683 [200]: GET /wp-content/themes/tijus-theme/assets/css/style.min.css
[Mon Apr 20 14:47:55 2026] [::1]:59684 [200]: GET /wp-includes/css/dashicons.min.css?ver=6.9.4
[Mon Apr 20 14:47:55 2026] [::1]:59686 Accepted
[Mon Apr 20 14:47:55 2026] [::1]:59682 Closing
[Mon Apr 20 14:47:55 2026] [::1]:59685 [200]: GET /wp-includes/css/admin-bar.min.css?ver=6.9.4
[Mon Apr 20 14:47:55 2026] [::1]:59687 Accepted
[Mon Apr 20 14:47:55 2026] [::1]:59686 [200]: GET /wp-content/plugins/elementor/assets/lib/eicons/css/elementor-icons.min.css?ver=5.48.0
[Mon Apr 20 14:47:55 2026] [::1]:59688 Accepted
[Mon Apr 20 14:47:55 2026] [::1]:59687 [200]: GET /wp-content/plugins/elementor/assets/css/common.min.css?ver=4.0.2
[Mon Apr 20 14:47:55 2026] [::1]:59684 Closing
[Mon Apr 20 14:47:55 2026] [::1]:59689 Accepted
[Mon Apr 20 14:47:55 2026] [::1]:59685 Closing
[Mon Apr 20 14:47:55 2026] [::1]:59688 [200]: GET /wp-content/plugins/elementor/assets/css/theme-light.min.css?ver=4.0.2
[Mon Apr 20 14:47:55 2026] [::1]:59690 Accepted
[Mon Apr 20 14:47:55 2026] [::1]:59689 [200]: GET /wp-includes/css/dist/block-library/style.min.css?ver=6.9.4
[Mon Apr 20 14:47:55 2026] [::1]:59686 Closing
[Mon Apr 20 14:47:55 2026] [::1]:59691 Accepted
[Mon Apr 20 14:47:55 2026] [::1]:59687 Closing
[Mon Apr 20 14:47:55 2026] [::1]:59683 Closing
[Mon Apr 20 14:47:55 2026] [::1]:59690 [200]: GET /wp-content/themes/tijus-theme/style.css?ver=1.0.0
[Mon Apr 20 14:47:55 2026] [::1]:59692 Accepted
[Mon Apr 20 14:47:55 2026] [::1]:59691 [200]: GET /wp-includes/js/jquery/jquery.min.js?ver=3.7.1
[Mon Apr 20 14:47:55 2026] [::1]:59688 Closing
[Mon Apr 20 14:47:55 2026] [::1]:59693 Accepted
[Mon Apr 20 14:47:55 2026] [::1]:59692 [200]: GET /wp-includes/js/jquery/jquery-migrate.min.js?ver=3.4.1
[Mon Apr 20 14:47:55 2026] [::1]:59689 Closing
[Mon Apr 20 14:47:55 2026] [::1]:59693 [200]: GET /wp-content/uploads/2026/04/logo.webp
[Mon Apr 20 14:47:55 2026] [::1]:59690 Closing
[Mon Apr 20 14:47:55 2026] [::1]:59691 Closing
[Mon Apr 20 14:47:55 2026] [::1]:59692 Closing
[Mon Apr 20 14:47:55 2026] [::1]:59693 Closing
[Mon Apr 20 14:47:55 2026] [::1]:59694 Accepted
[Mon Apr 20 14:47:55 2026] [::1]:59694 [200]: GET /wp-content/themes/tijus-theme/assets/images/shape/shape-8.png
[Mon Apr 20 14:47:55 2026] [::1]:59694 Closing
[Mon Apr 20 14:47:55 2026] [::1]:59695 Accepted
[Mon Apr 20 14:47:55 2026] [::1]:59696 Accepted
[Mon Apr 20 14:47:55 2026] [::1]:59695 [200]: GET /wp-content/themes/tijus-theme/assets/images/shape/shape-23.png
[Mon Apr 20 14:47:55 2026] [::1]:59696 [200]: GET /wp-content/themes/tijus-theme/assets/images/shape/shape-5.png
[Mon Apr 20 14:47:55 2026] [::1]:59695 Closing
[Mon Apr 20 14:47:55 2026] [::1]:59696 Closing
[Mon Apr 20 14:47:55 2026] [::1]:59697 Accepted
[Mon Apr 20 14:47:55 2026] [::1]:59697 [200]: GET /wp-content/themes/tijus-theme/assets/images/shape/shape-6.png
[Mon Apr 20 14:47:55 2026] [::1]:59698 Accepted
[Mon Apr 20 14:47:55 2026] [::1]:59699 Accepted
[Mon Apr 20 14:47:55 2026] [::1]:59700 Accepted
[Mon Apr 20 14:47:55 2026] [::1]:59697 Closing
[Mon Apr 20 14:47:55 2026] [::1]:59698 [200]: GET /wp-includes/js/hoverintent-js.min.js?ver=2.2.1
[Mon Apr 20 14:47:55 2026] [::1]:59699 [200]: GET /wp-includes/js/admin-bar.min.js?ver=6.9.4
[Mon Apr 20 14:47:55 2026] [::1]:59701 Accepted
[Mon Apr 20 14:47:55 2026] [::1]:59700 [200]: GET /wp-includes/js/jquery/ui/core.min.js?ver=1.13.3
[Mon Apr 20 14:47:55 2026] [::1]:59702 Accepted
[Mon Apr 20 14:47:55 2026] [::1]:59701 [200]: GET /wp-includes/js/jquery/ui/mouse.min.js?ver=1.13.3
[Mon Apr 20 14:47:55 2026] [::1]:59703 Accepted
[Mon Apr 20 14:47:55 2026] [::1]:59698 Closing
[Mon Apr 20 14:47:55 2026] [::1]:59699 Closing
[Mon Apr 20 14:47:55 2026] [::1]:59702 [200]: GET /wp-includes/js/jquery/ui/draggable.min.js?ver=1.13.3
[Mon Apr 20 14:47:55 2026] [::1]:59700 Closing
[Mon Apr 20 14:47:55 2026] [::1]:59703 [200]: GET /wp-includes/js/underscore.min.js?ver=1.13.7
[Mon Apr 20 14:47:55 2026] [::1]:59704 Accepted
[Mon Apr 20 14:47:55 2026] [::1]:59701 Closing
[Mon Apr 20 14:47:55 2026] [::1]:59705 Accepted
[Mon Apr 20 14:47:55 2026] [::1]:59704 [200]: GET /wp-includes/js/backbone.min.js?ver=1.6.0
[Mon Apr 20 14:47:55 2026] [::1]:59702 Closing
[Mon Apr 20 14:47:55 2026] [::1]:59706 Accepted
[Mon Apr 20 14:47:55 2026] [::1]:59705 [200]: GET /wp-content/plugins/elementor/assets/lib/backbone/backbone.marionette.min.js?ver=2.4.5.e1
[Mon Apr 20 14:47:55 2026] [::1]:59703 Closing
[Mon Apr 20 14:47:55 2026] [::1]:59706 [200]: GET /wp-content/plugins/elementor/assets/lib/backbone/backbone.radio.min.js?ver=1.0.4
[Mon Apr 20 14:47:55 2026] [::1]:59704 Closing
[Mon Apr 20 14:47:55 2026] [::1]:59707 Accepted
[Mon Apr 20 14:47:55 2026] [::1]:59705 Closing
[Mon Apr 20 14:47:55 2026] [::1]:59708 Accepted
[Mon Apr 20 14:47:55 2026] [::1]:59706 Closing
[Mon Apr 20 14:47:55 2026] [::1]:59707 [200]: GET /wp-content/plugins/elementor/assets/js/common-modules.min.js?ver=4.0.2
[Mon Apr 20 14:47:55 2026] [::1]:59709 Accepted
[Mon Apr 20 14:47:55 2026] [::1]:59708 [200]: GET /wp-content/plugins/elementor/assets/js/web-cli.min.js?ver=4.0.2
[Mon Apr 20 14:47:55 2026] [::1]:59709 [200]: GET /wp-content/plugins/elementor/assets/lib/dialog/dialog.min.js?ver=4.9.4
[Mon Apr 20 14:47:55 2026] [::1]:59707 Closing
[Mon Apr 20 14:47:55 2026] [::1]:59710 Accepted
[Mon Apr 20 14:47:55 2026] [::1]:59711 Accepted
[Mon Apr 20 14:47:55 2026] [::1]:59710 [200]: GET /wp-includes/js/api-request.min.js?ver=6.9.4
[Mon Apr 20 14:47:55 2026] [::1]:59708 Closing
[Mon Apr 20 14:47:55 2026] [::1]:59709 Closing
[Mon Apr 20 14:47:55 2026] [::1]:59711 [200]: GET /wp-content/plugins/elementor/assets/js/dev-tools.min.js?ver=4.0.2
[Mon Apr 20 14:47:55 2026] [::1]:59712 Accepted
[Mon Apr 20 14:47:55 2026] [::1]:59710 Closing
[Mon Apr 20 14:47:55 2026] [::1]:59712 [200]: GET /wp-includes/js/dist/hooks.min.js?ver=dd5603f07f9220ed27f1
[Mon Apr 20 14:47:55 2026] [::1]:59711 Closing
[Mon Apr 20 14:47:55 2026] [::1]:59713 Accepted
[Mon Apr 20 14:47:55 2026] [::1]:59712 Closing
[Mon Apr 20 14:47:55 2026] [::1]:59713 [200]: GET /wp-includes/js/dist/i18n.min.js?ver=c26c3dc7bed366793375
[Mon Apr 20 14:47:55 2026] [::1]:59714 Accepted
[Mon Apr 20 14:47:55 2026] [::1]:59715 Accepted
[Mon Apr 20 14:47:55 2026] [::1]:59714 [200]: GET /wp-content/plugins/elementor/assets/js/common.min.js?ver=4.0.2
[Mon Apr 20 14:47:55 2026] [::1]:59716 Accepted
[Mon Apr 20 14:47:55 2026] [::1]:59713 Closing
[Mon Apr 20 14:47:55 2026] [::1]:59715 [200]: GET /wp-content/plugins/elementor/assets/js/app-loader.min.js?ver=4.0.2
[Mon Apr 20 14:47:55 2026] [::1]:59717 Accepted
[Mon Apr 20 14:47:55 2026] [::1]:59716 [200]: GET /wp-content/themes/tijus-theme/assets/js/vendor/modernizr-3.11.2.min.js?ver=3.11.2
[Mon Apr 20 14:47:55 2026] [::1]:59718 Accepted
[Mon Apr 20 14:47:55 2026] [::1]:59717 [200]: GET /wp-content/themes/tijus-theme/assets/js/plugins.min.js?ver=1.0.0
[Mon Apr 20 14:47:55 2026] [::1]:59715 Closing
[Mon Apr 20 14:47:55 2026] [::1]:59718 [200]: GET /wp-content/themes/tijus-theme/assets/js/main.js?ver=1.0.0
[Mon Apr 20 14:47:55 2026] [::1]:59719 Accepted
[Mon Apr 20 14:47:55 2026] [::1]:59716 Closing
[Mon Apr 20 14:47:55 2026] [::1]:59720 Accepted
[Mon Apr 20 14:47:55 2026] [::1]:59719 [200]: GET /wp-content/themes/tijus-theme/assets/images/shape/shape-24.png
[Mon Apr 20 14:47:55 2026] [::1]:59721 Accepted
[Mon Apr 20 14:47:55 2026] [::1]:59717 Closing
[Mon Apr 20 14:47:55 2026] [::1]:59714 Closing
[Mon Apr 20 14:47:55 2026] [::1]:59720 [200]: GET /wp-content/themes/tijus-theme/assets/images/shape/shape-4.png
[Mon Apr 20 14:47:55 2026] [::1]:59718 Closing
[Mon Apr 20 14:47:55 2026] [::1]:59722 Accepted
[Mon Apr 20 14:47:55 2026] [::1]:59721 [200]: GET /wp-content/themes/tijus-theme/assets/images/shape/shape-3.png
[Mon Apr 20 14:47:55 2026] [::1]:59723 Accepted
[Mon Apr 20 14:47:55 2026] [::1]:59722 [200]: GET /wp-content/themes/tijus-theme/assets/images/blog/blog-01.jpg
[Mon Apr 20 14:47:55 2026] [::1]:59719 Closing
[Mon Apr 20 14:47:55 2026] [::1]:59724 Accepted
[Mon Apr 20 14:47:55 2026] [::1]:59723 [200]: GET /wp-content/themes/tijus-theme/assets/fonts/flaticon.ttf?655915d50ed0facf464660ba648373b0
[Mon Apr 20 14:47:55 2026] [::1]:59720 Closing
[Mon Apr 20 14:47:55 2026] [::1]:59725 Accepted
[Mon Apr 20 14:47:55 2026] [::1]:59724 [200]: GET /wp-content/themes/tijus-theme/assets/fonts/icofont.woff2
[Mon Apr 20 14:47:55 2026] [::1]:59721 Closing
[Mon Apr 20 14:47:55 2026] [::1]:59726 Accepted
[Mon Apr 20 14:47:55 2026] [::1]:59722 Closing
[Mon Apr 20 14:47:55 2026] [::1]:59725 [200]: GET /wp-content/themes/tijus-theme/assets/images/shape/shape-2.png
[Mon Apr 20 14:47:55 2026] [::1]:59727 Accepted
[Mon Apr 20 14:47:55 2026] [::1]:59726 [200]: GET /wp-content/themes/tijus-theme/assets/images/shape/shape-1.png
[Mon Apr 20 14:47:55 2026] [::1]:59723 Closing
[Mon Apr 20 14:47:55 2026] [::1]:59728 Accepted
[Mon Apr 20 14:47:55 2026] [::1]:59727 [200]: GET /wp-content/themes/tijus-theme/assets/images/author/author-11.jpg
[Mon Apr 20 14:47:55 2026] [::1]:59725 Closing
[Mon Apr 20 14:47:55 2026] [::1]:59728 [200]: GET /wp-content/themes/tijus-theme/assets/images/shape/shape-21.png
[Mon Apr 20 14:47:55 2026] [::1]:59729 Accepted
[Mon Apr 20 14:47:55 2026] [::1]:59726 Closing
[Mon Apr 20 14:47:55 2026] [::1]:59727 Closing
[Mon Apr 20 14:47:55 2026] [::1]:59729 [200]: GET /wp-content/themes/tijus-theme/assets/images/shape/shape-22.png
[Mon Apr 20 14:47:55 2026] [::1]:59724 Closing
[Mon Apr 20 14:47:55 2026] [::1]:59728 Closing
[Mon Apr 20 14:47:55 2026] [::1]:59729 Closing
[Mon Apr 20 14:47:55 2026] [::1]:59730 Accepted
[Mon Apr 20 14:47:55 2026] [::1]:59730 [200]: GET /wp-includes/js/wp-emoji-release.min.js?ver=6.9.4
[Mon Apr 20 14:47:55 2026] [::1]:59730 Closing
[Mon Apr 20 14:47:55 2026] [::1]:59731 Accepted
[Mon Apr 20 14:47:55 2026] [::1]:59731 [200]: GET /wp-content/themes/tijus-theme/assets/images/favicon.ico
[Mon Apr 20 14:47:55 2026] [::1]:59731 Closing
[Mon Apr 20 14:47:57 2026] [::1]:59732 Accepted
[Mon Apr 20 14:47:57 2026] [::1]:59732 Closing
[Mon Apr 20 14:47:57 2026] [::1]:59734 Accepted
[Mon Apr 20 14:47:57 2026] [::1]:59734 [200]: GET /wp-content/themes/tijus-theme/assets/css/vendor/plugins.min.css
[Mon Apr 20 14:47:57 2026] [::1]:59734 Closing
[Mon Apr 20 14:47:57 2026] [::1]:59736 Accepted
[Mon Apr 20 14:47:57 2026] [::1]:59737 Accepted
[Mon Apr 20 14:47:57 2026] [::1]:59738 Accepted
[Mon Apr 20 14:47:57 2026] [::1]:59736 [200]: GET /wp-content/themes/tijus-theme/assets/css/style.min.css
[Mon Apr 20 14:47:57 2026] [::1]:59739 Accepted
[Mon Apr 20 14:47:57 2026] [::1]:59737 [200]: GET /wp-includes/css/dashicons.min.css?ver=6.9.4
[Mon Apr 20 14:47:57 2026] [::1]:59738 [200]: GET /wp-includes/css/admin-bar.min.css?ver=6.9.4
[Mon Apr 20 14:47:57 2026] [::1]:59740 Accepted
[Mon Apr 20 14:47:57 2026] [::1]:59739 [200]: GET /wp-content/plugins/elementor/assets/lib/eicons/css/elementor-icons.min.css?ver=5.48.0
[Mon Apr 20 14:47:57 2026] [::1]:59740 [200]: GET /wp-content/plugins/elementor/assets/css/common.min.css?ver=4.0.2
[Mon Apr 20 14:47:57 2026] [::1]:59737 Closing
[Mon Apr 20 14:47:57 2026] [::1]:59738 Closing
[Mon Apr 20 14:47:57 2026] [::1]:59739 Closing
[Mon Apr 20 14:47:57 2026] [::1]:59736 Closing
[Mon Apr 20 14:47:57 2026] [::1]:59740 Closing
[Mon Apr 20 14:47:57 2026] [::1]:59741 Accepted
[Mon Apr 20 14:47:57 2026] [::1]:59742 Accepted
[Mon Apr 20 14:47:57 2026] [::1]:59741 [200]: GET /wp-content/plugins/elementor/assets/css/theme-light.min.css?ver=4.0.2
[Mon Apr 20 14:47:57 2026] [::1]:59743 Accepted
[Mon Apr 20 14:47:57 2026] [::1]:59741 Closing
[Mon Apr 20 14:47:57 2026] [::1]:59742 [200]: GET /wp-includes/css/dist/block-library/style.min.css?ver=6.9.4
[Mon Apr 20 14:47:57 2026] [::1]:59744 Accepted
[Mon Apr 20 14:47:57 2026] [::1]:59742 Closing
[Mon Apr 20 14:47:57 2026] [::1]:59743 [200]: GET /wp-content/themes/tijus-theme/style.css?ver=1.0.0
[Mon Apr 20 14:47:57 2026] [::1]:59744 [200]: GET /wp-includes/js/jquery/jquery.min.js?ver=3.7.1
[Mon Apr 20 14:47:57 2026] [::1]:59743 Closing
[Mon Apr 20 14:47:57 2026] [::1]:59744 Closing
[Mon Apr 20 14:47:57 2026] [::1]:59745 Accepted
[Mon Apr 20 14:47:57 2026] [::1]:59745 [200]: GET /wp-includes/js/jquery/jquery-migrate.min.js?ver=3.4.1
[Mon Apr 20 14:47:57 2026] [::1]:59745 Closing
[Mon Apr 20 14:47:57 2026] [::1]:59746 Accepted
[Mon Apr 20 14:47:57 2026] [::1]:59747 Accepted
[Mon Apr 20 14:47:57 2026] [::1]:59746 [200]: GET /wp-content/uploads/2026/04/logo.webp
[Mon Apr 20 14:47:57 2026] [::1]:59746 Closing
[Mon Apr 20 14:47:57 2026] [::1]:59747 [200]: GET /wp-content/themes/tijus-theme/assets/images/shape/shape-8.png
[Mon Apr 20 14:47:57 2026] [::1]:59747 Closing
[Mon Apr 20 14:47:57 2026] [::1]:59748 Accepted
[Mon Apr 20 14:47:57 2026] [::1]:59749 Accepted
[Mon Apr 20 14:47:57 2026] [::1]:59748 [200]: GET /wp-content/themes/tijus-theme/assets/images/shape/shape-23.png
[Mon Apr 20 14:47:57 2026] [::1]:59749 [200]: GET /wp-content/themes/tijus-theme/assets/images/shape/shape-5.png
[Mon Apr 20 14:47:57 2026] [::1]:59748 Closing
[Mon Apr 20 14:47:57 2026] [::1]:59749 Closing
[Mon Apr 20 14:47:57 2026] [::1]:59750 Accepted
[Mon Apr 20 14:47:57 2026] [::1]:59751 Accepted
[Mon Apr 20 14:47:57 2026] [::1]:59750 [200]: GET /wp-content/themes/tijus-theme/assets/images/shape/shape-6.png
[Mon Apr 20 14:47:57 2026] [::1]:59752 Accepted
[Mon Apr 20 14:47:57 2026] [::1]:59751 [200]: GET /wp-includes/js/hoverintent-js.min.js?ver=2.2.1
[Mon Apr 20 14:47:57 2026] [::1]:59753 Accepted
[Mon Apr 20 14:47:57 2026] [::1]:59752 [200]: GET /wp-includes/js/admin-bar.min.js?ver=6.9.4
[Mon Apr 20 14:47:57 2026] [::1]:59754 Accepted
[Mon Apr 20 14:47:57 2026] [::1]:59750 Closing
[Mon Apr 20 14:47:57 2026] [::1]:59753 [200]: GET /wp-includes/js/jquery/ui/core.min.js?ver=1.13.3
[Mon Apr 20 14:47:57 2026] [::1]:59755 Accepted
[Mon Apr 20 14:47:57 2026] [::1]:59751 Closing
[Mon Apr 20 14:47:57 2026] [::1]:59754 [200]: GET /wp-includes/js/jquery/ui/mouse.min.js?ver=1.13.3
[Mon Apr 20 14:47:57 2026] [::1]:59755 [200]: GET /wp-includes/js/jquery/ui/draggable.min.js?ver=1.13.3
[Mon Apr 20 14:47:57 2026] [::1]:59752 Closing
[Mon Apr 20 14:47:57 2026] [::1]:59753 Closing
[Mon Apr 20 14:47:57 2026] [::1]:59754 Closing
[Mon Apr 20 14:47:57 2026] [::1]:59755 Closing
[Mon Apr 20 14:47:57 2026] [::1]:59756 Accepted
[Mon Apr 20 14:47:57 2026] [::1]:59757 Accepted
[Mon Apr 20 14:47:57 2026] [::1]:59756 [200]: GET /wp-includes/js/underscore.min.js?ver=1.13.7
[Mon Apr 20 14:47:57 2026] [::1]:59758 Accepted
[Mon Apr 20 14:47:57 2026] [::1]:59757 [200]: GET /wp-includes/js/backbone.min.js?ver=1.6.0
[Mon Apr 20 14:47:57 2026] [::1]:59759 Accepted
[Mon Apr 20 14:47:57 2026] [::1]:59758 [200]: GET /wp-content/plugins/elementor/assets/lib/backbone/backbone.marionette.min.js?ver=2.4.5.e1
[Mon Apr 20 14:47:57 2026] [::1]:59760 Accepted
[Mon Apr 20 14:47:57 2026] [::1]:59756 Closing
[Mon Apr 20 14:47:57 2026] [::1]:59759 [200]: GET /wp-content/plugins/elementor/assets/lib/backbone/backbone.radio.min.js?ver=1.0.4
[Mon Apr 20 14:47:57 2026] [::1]:59761 Accepted
[Mon Apr 20 14:47:57 2026] [::1]:59757 Closing
[Mon Apr 20 14:47:57 2026] [::1]:59760 [200]: GET /wp-content/plugins/elementor/assets/js/common-modules.min.js?ver=4.0.2
[Mon Apr 20 14:47:57 2026] [::1]:59761 [200]: GET /wp-content/plugins/elementor/assets/js/web-cli.min.js?ver=4.0.2
[Mon Apr 20 14:47:57 2026] [::1]:59758 Closing
[Mon Apr 20 14:47:57 2026] [::1]:59759 Closing
[Mon Apr 20 14:47:57 2026] [::1]:59760 Closing
[Mon Apr 20 14:47:57 2026] [::1]:59761 Closing
[Mon Apr 20 14:47:57 2026] [::1]:59762 Accepted
[Mon Apr 20 14:47:57 2026] [::1]:59762 [200]: GET /wp-content/plugins/elementor/assets/lib/dialog/dialog.min.js?ver=4.9.4
[Mon Apr 20 14:47:57 2026] [::1]:59763 Accepted
[Mon Apr 20 14:47:57 2026] [::1]:59762 Closing
[Mon Apr 20 14:47:57 2026] [::1]:59763 [200]: GET /wp-includes/js/api-request.min.js?ver=6.9.4
[Mon Apr 20 14:47:57 2026] [::1]:59764 Accepted
[Mon Apr 20 14:47:57 2026] [::1]:59763 Closing
[Mon Apr 20 14:47:57 2026] [::1]:59765 Accepted
[Mon Apr 20 14:47:57 2026] [::1]:59764 [200]: GET /wp-content/plugins/elementor/assets/js/dev-tools.min.js?ver=4.0.2
[Mon Apr 20 14:47:57 2026] [::1]:59764 Closing
[Mon Apr 20 14:47:57 2026] [::1]:59765 [200]: GET /wp-includes/js/dist/hooks.min.js?ver=dd5603f07f9220ed27f1
[Mon Apr 20 14:47:57 2026] [::1]:59765 Closing
[Mon Apr 20 14:47:57 2026] [::1]:59766 Accepted
[Mon Apr 20 14:47:57 2026] [::1]:59766 [200]: GET /wp-includes/js/dist/i18n.min.js?ver=c26c3dc7bed366793375
[Mon Apr 20 14:47:57 2026] [::1]:59766 Closing
[Mon Apr 20 14:47:57 2026] [::1]:59767 Accepted
[Mon Apr 20 14:47:57 2026] [::1]:59768 Accepted
[Mon Apr 20 14:47:57 2026] [::1]:59767 [200]: GET /wp-content/plugins/elementor/assets/js/common.min.js?ver=4.0.2
[Mon Apr 20 14:47:57 2026] [::1]:59768 [200]: GET /wp-content/plugins/elementor/assets/js/app-loader.min.js?ver=4.0.2
[Mon Apr 20 14:47:57 2026] [::1]:59769 Accepted
[Mon Apr 20 14:47:57 2026] [::1]:59770 Accepted
[Mon Apr 20 14:47:57 2026] [::1]:59769 [200]: GET /wp-content/themes/tijus-theme/assets/js/vendor/modernizr-3.11.2.min.js?ver=3.11.2
[Mon Apr 20 14:47:57 2026] [::1]:59771 Accepted
[Mon Apr 20 14:47:57 2026] [::1]:59768 Closing
[Mon Apr 20 14:47:57 2026] [::1]:59770 [200]: GET /wp-content/themes/tijus-theme/assets/js/plugins.min.js?ver=1.0.0
[Mon Apr 20 14:47:57 2026] [::1]:59769 Closing
[Mon Apr 20 14:47:57 2026] [::1]:59771 [200]: GET /wp-content/themes/tijus-theme/assets/js/main.js?ver=1.0.0
[Mon Apr 20 14:47:57 2026] [::1]:59772 Accepted
[Mon Apr 20 14:47:57 2026] [::1]:59767 Closing
[Mon Apr 20 14:47:57 2026] [::1]:59772 [200]: GET /wp-content/themes/tijus-theme/assets/images/shape/shape-24.png
[Mon Apr 20 14:47:57 2026] [::1]:59770 Closing
[Mon Apr 20 14:47:57 2026] [::1]:59771 Closing
[Mon Apr 20 14:47:57 2026] [::1]:59772 Closing
[Mon Apr 20 14:47:57 2026] [::1]:59773 Accepted
[Mon Apr 20 14:47:57 2026] [::1]:59774 Accepted
[Mon Apr 20 14:47:57 2026] [::1]:59775 Accepted
[Mon Apr 20 14:47:57 2026] [::1]:59776 Accepted
[Mon Apr 20 14:47:57 2026] [::1]:59773 [200]: GET /wp-content/themes/tijus-theme/assets/images/author/author-11.jpg
[Mon Apr 20 14:47:57 2026] [::1]:59774 [200]: GET /wp-content/themes/tijus-theme/assets/images/shape/shape-21.png
[Mon Apr 20 14:47:57 2026] [::1]:59775 [200]: GET /wp-content/themes/tijus-theme/assets/images/shape/shape-22.png
[Mon Apr 20 14:47:57 2026] [::1]:59777 Accepted
[Mon Apr 20 14:47:57 2026] [::1]:59776 [200]: GET /wp-content/themes/tijus-theme/assets/images/shape/shape-1.png
[Mon Apr 20 14:47:57 2026] [::1]:59773 Closing
[Mon Apr 20 14:47:57 2026] [::1]:59777 [200]: GET /wp-content/themes/tijus-theme/assets/images/shape/shape-2.png
[Mon Apr 20 14:47:57 2026] [::1]:59778 Accepted
[Mon Apr 20 14:47:57 2026] [::1]:59774 Closing
[Mon Apr 20 14:47:57 2026] [::1]:59775 Closing
[Mon Apr 20 14:47:57 2026] [::1]:59776 Closing
[Mon Apr 20 14:47:57 2026] [::1]:59777 Closing
[Mon Apr 20 14:47:57 2026] [::1]:59778 [200]: GET /wp-content/themes/tijus-theme/assets/images/shape/shape-3.png
[Mon Apr 20 14:47:57 2026] [::1]:59778 Closing
[Mon Apr 20 14:47:57 2026] [::1]:59779 Accepted
[Mon Apr 20 14:47:57 2026] [::1]:59779 [200]: GET /wp-content/themes/tijus-theme/assets/fonts/flaticon.ttf?655915d50ed0facf464660ba648373b0
[Mon Apr 20 14:47:57 2026] [::1]:59780 Accepted
[Mon Apr 20 14:47:57 2026] [::1]:59780 [200]: GET /wp-content/themes/tijus-theme/assets/fonts/icofont.woff2
[Mon Apr 20 14:47:57 2026] [::1]:59779 Closing
[Mon Apr 20 14:47:57 2026] [::1]:59780 Closing
[Mon Apr 20 14:47:58 2026] [::1]:59781 Accepted
[Mon Apr 20 14:47:58 2026] [::1]:59781 [200]: GET /wp-includes/js/wp-emoji-release.min.js?ver=6.9.4
[Mon Apr 20 14:47:58 2026] [::1]:59781 Closing
[Mon Apr 20 14:47:58 2026] [::1]:59782 Accepted
[Mon Apr 20 14:47:58 2026] [::1]:59782 [200]: GET /wp-content/themes/tijus-theme/assets/images/favicon.ico
[Mon Apr 20 14:47:58 2026] [::1]:59782 Closing
[Mon Apr 20 14:48:07 2026] [::1]:59787 Accepted
[Mon Apr 20 14:48:08 2026] [::1]:59787 Closing
[Mon Apr 20 14:48:08 2026] [::1]:59788 Accepted
[Mon Apr 20 14:48:08 2026] [::1]:59788 [200]: GET /wp-content/themes/tijus-theme/assets/css/vendor/plugins.min.css
[Mon Apr 20 14:48:08 2026] [::1]:59788 Closing
[Mon Apr 20 14:48:08 2026] [::1]:59790 Accepted
[Mon Apr 20 14:48:08 2026] [::1]:59791 Accepted
[Mon Apr 20 14:48:08 2026] [::1]:59792 Accepted
[Mon Apr 20 14:48:08 2026] [::1]:59790 [200]: GET /wp-content/themes/tijus-theme/assets/css/style.min.css
[Mon Apr 20 14:48:08 2026] [::1]:59793 Accepted
[Mon Apr 20 14:48:08 2026] [::1]:59791 [200]: GET /wp-includes/css/dashicons.min.css?ver=6.9.4
[Mon Apr 20 14:48:08 2026] [::1]:59792 [200]: GET /wp-includes/css/admin-bar.min.css?ver=6.9.4
[Mon Apr 20 14:48:08 2026] [::1]:59794 Accepted
[Mon Apr 20 14:48:08 2026] [::1]:59793 [200]: GET /wp-content/plugins/elementor/assets/lib/eicons/css/elementor-icons.min.css?ver=5.48.0
[Mon Apr 20 14:48:08 2026] [::1]:59794 [200]: GET /wp-content/plugins/elementor/assets/css/common.min.css?ver=4.0.2
[Mon Apr 20 14:48:08 2026] [::1]:59791 Closing
[Mon Apr 20 14:48:08 2026] [::1]:59792 Closing
[Mon Apr 20 14:48:08 2026] [::1]:59793 Closing
[Mon Apr 20 14:48:08 2026] [::1]:59790 Closing
[Mon Apr 20 14:48:08 2026] [::1]:59794 Closing
[Mon Apr 20 14:48:08 2026] [::1]:59795 Accepted
[Mon Apr 20 14:48:08 2026] [::1]:59796 Accepted
[Mon Apr 20 14:48:08 2026] [::1]:59795 [200]: GET /wp-content/plugins/elementor/assets/css/theme-light.min.css?ver=4.0.2
[Mon Apr 20 14:48:08 2026] [::1]:59796 [200]: GET /wp-includes/css/dist/block-library/style.min.css?ver=6.9.4
[Mon Apr 20 14:48:08 2026] [::1]:59797 Accepted
[Mon Apr 20 14:48:08 2026] [::1]:59795 Closing
[Mon Apr 20 14:48:08 2026] [::1]:59796 Closing
[Mon Apr 20 14:48:08 2026] [::1]:59797 [200]: GET /wp-content/themes/tijus-theme/style.css?ver=1.0.0
[Mon Apr 20 14:48:08 2026] [::1]:59798 Accepted
[Mon Apr 20 14:48:08 2026] [::1]:59797 Closing
[Mon Apr 20 14:48:08 2026] [::1]:59798 [200]: GET /wp-includes/js/jquery/jquery.min.js?ver=3.7.1
[Mon Apr 20 14:48:08 2026] [::1]:59799 Accepted
[Mon Apr 20 14:48:08 2026] [::1]:59798 Closing
[Mon Apr 20 14:48:08 2026] [::1]:59799 [200]: GET /wp-includes/js/jquery/jquery-migrate.min.js?ver=3.4.1
[Mon Apr 20 14:48:08 2026] [::1]:59799 Closing
[Mon Apr 20 14:48:08 2026] [::1]:59800 Accepted
[Mon Apr 20 14:48:08 2026] [::1]:59801 Accepted
[Mon Apr 20 14:48:08 2026] [::1]:59800 [200]: GET /wp-content/uploads/2026/04/logo.webp
[Mon Apr 20 14:48:08 2026] [::1]:59801 [200]: GET /wp-content/themes/tijus-theme/assets/images/shape/shape-8.png
[Mon Apr 20 14:48:08 2026] [::1]:59800 Closing
[Mon Apr 20 14:48:08 2026] [::1]:59801 Closing
[Mon Apr 20 14:48:08 2026] [::1]:59802 Accepted
[Mon Apr 20 14:48:08 2026] [::1]:59803 Accepted
[Mon Apr 20 14:48:08 2026] [::1]:59802 [200]: GET /wp-content/themes/tijus-theme/assets/images/shape/shape-4.png
[Mon Apr 20 14:48:08 2026] [::1]:59803 [200]: GET /wp-content/themes/tijus-theme/assets/images/shape/shape-5.png
[Mon Apr 20 14:48:08 2026] [::1]:59802 Closing
[Mon Apr 20 14:48:08 2026] [::1]:59803 Closing
[Mon Apr 20 14:48:08 2026] [::1]:59804 Accepted
[Mon Apr 20 14:48:08 2026] [::1]:59804 [200]: GET /wp-content/themes/tijus-theme/assets/images/slider/slider-1.png
[Mon Apr 20 14:48:08 2026] [::1]:59805 Accepted
[Mon Apr 20 14:48:08 2026] [::1]:59805 [200]: GET /wp-includes/js/hoverintent-js.min.js?ver=2.2.1
[Mon Apr 20 14:48:08 2026] [::1]:59804 Closing
[Mon Apr 20 14:48:08 2026] [::1]:59805 Closing
[Mon Apr 20 14:48:08 2026] [::1]:59806 Accepted
[Mon Apr 20 14:48:08 2026] [::1]:59806 [200]: GET /wp-includes/js/admin-bar.min.js?ver=6.9.4
[Mon Apr 20 14:48:08 2026] [::1]:59806 Closing
[Mon Apr 20 14:48:08 2026] [::1]:59807 Accepted
[Mon Apr 20 14:48:08 2026] [::1]:59808 Accepted
[Mon Apr 20 14:48:08 2026] [::1]:59809 Accepted
[Mon Apr 20 14:48:08 2026] [::1]:59807 [200]: GET /wp-includes/js/jquery/ui/core.min.js?ver=1.13.3
[Mon Apr 20 14:48:08 2026] [::1]:59808 [200]: GET /wp-includes/js/jquery/ui/mouse.min.js?ver=1.13.3
[Mon Apr 20 14:48:08 2026] [::1]:59809 [200]: GET /wp-includes/js/jquery/ui/draggable.min.js?ver=1.13.3
[Mon Apr 20 14:48:08 2026] [::1]:59807 Closing
[Mon Apr 20 14:48:08 2026] [::1]:59808 Closing
[Mon Apr 20 14:48:08 2026] [::1]:59809 Closing
[Mon Apr 20 14:48:08 2026] [::1]:59810 Accepted
[Mon Apr 20 14:48:08 2026] [::1]:59810 [200]: GET /wp-includes/js/underscore.min.js?ver=1.13.7
[Mon Apr 20 14:48:08 2026] [::1]:59810 Closing
[Mon Apr 20 14:48:08 2026] [::1]:59811 Accepted
[Mon Apr 20 14:48:08 2026] [::1]:59811 [200]: GET /wp-includes/js/backbone.min.js?ver=1.6.0
[Mon Apr 20 14:48:08 2026] [::1]:59811 Closing
[Mon Apr 20 14:48:08 2026] [::1]:59812 Accepted
[Mon Apr 20 14:48:08 2026] [::1]:59812 [200]: GET /wp-content/plugins/elementor/assets/lib/backbone/backbone.marionette.min.js?ver=2.4.5.e1
[Mon Apr 20 14:48:08 2026] [::1]:59812 Closing
[Mon Apr 20 14:48:08 2026] [::1]:59813 Accepted
[Mon Apr 20 14:48:08 2026] [::1]:59813 [200]: GET /wp-content/plugins/elementor/assets/lib/backbone/backbone.radio.min.js?ver=1.0.4
[Mon Apr 20 14:48:08 2026] [::1]:59814 Accepted
[Mon Apr 20 14:48:08 2026] [::1]:59813 Closing
[Mon Apr 20 14:48:08 2026] [::1]:59814 [200]: GET /wp-content/plugins/elementor/assets/js/common-modules.min.js?ver=4.0.2
[Mon Apr 20 14:48:08 2026] [::1]:59814 Closing
[Mon Apr 20 14:48:08 2026] [::1]:59815 Accepted
[Mon Apr 20 14:48:08 2026] [::1]:59816 Accepted
[Mon Apr 20 14:48:08 2026] [::1]:59815 [200]: GET /wp-content/plugins/elementor/assets/js/web-cli.min.js?ver=4.0.2
[Mon Apr 20 14:48:08 2026] [::1]:59817 Accepted
[Mon Apr 20 14:48:08 2026] [::1]:59816 [200]: GET /wp-content/plugins/elementor/assets/lib/dialog/dialog.min.js?ver=4.9.4
[Mon Apr 20 14:48:08 2026] [::1]:59815 Closing
[Mon Apr 20 14:48:08 2026] [::1]:59816 Closing
[Mon Apr 20 14:48:08 2026] [::1]:59817 [200]: GET /wp-includes/js/api-request.min.js?ver=6.9.4
[Mon Apr 20 14:48:08 2026] [::1]:59817 Closing
[Mon Apr 20 14:48:08 2026] [::1]:59818 Accepted
[Mon Apr 20 14:48:08 2026] [::1]:59819 Accepted
[Mon Apr 20 14:48:08 2026] [::1]:59818 [200]: GET /wp-content/plugins/elementor/assets/js/dev-tools.min.js?ver=4.0.2
[Mon Apr 20 14:48:08 2026] [::1]:59820 Accepted
[Mon Apr 20 14:48:08 2026] [::1]:59819 [200]: GET /wp-includes/js/dist/hooks.min.js?ver=dd5603f07f9220ed27f1
[Mon Apr 20 14:48:08 2026] [::1]:59821 Accepted
[Mon Apr 20 14:48:08 2026] [::1]:59818 Closing
[Mon Apr 20 14:48:08 2026] [::1]:59820 [200]: GET /wp-includes/js/dist/i18n.min.js?ver=c26c3dc7bed366793375
[Mon Apr 20 14:48:08 2026] [::1]:59822 Accepted
[Mon Apr 20 14:48:08 2026] [::1]:59821 [200]: GET /wp-content/plugins/elementor/assets/js/common.min.js?ver=4.0.2
[Mon Apr 20 14:48:08 2026] [::1]:59823 Accepted
[Mon Apr 20 14:48:08 2026] [::1]:59819 Closing
[Mon Apr 20 14:48:08 2026] [::1]:59822 [200]: GET /wp-content/plugins/elementor/assets/js/app-loader.min.js?ver=4.0.2
[Mon Apr 20 14:48:08 2026] [::1]:59820 Closing
[Mon Apr 20 14:48:08 2026] [::1]:59823 [200]: GET /wp-content/themes/tijus-theme/assets/js/vendor/modernizr-3.11.2.min.js?ver=3.11.2
[Mon Apr 20 14:48:08 2026] [::1]:59822 Closing
[Mon Apr 20 14:48:08 2026] [::1]:59823 Closing
[Mon Apr 20 14:48:08 2026] [::1]:59821 Closing
[Mon Apr 20 14:48:08 2026] [::1]:59824 Accepted
[Mon Apr 20 14:48:08 2026] [::1]:59825 Accepted
[Mon Apr 20 14:48:08 2026] [::1]:59824 [200]: GET /wp-content/themes/tijus-theme/assets/js/plugins.min.js?ver=1.0.0
[Mon Apr 20 14:48:08 2026] [::1]:59825 [200]: GET /wp-content/themes/tijus-theme/assets/js/main.js?ver=1.0.0
[Mon Apr 20 14:48:08 2026] [::1]:59824 Closing
[Mon Apr 20 14:48:08 2026] [::1]:59825 Closing
[Mon Apr 20 14:48:08 2026] [::1]:59826 Accepted
[Mon Apr 20 14:48:08 2026] [::1]:59826 [200]: GET /wp-content/themes/tijus-theme/assets/images/shape/shape-12.png
[Mon Apr 20 14:48:08 2026] [::1]:59827 Accepted
[Mon Apr 20 14:48:08 2026] [::1]:59828 Accepted
[Mon Apr 20 14:48:08 2026] [::1]:59826 Closing
[Mon Apr 20 14:48:08 2026] [::1]:59827 [200]: GET /wp-content/themes/tijus-theme/assets/images/shape/shape-2.png
[Mon Apr 20 14:48:08 2026] [::1]:59829 Accepted
[Mon Apr 20 14:48:08 2026] [::1]:59828 [200]: GET /wp-content/themes/tijus-theme/assets/images/shape/shape-3.png
[Mon Apr 20 14:48:08 2026] [::1]:59829 [200]: GET /wp-content/themes/tijus-theme/assets/images/shape/shape-13.svg
[Mon Apr 20 14:48:08 2026] [::1]:59827 Closing
[Mon Apr 20 14:48:08 2026] [::1]:59828 Closing
[Mon Apr 20 14:48:08 2026] [::1]:59830 Accepted
[Mon Apr 20 14:48:08 2026] [::1]:59829 Closing
[Mon Apr 20 14:48:08 2026] [::1]:59830 [200]: GET /wp-content/themes/tijus-theme/assets/images/shape/shape-1.png
[Mon Apr 20 14:48:08 2026] [::1]:59830 Closing
[Mon Apr 20 14:48:08 2026] [::1]:59831 Accepted
[Mon Apr 20 14:48:08 2026] [::1]:59832 Accepted
[Mon Apr 20 14:48:08 2026] [::1]:59831 [200]: GET /wp-content/themes/tijus-theme/assets/images/author/author-01.jpg
[Mon Apr 20 14:48:08 2026] [::1]:59833 Accepted
[Mon Apr 20 14:48:08 2026] [::1]:59832 [200]: GET /wp-content/themes/tijus-theme/assets/images/author/author-03.jpg
[Mon Apr 20 14:48:08 2026] [::1]:59833 [200]: GET /wp-content/themes/tijus-theme/assets/images/author/author-02.jpg
[Mon Apr 20 14:48:08 2026] [::1]:59831 Closing
[Mon Apr 20 14:48:08 2026] [::1]:59834 Accepted
[Mon Apr 20 14:48:08 2026] [::1]:59832 Closing
[Mon Apr 20 14:48:08 2026] [::1]:59835 Accepted
[Mon Apr 20 14:48:08 2026] [::1]:59834 [200]: GET /wp-content/themes/tijus-theme/assets/images/author/author-04.jpg
[Mon Apr 20 14:48:08 2026] [::1]:59833 Closing
[Mon Apr 20 14:48:08 2026] [::1]:59836 Accepted
[Mon Apr 20 14:48:08 2026] [::1]:59835 [200]: GET /wp-content/themes/tijus-theme/assets/images/author/author-05.jpg
[Mon Apr 20 14:48:08 2026] [::1]:59836 [200]: GET /wp-content/themes/tijus-theme/assets/fonts/flaticon.ttf?655915d50ed0facf464660ba648373b0
[Mon Apr 20 14:48:08 2026] [::1]:59834 Closing
[Mon Apr 20 14:48:08 2026] [::1]:59837 Accepted
[Mon Apr 20 14:48:08 2026] [::1]:59835 Closing
[Mon Apr 20 14:48:08 2026] [::1]:59836 Closing
[Mon Apr 20 14:48:08 2026] [::1]:59837 [200]: GET /wp-content/themes/tijus-theme/assets/fonts/icofont.woff2
[Mon Apr 20 14:48:08 2026] [::1]:59838 Accepted
[Mon Apr 20 14:48:08 2026] [::1]:59837 Closing
[Mon Apr 20 14:48:08 2026] [::1]:59838 [200]: GET /wp-content/themes/tijus-theme/assets/images/author/author-06.jpg
[Mon Apr 20 14:48:08 2026] [::1]:59839 Accepted
[Mon Apr 20 14:48:08 2026] [::1]:59839 [200]: GET /wp-content/themes/tijus-theme/assets/images/author/author-07.jpg
[Mon Apr 20 14:48:08 2026] [::1]:59838 Closing
[Mon Apr 20 14:48:08 2026] [::1]:59840 Accepted
[Mon Apr 20 14:48:08 2026] [::1]:59841 Accepted
[Mon Apr 20 14:48:08 2026] [::1]:59840 [200]: GET /wp-content/themes/tijus-theme/assets/images/shape/shape-14.png
[Mon Apr 20 14:48:08 2026] [::1]:59839 Closing
[Mon Apr 20 14:48:08 2026] [::1]:59841 [200]: GET /wp-content/themes/tijus-theme/assets/images/google-play.png
[Mon Apr 20 14:48:08 2026] [::1]:59842 Accepted
[Mon Apr 20 14:48:08 2026] [::1]:59840 Closing
[Mon Apr 20 14:48:08 2026] [::1]:59843 Accepted
[Mon Apr 20 14:48:08 2026] [::1]:59841 Closing
[Mon Apr 20 14:48:08 2026] [::1]:59842 [200]: GET /wp-content/themes/tijus-theme/assets/images/app-store.png
[Mon Apr 20 14:48:08 2026] [::1]:59843 [200]: GET /wp-content/themes/tijus-theme/assets/images/shape/shape-19.png
[Mon Apr 20 14:48:08 2026] [::1]:59842 Closing
[Mon Apr 20 14:48:08 2026] [::1]:59843 Closing
[Mon Apr 20 14:48:08 2026] [::1]:59844 Accepted
[Mon Apr 20 14:48:08 2026] [::1]:59845 Accepted
[Mon Apr 20 14:48:08 2026] [::1]:59844 [200]: GET /wp-content/themes/tijus-theme/assets/images/shape/shape-20.png
[Mon Apr 20 14:48:08 2026] [::1]:59844 Closing
[Mon Apr 20 14:48:08 2026] [::1]:59845 [200]: GET /wp-content/themes/tijus-theme/assets/images/brand/brand-01.png
[Mon Apr 20 14:48:08 2026] [::1]:59845 Closing
[Mon Apr 20 14:48:08 2026] [::1]:59846 Accepted
[Mon Apr 20 14:48:08 2026] [::1]:59847 Accepted
[Mon Apr 20 14:48:08 2026] [::1]:59846 [200]: GET /wp-content/themes/tijus-theme/assets/images/brand/brand-02.png
[Mon Apr 20 14:48:08 2026] [::1]:59848 Accepted
[Mon Apr 20 14:48:08 2026] [::1]:59847 [200]: GET /wp-content/themes/tijus-theme/assets/images/brand/brand-03.png
[Mon Apr 20 14:48:08 2026] [::1]:59849 Accepted
[Mon Apr 20 14:48:08 2026] [::1]:59846 Closing
[Mon Apr 20 14:48:08 2026] [::1]:59848 [200]: GET /wp-content/themes/tijus-theme/assets/images/brand/brand-04.png
[Mon Apr 20 14:48:08 2026] [::1]:59850 Accepted
[Mon Apr 20 14:48:08 2026] [::1]:59847 Closing
[Mon Apr 20 14:48:08 2026] [::1]:59849 [200]: GET /wp-content/themes/tijus-theme/assets/images/brand/brand-05.png
[Mon Apr 20 14:48:08 2026] [::1]:59848 Closing
[Mon Apr 20 14:48:08 2026] [::1]:59850 [200]: GET /wp-content/themes/tijus-theme/assets/images/brand/brand-06.png
[Mon Apr 20 14:48:08 2026] [::1]:59849 Closing
[Mon Apr 20 14:48:08 2026] [::1]:59851 Accepted
[Mon Apr 20 14:48:08 2026] [::1]:59852 Accepted
[Mon Apr 20 14:48:08 2026] [::1]:59851 [200]: GET /wp-content/themes/tijus-theme/assets/images/shape/shape-21.png
[Mon Apr 20 14:48:08 2026] [::1]:59850 Closing
[Mon Apr 20 14:48:08 2026] [::1]:59853 Accepted
[Mon Apr 20 14:48:08 2026] [::1]:59852 [200]: GET /wp-content/themes/tijus-theme/assets/images/shape/shape-22.png
[Mon Apr 20 14:48:08 2026] [::1]:59853 [200]: GET /wp-content/themes/tijus-theme/assets/images/shape/shape-18.png
[Mon Apr 20 14:48:08 2026] [::1]:59851 Closing
[Mon Apr 20 14:48:08 2026] [::1]:59852 Closing
[Mon Apr 20 14:48:08 2026] [::1]:59853 Closing
[Mon Apr 20 14:48:08 2026] [::1]:59854 Accepted
[Mon Apr 20 14:48:08 2026] [::1]:59854 [200]: GET /wp-includes/js/wp-emoji-release.min.js?ver=6.9.4
[Mon Apr 20 14:48:08 2026] [::1]:59854 Closing
[Mon Apr 20 14:48:08 2026] [::1]:59855 Accepted
[Mon Apr 20 14:48:08 2026] [::1]:59855 [200]: GET /wp-content/themes/tijus-theme/assets/images/favicon.ico
[Mon Apr 20 14:48:08 2026] [::1]:59855 Closing
[Mon Apr 20 14:48:36 2026] [::1]:59860 Accepted
[Mon Apr 20 14:48:36 2026] [::1]:59860 Closing
[Mon Apr 20 14:48:36 2026] [::1]:59861 Accepted
[Mon Apr 20 14:48:36 2026] [::1]:59861 [200]: GET /wp-content/themes/tijus-theme/assets/css/vendor/plugins.min.css
[Mon Apr 20 14:48:36 2026] [::1]:59863 Accepted
[Mon Apr 20 14:48:36 2026] [::1]:59861 Closing
[Mon Apr 20 14:48:36 2026] [::1]:59864 Accepted
[Mon Apr 20 14:48:36 2026] [::1]:59863 [200]: GET /wp-content/themes/tijus-theme/assets/css/style.min.css
[Mon Apr 20 14:48:36 2026] [::1]:59865 Accepted
[Mon Apr 20 14:48:36 2026] [::1]:59864 [200]: GET /wp-includes/css/dashicons.min.css?ver=6.9.4
[Mon Apr 20 14:48:36 2026] [::1]:59866 Accepted
[Mon Apr 20 14:48:36 2026] [::1]:59865 [200]: GET /wp-includes/css/admin-bar.min.css?ver=6.9.4
[Mon Apr 20 14:48:36 2026] [::1]:59867 Accepted
[Mon Apr 20 14:48:36 2026] [::1]:59866 [200]: GET /wp-content/plugins/elementor/assets/lib/eicons/css/elementor-icons.min.css?ver=5.48.0
[Mon Apr 20 14:48:36 2026] [::1]:59864 Closing
[Mon Apr 20 14:48:36 2026] [::1]:59867 [200]: GET /wp-content/plugins/elementor/assets/css/common.min.css?ver=4.0.2
[Mon Apr 20 14:48:36 2026] [::1]:59868 Accepted
[Mon Apr 20 14:48:36 2026] [::1]:59865 Closing
[Mon Apr 20 14:48:36 2026] [::1]:59863 Closing
[Mon Apr 20 14:48:36 2026] [::1]:59868 [200]: GET /wp-content/plugins/elementor/assets/css/theme-light.min.css?ver=4.0.2
[Mon Apr 20 14:48:36 2026] [::1]:59866 Closing
[Mon Apr 20 14:48:36 2026] [::1]:59869 Accepted
[Mon Apr 20 14:48:36 2026] [::1]:59867 Closing
[Mon Apr 20 14:48:36 2026] [::1]:59870 Accepted
[Mon Apr 20 14:48:36 2026] [::1]:59868 Closing
[Mon Apr 20 14:48:36 2026] [::1]:59869 [200]: GET /wp-includes/css/dist/block-library/style.min.css?ver=6.9.4
[Mon Apr 20 14:48:36 2026] [::1]:59870 [200]: GET /wp-content/themes/tijus-theme/style.css?ver=1.0.0
[Mon Apr 20 14:48:36 2026] [::1]:59871 Accepted
[Mon Apr 20 14:48:36 2026] [::1]:59869 Closing
[Mon Apr 20 14:48:36 2026] [::1]:59871 [200]: GET /wp-includes/js/jquery/jquery.min.js?ver=3.7.1
[Mon Apr 20 14:48:36 2026] [::1]:59870 Closing
[Mon Apr 20 14:48:36 2026] [::1]:59872 Accepted
[Mon Apr 20 14:48:36 2026] [::1]:59871 Closing
[Mon Apr 20 14:48:36 2026] [::1]:59872 [200]: GET /wp-includes/js/jquery/jquery-migrate.min.js?ver=3.4.1
[Mon Apr 20 14:48:36 2026] [::1]:59872 Closing
[Mon Apr 20 14:48:36 2026] [::1]:59873 Accepted
[Mon Apr 20 14:48:36 2026] [::1]:59873 [200]: GET /wp-content/uploads/2026/04/logo.webp
[Mon Apr 20 14:48:36 2026] [::1]:59874 Accepted
[Mon Apr 20 14:48:36 2026] [::1]:59874 [200]: GET /wp-content/themes/tijus-theme/assets/images/shape/shape-8.png
[Mon Apr 20 14:48:36 2026] [::1]:59873 Closing
[Mon Apr 20 14:48:36 2026] [::1]:59874 Closing
[Mon Apr 20 14:48:36 2026] [::1]:59875 Accepted
[Mon Apr 20 14:48:36 2026] [::1]:59876 Accepted
[Mon Apr 20 14:48:36 2026] [::1]:59875 [200]: GET /wp-content/themes/tijus-theme/assets/images/shape/shape-23.png
[Mon Apr 20 14:48:36 2026] [::1]:59876 [200]: GET /wp-content/themes/tijus-theme/assets/images/shape/shape-5.png
[Mon Apr 20 14:48:36 2026] [::1]:59875 Closing
[Mon Apr 20 14:48:36 2026] [::1]:59876 Closing
[Mon Apr 20 14:48:36 2026] [::1]:59877 Accepted
[Mon Apr 20 14:48:36 2026] [::1]:59877 [200]: GET /wp-content/themes/tijus-theme/assets/images/shape/shape-6.png
[Mon Apr 20 14:48:36 2026] [::1]:59878 Accepted
[Mon Apr 20 14:48:36 2026] [::1]:59877 Closing
[Mon Apr 20 14:48:36 2026] [::1]:59879 Accepted
[Mon Apr 20 14:48:36 2026] [::1]:59878 [200]: GET /wp-includes/js/hoverintent-js.min.js?ver=2.2.1
[Mon Apr 20 14:48:36 2026] [::1]:59880 Accepted
[Mon Apr 20 14:48:36 2026] [::1]:59879 [200]: GET /wp-includes/js/admin-bar.min.js?ver=6.9.4
[Mon Apr 20 14:48:36 2026] [::1]:59881 Accepted
[Mon Apr 20 14:48:36 2026] [::1]:59880 [200]: GET /wp-includes/js/jquery/ui/core.min.js?ver=1.13.3
[Mon Apr 20 14:48:36 2026] [::1]:59882 Accepted
[Mon Apr 20 14:48:36 2026] [::1]:59878 Closing
[Mon Apr 20 14:48:36 2026] [::1]:59881 [200]: GET /wp-includes/js/jquery/ui/mouse.min.js?ver=1.13.3
[Mon Apr 20 14:48:36 2026] [::1]:59883 Accepted
[Mon Apr 20 14:48:36 2026] [::1]:59879 Closing
[Mon Apr 20 14:48:36 2026] [::1]:59882 [200]: GET /wp-includes/js/jquery/ui/draggable.min.js?ver=1.13.3
[Mon Apr 20 14:48:36 2026] [::1]:59883 [200]: GET /wp-includes/js/underscore.min.js?ver=1.13.7
[Mon Apr 20 14:48:36 2026] [::1]:59880 Closing
[Mon Apr 20 14:48:36 2026] [::1]:59881 Closing
[Mon Apr 20 14:48:36 2026] [::1]:59884 Accepted
[Mon Apr 20 14:48:36 2026] [::1]:59882 Closing
[Mon Apr 20 14:48:36 2026] [::1]:59884 [200]: GET /wp-includes/js/backbone.min.js?ver=1.6.0
[Mon Apr 20 14:48:36 2026] [::1]:59883 Closing
[Mon Apr 20 14:48:36 2026] [::1]:59885 Accepted
[Mon Apr 20 14:48:36 2026] [::1]:59884 Closing
[Mon Apr 20 14:48:36 2026] [::1]:59886 Accepted
[Mon Apr 20 14:48:36 2026] [::1]:59885 [200]: GET /wp-content/plugins/elementor/assets/lib/backbone/backbone.marionette.min.js?ver=2.4.5.e1
[Mon Apr 20 14:48:36 2026] [::1]:59886 [200]: GET /wp-content/plugins/elementor/assets/lib/backbone/backbone.radio.min.js?ver=1.0.4
[Mon Apr 20 14:48:36 2026] [::1]:59885 Closing
[Mon Apr 20 14:48:36 2026] [::1]:59887 Accepted
[Mon Apr 20 14:48:36 2026] [::1]:59886 Closing
[Mon Apr 20 14:48:36 2026] [::1]:59887 [200]: GET /wp-content/plugins/elementor/assets/js/common-modules.min.js?ver=4.0.2
[Mon Apr 20 14:48:36 2026] [::1]:59888 Accepted
[Mon Apr 20 14:48:36 2026] [::1]:59889 Accepted
[Mon Apr 20 14:48:36 2026] [::1]:59887 Closing
[Mon Apr 20 14:48:36 2026] [::1]:59888 [200]: GET /wp-content/plugins/elementor/assets/js/web-cli.min.js?ver=4.0.2
[Mon Apr 20 14:48:36 2026] [::1]:59889 [200]: GET /wp-content/plugins/elementor/assets/lib/dialog/dialog.min.js?ver=4.9.4
[Mon Apr 20 14:48:36 2026] [::1]:59890 Accepted
[Mon Apr 20 14:48:36 2026] [::1]:59891 Accepted
[Mon Apr 20 14:48:36 2026] [::1]:59888 Closing
[Mon Apr 20 14:48:36 2026] [::1]:59889 Closing
[Mon Apr 20 14:48:36 2026] [::1]:59890 [200]: GET /wp-includes/js/api-request.min.js?ver=6.9.4
[Mon Apr 20 14:48:36 2026] [::1]:59891 [200]: GET /wp-content/plugins/elementor/assets/js/dev-tools.min.js?ver=4.0.2
[Mon Apr 20 14:48:36 2026] [::1]:59890 Closing
[Mon Apr 20 14:48:36 2026] [::1]:59891 Closing
[Mon Apr 20 14:48:36 2026] [::1]:59892 Accepted
[Mon Apr 20 14:48:36 2026] [::1]:59893 Accepted
[Mon Apr 20 14:48:36 2026] [::1]:59892 [200]: GET /wp-includes/js/dist/hooks.min.js?ver=dd5603f07f9220ed27f1
[Mon Apr 20 14:48:36 2026] [::1]:59894 Accepted
[Mon Apr 20 14:48:36 2026] [::1]:59893 [200]: GET /wp-includes/js/dist/i18n.min.js?ver=c26c3dc7bed366793375
[Mon Apr 20 14:48:36 2026] [::1]:59895 Accepted
[Mon Apr 20 14:48:36 2026] [::1]:59894 [200]: GET /wp-content/plugins/elementor/assets/js/common.min.js?ver=4.0.2
[Mon Apr 20 14:48:36 2026] [::1]:59896 Accepted
[Mon Apr 20 14:48:36 2026] [::1]:59892 Closing
[Mon Apr 20 14:48:36 2026] [::1]:59895 [200]: GET /wp-content/plugins/elementor/assets/js/app-loader.min.js?ver=4.0.2
[Mon Apr 20 14:48:36 2026] [::1]:59893 Closing
[Mon Apr 20 14:48:36 2026] [::1]:59896 [200]: GET /wp-content/themes/tijus-theme/assets/js/vendor/modernizr-3.11.2.min.js?ver=3.11.2
[Mon Apr 20 14:48:36 2026] [::1]:59897 Accepted
[Mon Apr 20 14:48:36 2026] [::1]:59898 Accepted
[Mon Apr 20 14:48:36 2026] [::1]:59897 [200]: GET /wp-content/themes/tijus-theme/assets/js/plugins.min.js?ver=1.0.0
[Mon Apr 20 14:48:36 2026] [::1]:59895 Closing
[Mon Apr 20 14:48:36 2026] [::1]:59899 Accepted
[Mon Apr 20 14:48:36 2026] [::1]:59898 [200]: GET /wp-content/themes/tijus-theme/assets/images/shape/shape-24.png
[Mon Apr 20 14:48:36 2026] [::1]:59896 Closing
[Mon Apr 20 14:48:36 2026] [::1]:59900 Accepted
[Mon Apr 20 14:48:36 2026] [::1]:59899 [200]: GET /wp-content/themes/tijus-theme/assets/images/blog/blog-01.jpg
[Mon Apr 20 14:48:36 2026] [::1]:59901 Accepted
[Mon Apr 20 14:48:36 2026] [::1]:59900 [200]: GET /wp-content/themes/tijus-theme/assets/images/shape/shape-1.png
[Mon Apr 20 14:48:36 2026] [::1]:59894 Closing
[Mon Apr 20 14:48:36 2026] [::1]:59902 Accepted
[Mon Apr 20 14:48:36 2026] [::1]:59897 Closing
[Mon Apr 20 14:48:36 2026] [::1]:59898 Closing
[Mon Apr 20 14:48:36 2026] [::1]:59901 [200]: GET /wp-content/themes/tijus-theme/assets/fonts/flaticon.ttf?655915d50ed0facf464660ba648373b0
[Mon Apr 20 14:48:36 2026] [::1]:59903 Accepted
[Mon Apr 20 14:48:36 2026] [::1]:59899 Closing
[Mon Apr 20 14:48:36 2026] [::1]:59902 [200]: GET /wp-content/themes/tijus-theme/assets/fonts/icofont.woff2
[Mon Apr 20 14:48:36 2026] [::1]:59904 Accepted
[Mon Apr 20 14:48:36 2026] [::1]:59900 Closing
[Mon Apr 20 14:48:36 2026] [::1]:59903 [200]: GET /wp-content/themes/tijus-theme/assets/images/shape/shape-2.png
[Mon Apr 20 14:48:36 2026] [::1]:59905 Accepted
[Mon Apr 20 14:48:36 2026] [::1]:59904 [200]: GET /wp-content/themes/tijus-theme/assets/images/shape/shape-4.png
[Mon Apr 20 14:48:36 2026] [::1]:59901 Closing
[Mon Apr 20 14:48:36 2026] [::1]:59906 Accepted
[Mon Apr 20 14:48:36 2026] [::1]:59905 [200]: GET /wp-content/themes/tijus-theme/assets/images/shape/shape-3.png
[Mon Apr 20 14:48:36 2026] [::1]:59907 Accepted
[Mon Apr 20 14:48:36 2026] [::1]:59906 [200]: GET /wp-content/themes/tijus-theme/assets/images/author/author-11.jpg
[Mon Apr 20 14:48:36 2026] [::1]:59903 Closing
[Mon Apr 20 14:48:36 2026] [::1]:59904 Closing
[Mon Apr 20 14:48:36 2026] [::1]:59907 [200]: GET /wp-content/themes/tijus-theme/assets/js/main.js?ver=1.0.0
[Mon Apr 20 14:48:36 2026] [::1]:59905 Closing
[Mon Apr 20 14:48:36 2026] [::1]:59906 Closing
[Mon Apr 20 14:48:36 2026] [::1]:59902 Closing
[Mon Apr 20 14:48:36 2026] [::1]:59907 Closing
[Mon Apr 20 14:48:36 2026] [::1]:59908 Accepted
[Mon Apr 20 14:48:36 2026] [::1]:59908 [200]: GET /wp-content/themes/tijus-theme/assets/images/shape/shape-21.png
[Mon Apr 20 14:48:36 2026] [::1]:59908 Closing
[Mon Apr 20 14:48:36 2026] [::1]:59909 Accepted
[Mon Apr 20 14:48:36 2026] [::1]:59909 [200]: GET /wp-content/themes/tijus-theme/assets/images/shape/shape-22.png
[Mon Apr 20 14:48:36 2026] [::1]:59909 Closing
[Mon Apr 20 14:48:36 2026] [::1]:59910 Accepted
[Mon Apr 20 14:48:36 2026] [::1]:59910 [200]: GET /wp-includes/js/wp-emoji-release.min.js?ver=6.9.4
[Mon Apr 20 14:48:36 2026] [::1]:59910 Closing
[Mon Apr 20 14:48:36 2026] [::1]:59911 Accepted
[Mon Apr 20 14:48:36 2026] [::1]:59911 [200]: GET /wp-content/themes/tijus-theme/assets/images/favicon.ico
[Mon Apr 20 14:48:36 2026] [::1]:59911 Closing
[Mon Apr 20 14:48:40 2026] [::1]:59914 Accepted
[Mon Apr 20 14:48:41 2026] [::1]:59914 Closing
[Mon Apr 20 14:48:41 2026] [::1]:59915 Accepted
[Mon Apr 20 14:48:41 2026] [::1]:59915 [200]: GET /wp-content/themes/tijus-theme/assets/css/vendor/plugins.min.css
[Mon Apr 20 14:48:41 2026] [::1]:59915 Closing
[Mon Apr 20 14:48:41 2026] [::1]:59917 Accepted
[Mon Apr 20 14:48:41 2026] [::1]:59918 Accepted
[Mon Apr 20 14:48:41 2026] [::1]:59919 Accepted
[Mon Apr 20 14:48:41 2026] [::1]:59917 [200]: GET /wp-content/themes/tijus-theme/assets/css/style.min.css
[Mon Apr 20 14:48:41 2026] [::1]:59920 Accepted
[Mon Apr 20 14:48:41 2026] [::1]:59918 [200]: GET /wp-includes/css/dashicons.min.css?ver=6.9.4
[Mon Apr 20 14:48:41 2026] [::1]:59921 Accepted
[Mon Apr 20 14:48:41 2026] [::1]:59919 [200]: GET /wp-includes/css/admin-bar.min.css?ver=6.9.4
[Mon Apr 20 14:48:41 2026] [::1]:59920 [200]: GET /wp-content/plugins/elementor/assets/lib/eicons/css/elementor-icons.min.css?ver=5.48.0
[Mon Apr 20 14:48:41 2026] [::1]:59921 [200]: GET /wp-content/plugins/elementor/assets/css/common.min.css?ver=4.0.2
[Mon Apr 20 14:48:41 2026] [::1]:59918 Closing
[Mon Apr 20 14:48:41 2026] [::1]:59919 Closing
[Mon Apr 20 14:48:41 2026] [::1]:59917 Closing
[Mon Apr 20 14:48:41 2026] [::1]:59920 Closing
[Mon Apr 20 14:48:41 2026] [::1]:59921 Closing
[Mon Apr 20 14:48:41 2026] [::1]:59922 Accepted
[Mon Apr 20 14:48:41 2026] [::1]:59923 Accepted
[Mon Apr 20 14:48:41 2026] [::1]:59922 [200]: GET /wp-content/plugins/elementor/assets/css/theme-light.min.css?ver=4.0.2
[Mon Apr 20 14:48:41 2026] [::1]:59923 [200]: GET /wp-includes/css/dist/block-library/style.min.css?ver=6.9.4
[Mon Apr 20 14:48:41 2026] [::1]:59924 Accepted
[Mon Apr 20 14:48:41 2026] [::1]:59922 Closing
[Mon Apr 20 14:48:41 2026] [::1]:59923 Closing
[Mon Apr 20 14:48:41 2026] [::1]:59924 [200]: GET /wp-content/themes/tijus-theme/style.css?ver=1.0.0
[Mon Apr 20 14:48:41 2026] [::1]:59924 Closing
[Mon Apr 20 14:48:41 2026] [::1]:59925 Accepted
[Mon Apr 20 14:48:41 2026] [::1]:59926 Accepted
[Mon Apr 20 14:48:41 2026] [::1]:59925 [200]: GET /wp-includes/js/jquery/jquery.min.js?ver=3.7.1
[Mon Apr 20 14:48:41 2026] [::1]:59926 [200]: GET /wp-includes/js/jquery/jquery-migrate.min.js?ver=3.4.1
[Mon Apr 20 14:48:41 2026] [::1]:59925 Closing
[Mon Apr 20 14:48:41 2026] [::1]:59926 Closing
[Mon Apr 20 14:48:41 2026] [::1]:59927 Accepted
[Mon Apr 20 14:48:41 2026] [::1]:59927 [200]: GET /wp-content/uploads/2026/04/logo.webp
[Mon Apr 20 14:48:41 2026] [::1]:59928 Accepted
[Mon Apr 20 14:48:41 2026] [::1]:59928 [200]: GET /wp-content/themes/tijus-theme/assets/images/shape/shape-8.png
[Mon Apr 20 14:48:41 2026] [::1]:59927 Closing
[Mon Apr 20 14:48:41 2026] [::1]:59928 Closing
[Mon Apr 20 14:48:41 2026] [::1]:59929 Accepted
[Mon Apr 20 14:48:41 2026] [::1]:59930 Accepted
[Mon Apr 20 14:48:41 2026] [::1]:59929 [200]: GET /wp-content/themes/tijus-theme/assets/images/shape/shape-23.png
[Mon Apr 20 14:48:41 2026] [::1]:59930 [200]: GET /wp-content/themes/tijus-theme/assets/images/shape/shape-5.png
[Mon Apr 20 14:48:41 2026] [::1]:59929 Closing
[Mon Apr 20 14:48:41 2026] [::1]:59930 Closing
[Mon Apr 20 14:48:41 2026] [::1]:59931 Accepted
[Mon Apr 20 14:48:41 2026] [::1]:59931 [200]: GET /wp-content/themes/tijus-theme/assets/images/shape/shape-6.png
[Mon Apr 20 14:48:41 2026] [::1]:59931 Closing
[Mon Apr 20 14:48:41 2026] [::1]:59932 Accepted
[Mon Apr 20 14:48:41 2026] [::1]:59932 [200]: GET /wp-includes/js/hoverintent-js.min.js?ver=2.2.1
[Mon Apr 20 14:48:41 2026] [::1]:59933 Accepted
[Mon Apr 20 14:48:41 2026] [::1]:59932 Closing
[Mon Apr 20 14:48:41 2026] [::1]:59934 Accepted
[Mon Apr 20 14:48:41 2026] [::1]:59935 Accepted
[Mon Apr 20 14:48:41 2026] [::1]:59933 [200]: GET /wp-includes/js/admin-bar.min.js?ver=6.9.4
[Mon Apr 20 14:48:41 2026] [::1]:59933 Closing
[Mon Apr 20 14:48:41 2026] [::1]:59934 [200]: GET /wp-includes/js/jquery/ui/core.min.js?ver=1.13.3
[Mon Apr 20 14:48:41 2026] [::1]:59936 Accepted
[Mon Apr 20 14:48:41 2026] [::1]:59935 [200]: GET /wp-includes/js/jquery/ui/mouse.min.js?ver=1.13.3
[Mon Apr 20 14:48:41 2026] [::1]:59934 Closing
[Mon Apr 20 14:48:41 2026] [::1]:59935 Closing
[Mon Apr 20 14:48:41 2026] [::1]:59936 [200]: GET /wp-includes/js/jquery/ui/draggable.min.js?ver=1.13.3
[Mon Apr 20 14:48:41 2026] [::1]:59936 Closing
[Mon Apr 20 14:48:41 2026] [::1]:59937 Accepted
[Mon Apr 20 14:48:41 2026] [::1]:59938 Accepted
[Mon Apr 20 14:48:41 2026] [::1]:59937 [200]: GET /wp-includes/js/underscore.min.js?ver=1.13.7
[Mon Apr 20 14:48:41 2026] [::1]:59938 [200]: GET /wp-includes/js/backbone.min.js?ver=1.6.0
[Mon Apr 20 14:48:41 2026] [::1]:59937 Closing
[Mon Apr 20 14:48:41 2026] [::1]:59938 Closing
[Mon Apr 20 14:48:41 2026] [::1]:59939 Accepted
[Mon Apr 20 14:48:41 2026] [::1]:59939 [200]: GET /wp-content/plugins/elementor/assets/lib/backbone/backbone.marionette.min.js?ver=2.4.5.e1
[Mon Apr 20 14:48:41 2026] [::1]:59939 Closing
[Mon Apr 20 14:48:41 2026] [::1]:59940 Accepted
[Mon Apr 20 14:48:41 2026] [::1]:59941 Accepted
[Mon Apr 20 14:48:41 2026] [::1]:59940 [200]: GET /wp-content/plugins/elementor/assets/lib/backbone/backbone.radio.min.js?ver=1.0.4
[Mon Apr 20 14:48:41 2026] [::1]:59941 [200]: GET /wp-content/plugins/elementor/assets/js/common-modules.min.js?ver=4.0.2
[Mon Apr 20 14:48:41 2026] [::1]:59940 Closing
[Mon Apr 20 14:48:41 2026] [::1]:59941 Closing
[Mon Apr 20 14:48:41 2026] [::1]:59942 Accepted
[Mon Apr 20 14:48:41 2026] [::1]:59942 [200]: GET /wp-content/plugins/elementor/assets/js/web-cli.min.js?ver=4.0.2
[Mon Apr 20 14:48:41 2026] [::1]:59942 Closing
[Mon Apr 20 14:48:41 2026] [::1]:59943 Accepted
[Mon Apr 20 14:48:41 2026] [::1]:59944 Accepted
[Mon Apr 20 14:48:41 2026] [::1]:59943 [200]: GET /wp-content/plugins/elementor/assets/lib/dialog/dialog.min.js?ver=4.9.4
[Mon Apr 20 14:48:41 2026] [::1]:59943 Closing
[Mon Apr 20 14:48:41 2026] [::1]:59944 [200]: GET /wp-includes/js/api-request.min.js?ver=6.9.4
[Mon Apr 20 14:48:41 2026] [::1]:59945 Accepted
[Mon Apr 20 14:48:41 2026] [::1]:59944 Closing
[Mon Apr 20 14:48:41 2026] [::1]:59945 [200]: GET /wp-content/plugins/elementor/assets/js/dev-tools.min.js?ver=4.0.2
[Mon Apr 20 14:48:41 2026] [::1]:59945 Closing
[Mon Apr 20 14:48:41 2026] [::1]:59946 Accepted
[Mon Apr 20 14:48:41 2026] [::1]:59946 [200]: GET /wp-includes/js/dist/hooks.min.js?ver=dd5603f07f9220ed27f1
[Mon Apr 20 14:48:41 2026] [::1]:59947 Accepted
[Mon Apr 20 14:48:41 2026] [::1]:59947 [200]: GET /wp-includes/js/dist/i18n.min.js?ver=c26c3dc7bed366793375
[Mon Apr 20 14:48:41 2026] [::1]:59946 Closing
[Mon Apr 20 14:48:41 2026] [::1]:59947 Closing
[Mon Apr 20 14:48:41 2026] [::1]:59948 Accepted
[Mon Apr 20 14:48:41 2026] [::1]:59949 Accepted
[Mon Apr 20 14:48:41 2026] [::1]:59948 [200]: GET /wp-content/plugins/elementor/assets/js/common.min.js?ver=4.0.2
[Mon Apr 20 14:48:41 2026] [::1]:59950 Accepted
[Mon Apr 20 14:48:41 2026] [::1]:59949 [200]: GET /wp-content/plugins/elementor/assets/js/app-loader.min.js?ver=4.0.2
[Mon Apr 20 14:48:41 2026] [::1]:59951 Accepted
[Mon Apr 20 14:48:41 2026] [::1]:59949 Closing
[Mon Apr 20 14:48:41 2026] [::1]:59950 [200]: GET /wp-content/themes/tijus-theme/assets/js/vendor/modernizr-3.11.2.min.js?ver=3.11.2
[Mon Apr 20 14:48:41 2026] [::1]:59952 Accepted
[Mon Apr 20 14:48:41 2026] [::1]:59951 [200]: GET /wp-content/themes/tijus-theme/assets/js/plugins.min.js?ver=1.0.0
[Mon Apr 20 14:48:41 2026] [::1]:59953 Accepted
[Mon Apr 20 14:48:41 2026] [::1]:59952 [200]: GET /wp-content/themes/tijus-theme/assets/js/main.js?ver=1.0.0
[Mon Apr 20 14:48:41 2026] [::1]:59948 Closing
[Mon Apr 20 14:48:41 2026] [::1]:59950 Closing
[Mon Apr 20 14:48:41 2026] [::1]:59953 [200]: GET /wp-content/themes/tijus-theme/assets/images/shape/shape-24.png
[Mon Apr 20 14:48:41 2026] [::1]:59952 Closing
[Mon Apr 20 14:48:41 2026] [::1]:59951 Closing
[Mon Apr 20 14:48:41 2026] [::1]:59953 Closing
[Mon Apr 20 14:48:41 2026] [::1]:59954 Accepted
[Mon Apr 20 14:48:41 2026] [::1]:59954 [200]: GET /wp-content/themes/tijus-theme/assets/images/author/author-11.jpg
[Mon Apr 20 14:48:41 2026] [::1]:59954 Closing
[Mon Apr 20 14:48:41 2026] [::1]:59955 Accepted
[Mon Apr 20 14:48:41 2026] [::1]:59955 [200]: GET /wp-content/themes/tijus-theme/assets/images/courses/courses-01.jpg
[Mon Apr 20 14:48:41 2026] [::1]:59955 Closing
[Mon Apr 20 14:48:41 2026] [::1]:59956 Accepted
[Mon Apr 20 14:48:41 2026] [::1]:59957 Accepted
[Mon Apr 20 14:48:41 2026] [::1]:59958 Accepted
[Mon Apr 20 14:48:41 2026] [::1]:59956 [200]: GET /wp-content/themes/tijus-theme/assets/images/shape/shape-2.png
[Mon Apr 20 14:48:41 2026] [::1]:59957 [200]: GET /wp-content/themes/tijus-theme/assets/images/shape/shape-3.png
[Mon Apr 20 14:48:41 2026] [::1]:59959 Accepted
[Mon Apr 20 14:48:41 2026] [::1]:59958 [200]: GET /wp-content/themes/tijus-theme/assets/images/shape/shape-14.png
[Mon Apr 20 14:48:41 2026] [::1]:59960 Accepted
[Mon Apr 20 14:48:41 2026] [::1]:59959 [200]: GET /wp-content/themes/tijus-theme/assets/images/shape/shape-4.png
[Mon Apr 20 14:48:41 2026] [::1]:59961 Accepted
[Mon Apr 20 14:48:41 2026] [::1]:59956 Closing
[Mon Apr 20 14:48:41 2026] [::1]:59957 Closing
[Mon Apr 20 14:48:41 2026] [::1]:59960 [200]: GET /wp-content/themes/tijus-theme/assets/images/shape/shape-1.png
[Mon Apr 20 14:48:41 2026] [::1]:59962 Accepted
[Mon Apr 20 14:48:41 2026] [::1]:59958 Closing
[Mon Apr 20 14:48:41 2026] [::1]:59961 [200]: GET /wp-content/themes/tijus-theme/assets/fonts/flaticon.ttf?655915d50ed0facf464660ba648373b0
[Mon Apr 20 14:48:41 2026] [::1]:59963 Accepted
[Mon Apr 20 14:48:41 2026] [::1]:59959 Closing
[Mon Apr 20 14:48:41 2026] [::1]:59960 Closing
[Mon Apr 20 14:48:41 2026] [::1]:59962 [200]: GET /wp-content/themes/tijus-theme/assets/fonts/icofont.woff2
[Mon Apr 20 14:48:41 2026] [::1]:59961 Closing
[Mon Apr 20 14:48:41 2026] [::1]:59963 [200]: GET /wp-content/themes/tijus-theme/assets/images/google-play.png
[Mon Apr 20 14:48:41 2026] [::1]:59963 Closing
[Mon Apr 20 14:48:41 2026] [::1]:59962 Closing
[Mon Apr 20 14:48:41 2026] [::1]:59964 Accepted
[Mon Apr 20 14:48:41 2026] [::1]:59964 [200]: GET /wp-content/themes/tijus-theme/assets/images/app-store.png
[Mon Apr 20 14:48:41 2026] [::1]:59964 Closing
[Mon Apr 20 14:48:41 2026] [::1]:59965 Accepted
[Mon Apr 20 14:48:41 2026] [::1]:59966 Accepted
[Mon Apr 20 14:48:41 2026] [::1]:59965 [200]: GET /wp-content/themes/tijus-theme/assets/images/shape/shape-21.png
[Mon Apr 20 14:48:41 2026] [::1]:59965 Closing
[Mon Apr 20 14:48:41 2026] [::1]:59966 [200]: GET /wp-content/themes/tijus-theme/assets/images/shape/shape-22.png
[Mon Apr 20 14:48:41 2026] [::1]:59966 Closing
[Mon Apr 20 14:48:41 2026] [::1]:59967 Accepted
[Mon Apr 20 14:48:41 2026] [::1]:59967 [200]: GET /wp-includes/js/wp-emoji-release.min.js?ver=6.9.4
[Mon Apr 20 14:48:41 2026] [::1]:59967 Closing
[Mon Apr 20 14:48:41 2026] [::1]:59968 Accepted
[Mon Apr 20 14:48:41 2026] [::1]:59968 [200]: GET /wp-content/themes/tijus-theme/assets/images/favicon.ico
[Mon Apr 20 14:48:41 2026] [::1]:59968 Closing
[Mon Apr 20 14:48:44 2026] [::1]:59969 Accepted
[Mon Apr 20 14:48:44 2026] [::1]:59969 Closing
[Mon Apr 20 14:48:44 2026] [::1]:59970 Accepted
[Mon Apr 20 14:48:45 2026] [::1]:59970 Closing
[Mon Apr 20 14:48:45 2026] [::1]:59972 Accepted
[Mon Apr 20 14:48:45 2026] [::1]:59972 [200]: GET /wp-content/themes/tijus-theme/assets/css/vendor/plugins.min.css
[Mon Apr 20 14:48:45 2026] [::1]:59972 Closing
[Mon Apr 20 14:48:45 2026] [::1]:59973 Accepted
[Mon Apr 20 14:48:45 2026] [::1]:59974 Accepted
[Mon Apr 20 14:48:45 2026] [::1]:59975 Accepted
[Mon Apr 20 14:48:45 2026] [::1]:59973 [200]: GET /wp-content/themes/tijus-theme/assets/css/style.min.css
[Mon Apr 20 14:48:45 2026] [::1]:59976 Accepted
[Mon Apr 20 14:48:45 2026] [::1]:59974 [200]: GET /wp-includes/css/dashicons.min.css?ver=6.9.4
[Mon Apr 20 14:48:45 2026] [::1]:59975 [200]: GET /wp-includes/css/admin-bar.min.css?ver=6.9.4
[Mon Apr 20 14:48:45 2026] [::1]:59977 Accepted
[Mon Apr 20 14:48:45 2026] [::1]:59976 [200]: GET /wp-content/plugins/elementor/assets/lib/eicons/css/elementor-icons.min.css?ver=5.48.0
[Mon Apr 20 14:48:45 2026] [::1]:59977 [200]: GET /wp-content/plugins/elementor/assets/css/common.min.css?ver=4.0.2
[Mon Apr 20 14:48:45 2026] [::1]:59974 Closing
[Mon Apr 20 14:48:45 2026] [::1]:59975 Closing
[Mon Apr 20 14:48:45 2026] [::1]:59976 Closing
[Mon Apr 20 14:48:45 2026] [::1]:59973 Closing
[Mon Apr 20 14:48:45 2026] [::1]:59977 Closing
[Mon Apr 20 14:48:45 2026] [::1]:59978 Accepted
[Mon Apr 20 14:48:45 2026] [::1]:59979 Accepted
[Mon Apr 20 14:48:45 2026] [::1]:59978 [200]: GET /wp-content/plugins/elementor/assets/css/theme-light.min.css?ver=4.0.2
[Mon Apr 20 14:48:45 2026] [::1]:59979 [200]: GET /wp-includes/css/dist/block-library/style.min.css?ver=6.9.4
[Mon Apr 20 14:48:45 2026] [::1]:59980 Accepted
[Mon Apr 20 14:48:45 2026] [::1]:59978 Closing
[Mon Apr 20 14:48:45 2026] [::1]:59979 Closing
[Mon Apr 20 14:48:45 2026] [::1]:59980 [200]: GET /wp-content/themes/tijus-theme/style.css?ver=1.0.0
[Mon Apr 20 14:48:45 2026] [::1]:59980 Closing
[Mon Apr 20 14:48:45 2026] [::1]:59981 Accepted
[Mon Apr 20 14:48:45 2026] [::1]:59981 [200]: GET /wp-includes/js/jquery/jquery.min.js?ver=3.7.1
[Mon Apr 20 14:48:45 2026] [::1]:59982 Accepted
[Mon Apr 20 14:48:45 2026] [::1]:59981 Closing
[Mon Apr 20 14:48:45 2026] [::1]:59982 [200]: GET /wp-includes/js/jquery/jquery-migrate.min.js?ver=3.4.1
[Mon Apr 20 14:48:45 2026] [::1]:59982 Closing
[Mon Apr 20 14:48:45 2026] [::1]:59983 Accepted
[Mon Apr 20 14:48:45 2026] [::1]:59984 Accepted
[Mon Apr 20 14:48:45 2026] [::1]:59983 [200]: GET /wp-content/uploads/2026/04/logo.webp
[Mon Apr 20 14:48:45 2026] [::1]:59984 [200]: GET /wp-content/themes/tijus-theme/assets/images/shape/shape-8.png
[Mon Apr 20 14:48:45 2026] [::1]:59983 Closing
[Mon Apr 20 14:48:45 2026] [::1]:59984 Closing
[Mon Apr 20 14:48:45 2026] [::1]:59985 Accepted
[Mon Apr 20 14:48:45 2026] [::1]:59986 Accepted
[Mon Apr 20 14:48:45 2026] [::1]:59985 [200]: GET /wp-content/themes/tijus-theme/assets/images/shape/shape-23.png
[Mon Apr 20 14:48:45 2026] [::1]:59986 [200]: GET /wp-content/themes/tijus-theme/assets/images/shape/shape-5.png
[Mon Apr 20 14:48:45 2026] [::1]:59985 Closing
[Mon Apr 20 14:48:45 2026] [::1]:59986 Closing
[Mon Apr 20 14:48:45 2026] [::1]:59987 Accepted
[Mon Apr 20 14:48:45 2026] [::1]:59987 [200]: GET /wp-content/themes/tijus-theme/assets/images/shape/shape-6.png
[Mon Apr 20 14:48:45 2026] [::1]:59988 Accepted
[Mon Apr 20 14:48:45 2026] [::1]:59989 Accepted
[Mon Apr 20 14:48:45 2026] [::1]:59990 Accepted
[Mon Apr 20 14:48:45 2026] [::1]:59987 Closing
[Mon Apr 20 14:48:45 2026] [::1]:59988 [200]: GET /wp-includes/js/hoverintent-js.min.js?ver=2.2.1
[Mon Apr 20 14:48:45 2026] [::1]:59991 Accepted
[Mon Apr 20 14:48:45 2026] [::1]:59989 [200]: GET /wp-includes/js/admin-bar.min.js?ver=6.9.4
[Mon Apr 20 14:48:45 2026] [::1]:59990 [200]: GET /wp-includes/js/jquery/ui/core.min.js?ver=1.13.3
[Mon Apr 20 14:48:45 2026] [::1]:59992 Accepted
[Mon Apr 20 14:48:45 2026] [::1]:59991 [200]: GET /wp-includes/js/jquery/ui/mouse.min.js?ver=1.13.3
[Mon Apr 20 14:48:45 2026] [::1]:59988 Closing
[Mon Apr 20 14:48:45 2026] [::1]:59989 Closing
[Mon Apr 20 14:48:45 2026] [::1]:59990 Closing
[Mon Apr 20 14:48:45 2026] [::1]:59991 Closing
[Mon Apr 20 14:48:45 2026] [::1]:59992 [200]: GET /wp-includes/js/jquery/ui/draggable.min.js?ver=1.13.3
[Mon Apr 20 14:48:45 2026] [::1]:59992 Closing
[Mon Apr 20 14:48:45 2026] [::1]:59993 Accepted
[Mon Apr 20 14:48:45 2026] [::1]:59993 [200]: GET /wp-includes/js/underscore.min.js?ver=1.13.7
[Mon Apr 20 14:48:45 2026] [::1]:59993 Closing
[Mon Apr 20 14:48:45 2026] [::1]:59994 Accepted
[Mon Apr 20 14:48:45 2026] [::1]:59994 [200]: GET /wp-includes/js/backbone.min.js?ver=1.6.0
[Mon Apr 20 14:48:45 2026] [::1]:59994 Closing
[Mon Apr 20 14:48:45 2026] [::1]:59995 Accepted
[Mon Apr 20 14:48:45 2026] [::1]:59996 Accepted
[Mon Apr 20 14:48:45 2026] [::1]:59995 [200]: GET /wp-content/plugins/elementor/assets/lib/backbone/backbone.marionette.min.js?ver=2.4.5.e1
[Mon Apr 20 14:48:45 2026] [::1]:59996 [200]: GET /wp-content/plugins/elementor/assets/lib/backbone/backbone.radio.min.js?ver=1.0.4
[Mon Apr 20 14:48:45 2026] [::1]:59995 Closing
[Mon Apr 20 14:48:45 2026] [::1]:59997 Accepted
[Mon Apr 20 14:48:45 2026] [::1]:59996 Closing
[Mon Apr 20 14:48:45 2026] [::1]:59997 [200]: GET /wp-content/plugins/elementor/assets/js/common-modules.min.js?ver=4.0.2
[Mon Apr 20 14:48:45 2026] [::1]:59997 Closing
[Mon Apr 20 14:48:45 2026] [::1]:59998 Accepted
[Mon Apr 20 14:48:45 2026] [::1]:59998 [200]: GET /wp-content/plugins/elementor/assets/js/web-cli.min.js?ver=4.0.2
[Mon Apr 20 14:48:45 2026] [::1]:59998 Closing
[Mon Apr 20 14:48:45 2026] [::1]:59999 Accepted
[Mon Apr 20 14:48:45 2026] [::1]:59999 [200]: GET /wp-content/plugins/elementor/assets/lib/dialog/dialog.min.js?ver=4.9.4
[Mon Apr 20 14:48:45 2026] [::1]:59999 Closing
[Mon Apr 20 14:48:45 2026] [::1]:60000 Accepted
[Mon Apr 20 14:48:45 2026] [::1]:60001 Accepted
[Mon Apr 20 14:48:45 2026] [::1]:60000 [200]: GET /wp-includes/js/api-request.min.js?ver=6.9.4
[Mon Apr 20 14:48:45 2026] [::1]:60001 [200]: GET /wp-content/plugins/elementor/assets/js/dev-tools.min.js?ver=4.0.2
[Mon Apr 20 14:48:45 2026] [::1]:60002 Accepted
[Mon Apr 20 14:48:45 2026] [::1]:60000 Closing
[Mon Apr 20 14:48:45 2026] [::1]:60001 Closing
[Mon Apr 20 14:48:45 2026] [::1]:60002 [200]: GET /wp-includes/js/dist/hooks.min.js?ver=dd5603f07f9220ed27f1
[Mon Apr 20 14:48:45 2026] [::1]:60002 Closing
[Mon Apr 20 14:48:45 2026] [::1]:60003 Accepted
[Mon Apr 20 14:48:45 2026] [::1]:60004 Accepted
[Mon Apr 20 14:48:45 2026] [::1]:60003 [200]: GET /wp-includes/js/dist/i18n.min.js?ver=c26c3dc7bed366793375
[Mon Apr 20 14:48:45 2026] [::1]:60003 Closing
[Mon Apr 20 14:48:45 2026] [::1]:60005 Accepted
[Mon Apr 20 14:48:45 2026] [::1]:60004 [200]: GET /wp-content/plugins/elementor/assets/js/common.min.js?ver=4.0.2
[Mon Apr 20 14:48:45 2026] [::1]:60006 Accepted
[Mon Apr 20 14:48:45 2026] [::1]:60005 [200]: GET /wp-content/plugins/elementor/assets/js/app-loader.min.js?ver=4.0.2
[Mon Apr 20 14:48:45 2026] [::1]:60007 Accepted
[Mon Apr 20 14:48:45 2026] [::1]:60005 Closing
[Mon Apr 20 14:48:45 2026] [::1]:60006 [200]: GET /wp-content/themes/tijus-theme/assets/js/vendor/modernizr-3.11.2.min.js?ver=3.11.2
[Mon Apr 20 14:48:45 2026] [::1]:60004 Closing
[Mon Apr 20 14:48:45 2026] [::1]:60006 Closing
[Mon Apr 20 14:48:45 2026] [::1]:60007 [200]: GET /wp-content/themes/tijus-theme/assets/js/plugins.min.js?ver=1.0.0
[Mon Apr 20 14:48:45 2026] [::1]:60007 Closing
[Mon Apr 20 14:48:45 2026] [::1]:60008 Accepted
[Mon Apr 20 14:48:45 2026] [::1]:60009 Accepted
[Mon Apr 20 14:48:45 2026] [::1]:60008 [200]: GET /wp-content/themes/tijus-theme/assets/js/main.js?ver=1.0.0
[Mon Apr 20 14:48:45 2026] [::1]:60008 Closing
[Mon Apr 20 14:48:45 2026] [::1]:60009 [200]: GET /wp-content/themes/tijus-theme/assets/images/shape/shape-24.png
[Mon Apr 20 14:48:45 2026] [::1]:60009 Closing
[Mon Apr 20 14:48:45 2026] [::1]:60010 Accepted
[Mon Apr 20 14:48:45 2026] [::1]:60010 [200]: GET /wp-content/themes/tijus-theme/assets/images/author/author-11.jpg
[Mon Apr 20 14:48:45 2026] [::1]:60011 Accepted
[Mon Apr 20 14:48:45 2026] [::1]:60010 Closing
[Mon Apr 20 14:48:45 2026] [::1]:60012 Accepted
[Mon Apr 20 14:48:45 2026] [::1]:60011 [200]: GET /wp-content/themes/tijus-theme/assets/images/blog/blog-01.jpg
[Mon Apr 20 14:48:45 2026] [::1]:60013 Accepted
[Mon Apr 20 14:48:45 2026] [::1]:60012 [200]: GET /wp-content/themes/tijus-theme/assets/images/shape/shape-4.png
[Mon Apr 20 14:48:45 2026] [::1]:60014 Accepted
[Mon Apr 20 14:48:45 2026] [::1]:60013 [200]: GET /wp-content/themes/tijus-theme/assets/images/shape/shape-1.png
[Mon Apr 20 14:48:45 2026] [::1]:60015 Accepted
[Mon Apr 20 14:48:45 2026] [::1]:60011 Closing
[Mon Apr 20 14:48:45 2026] [::1]:60014 [200]: GET /wp-content/themes/tijus-theme/assets/images/shape/shape-3.png
[Mon Apr 20 14:48:45 2026] [::1]:60016 Accepted
[Mon Apr 20 14:48:45 2026] [::1]:60012 Closing
[Mon Apr 20 14:48:45 2026] [::1]:60015 [200]: GET /wp-content/themes/tijus-theme/assets/images/shape/shape-2.png
[Mon Apr 20 14:48:45 2026] [::1]:60017 Accepted
[Mon Apr 20 14:48:45 2026] [::1]:60016 [200]: GET /wp-content/themes/tijus-theme/assets/fonts/flaticon.ttf?655915d50ed0facf464660ba648373b0
[Mon Apr 20 14:48:45 2026] [::1]:60013 Closing
[Mon Apr 20 14:48:45 2026] [::1]:60014 Closing
[Mon Apr 20 14:48:45 2026] [::1]:60015 Closing
[Mon Apr 20 14:48:45 2026] [::1]:60016 Closing
[Mon Apr 20 14:48:45 2026] [::1]:60017 [200]: GET /wp-content/themes/tijus-theme/assets/fonts/icofont.woff2
[Mon Apr 20 14:48:45 2026] [::1]:60018 Accepted
[Mon Apr 20 14:48:45 2026] [::1]:60017 Closing
[Mon Apr 20 14:48:45 2026] [::1]:60018 [200]: GET /wp-content/themes/tijus-theme/assets/images/shape/shape-21.png
[Mon Apr 20 14:48:45 2026] [::1]:60019 Accepted
[Mon Apr 20 14:48:45 2026] [::1]:60018 Closing
[Mon Apr 20 14:48:45 2026] [::1]:60019 [200]: GET /wp-content/themes/tijus-theme/assets/images/shape/shape-22.png
[Mon Apr 20 14:48:45 2026] [::1]:60019 Closing
[Mon Apr 20 14:48:45 2026] [::1]:60020 Accepted
[Mon Apr 20 14:48:45 2026] [::1]:60020 [200]: GET /wp-includes/js/wp-emoji-release.min.js?ver=6.9.4
[Mon Apr 20 14:48:45 2026] [::1]:60020 Closing
[Mon Apr 20 14:48:45 2026] [::1]:60021 Accepted
[Mon Apr 20 14:48:45 2026] [::1]:60021 [200]: GET /wp-content/themes/tijus-theme/assets/images/favicon.ico
[Mon Apr 20 14:48:45 2026] [::1]:60021 Closing
[Mon Apr 20 14:49:17 2026] [::1]:60027 Accepted
[Mon Apr 20 14:49:20 2026] [::1]:60027 Closing
[Mon Apr 20 14:49:20 2026] [::1]:60028 Accepted
[Mon Apr 20 14:49:20 2026] [::1]:60028 [200]: GET /wp-content/themes/tijus-theme/assets/css/vendor/plugins.min.css
[Mon Apr 20 14:49:20 2026] [::1]:60028 Closing
[Mon Apr 20 14:49:20 2026] [::1]:60031 Accepted
[Mon Apr 20 14:49:20 2026] [::1]:60032 Accepted
[Mon Apr 20 14:49:20 2026] [::1]:60033 Accepted
[Mon Apr 20 14:49:20 2026] [::1]:60031 [200]: GET /wp-content/themes/tijus-theme/assets/css/style.min.css
[Mon Apr 20 14:49:20 2026] [::1]:60034 Accepted
[Mon Apr 20 14:49:20 2026] [::1]:60032 [200]: GET /wp-includes/css/dashicons.min.css?ver=6.9.4
[Mon Apr 20 14:49:20 2026] [::1]:60033 [200]: GET /wp-includes/css/admin-bar.min.css?ver=6.9.4
[Mon Apr 20 14:49:20 2026] [::1]:60035 Accepted
[Mon Apr 20 14:49:20 2026] [::1]:60034 [200]: GET /wp-content/plugins/elementor/assets/lib/eicons/css/elementor-icons.min.css?ver=5.48.0
[Mon Apr 20 14:49:20 2026] [::1]:60035 [200]: GET /wp-content/plugins/elementor/assets/css/common.min.css?ver=4.0.2
[Mon Apr 20 14:49:20 2026] [::1]:60032 Closing
[Mon Apr 20 14:49:20 2026] [::1]:60033 Closing
[Mon Apr 20 14:49:20 2026] [::1]:60034 Closing
[Mon Apr 20 14:49:20 2026] [::1]:60031 Closing
[Mon Apr 20 14:49:20 2026] [::1]:60035 Closing
[Mon Apr 20 14:49:20 2026] [::1]:60036 Accepted
[Mon Apr 20 14:49:20 2026] [::1]:60037 Accepted
[Mon Apr 20 14:49:20 2026] [::1]:60036 [200]: GET /wp-content/plugins/elementor/assets/css/theme-light.min.css?ver=4.0.2
[Mon Apr 20 14:49:20 2026] [::1]:60037 [200]: GET /wp-includes/css/dist/block-library/style.min.css?ver=6.9.4
[Mon Apr 20 14:49:20 2026] [::1]:60038 Accepted
[Mon Apr 20 14:49:20 2026] [::1]:60036 Closing
[Mon Apr 20 14:49:20 2026] [::1]:60037 Closing
[Mon Apr 20 14:49:20 2026] [::1]:60038 [200]: GET /wp-content/themes/tijus-theme/style.css?ver=1.0.0
[Mon Apr 20 14:49:20 2026] [::1]:60038 Closing
[Mon Apr 20 14:49:20 2026] [::1]:60039 Accepted
[Mon Apr 20 14:49:20 2026] [::1]:60040 Accepted
[Mon Apr 20 14:49:20 2026] [::1]:60039 [200]: GET /wp-includes/js/jquery/jquery.min.js?ver=3.7.1
[Mon Apr 20 14:49:20 2026] [::1]:60040 [200]: GET /wp-includes/js/jquery/jquery-migrate.min.js?ver=3.4.1
[Mon Apr 20 14:49:20 2026] [::1]:60039 Closing
[Mon Apr 20 14:49:20 2026] [::1]:60040 Closing
[Mon Apr 20 14:49:20 2026] [::1]:60041 Accepted
[Mon Apr 20 14:49:20 2026] [::1]:60041 [200]: GET /wp-content/uploads/2026/04/logo.webp
[Mon Apr 20 14:49:20 2026] [::1]:60041 Closing
[Mon Apr 20 14:49:20 2026] [::1]:60042 Accepted
[Mon Apr 20 14:49:20 2026] [::1]:60042 [200]: GET /wp-content/themes/tijus-theme/assets/images/shape/shape-8.png
[Mon Apr 20 14:49:20 2026] [::1]:60042 Closing
[Mon Apr 20 14:49:20 2026] [::1]:60043 Accepted
[Mon Apr 20 14:49:20 2026] [::1]:60044 Accepted
[Mon Apr 20 14:49:20 2026] [::1]:60043 [200]: GET /wp-content/themes/tijus-theme/assets/images/shape/shape-23.png
[Mon Apr 20 14:49:20 2026] [::1]:60044 [200]: GET /wp-content/themes/tijus-theme/assets/images/shape/shape-5.png
[Mon Apr 20 14:49:20 2026] [::1]:60043 Closing
[Mon Apr 20 14:49:20 2026] [::1]:60044 Closing
[Mon Apr 20 14:49:20 2026] [::1]:60045 Accepted
[Mon Apr 20 14:49:20 2026] [::1]:60046 Accepted
[Mon Apr 20 14:49:20 2026] [::1]:60045 [200]: GET /wp-content/themes/tijus-theme/assets/images/shape/shape-6.png
[Mon Apr 20 14:49:20 2026] [::1]:60046 [200]: GET /wp-includes/js/hoverintent-js.min.js?ver=2.2.1
[Mon Apr 20 14:49:20 2026] [::1]:60045 Closing
[Mon Apr 20 14:49:20 2026] [::1]:60046 Closing
[Mon Apr 20 14:49:20 2026] [::1]:60047 Accepted
[Mon Apr 20 14:49:20 2026] [::1]:60047 [200]: GET /wp-includes/js/admin-bar.min.js?ver=6.9.4
[Mon Apr 20 14:49:20 2026] [::1]:60048 Accepted
[Mon Apr 20 14:49:20 2026] [::1]:60049 Accepted
[Mon Apr 20 14:49:20 2026] [::1]:60047 Closing
[Mon Apr 20 14:49:20 2026] [::1]:60048 [200]: GET /wp-includes/js/jquery/ui/core.min.js?ver=1.13.3
[Mon Apr 20 14:49:20 2026] [::1]:60050 Accepted
[Mon Apr 20 14:49:20 2026] [::1]:60049 [200]: GET /wp-includes/js/jquery/ui/mouse.min.js?ver=1.13.3
[Mon Apr 20 14:49:20 2026] [::1]:60051 Accepted
[Mon Apr 20 14:49:20 2026] [::1]:60050 [200]: GET /wp-includes/js/jquery/ui/draggable.min.js?ver=1.13.3
[Mon Apr 20 14:49:20 2026] [::1]:60052 Accepted
[Mon Apr 20 14:49:20 2026] [::1]:60048 Closing
[Mon Apr 20 14:49:20 2026] [::1]:60049 Closing
[Mon Apr 20 14:49:20 2026] [::1]:60051 [200]: GET /wp-includes/js/underscore.min.js?ver=1.13.7
[Mon Apr 20 14:49:20 2026] [::1]:60050 Closing
[Mon Apr 20 14:49:20 2026] [::1]:60052 [200]: GET /wp-includes/js/backbone.min.js?ver=1.6.0
[Mon Apr 20 14:49:20 2026] [::1]:60051 Closing
[Mon Apr 20 14:49:20 2026] [::1]:60052 Closing
[Mon Apr 20 14:49:20 2026] [::1]:60053 Accepted
[Mon Apr 20 14:49:20 2026] [::1]:60053 [200]: GET /wp-content/plugins/elementor/assets/lib/backbone/backbone.marionette.min.js?ver=2.4.5.e1
[Mon Apr 20 14:49:20 2026] [::1]:60053 Closing
[Mon Apr 20 14:49:20 2026] [::1]:60054 Accepted
[Mon Apr 20 14:49:20 2026] [::1]:60054 [200]: GET /wp-content/plugins/elementor/assets/lib/backbone/backbone.radio.min.js?ver=1.0.4
[Mon Apr 20 14:49:20 2026] [::1]:60055 Accepted
[Mon Apr 20 14:49:20 2026] [::1]:60054 Closing
[Mon Apr 20 14:49:20 2026] [::1]:60055 [200]: GET /wp-content/plugins/elementor/assets/js/common-modules.min.js?ver=4.0.2
[Mon Apr 20 14:49:20 2026] [::1]:60056 Accepted
[Mon Apr 20 14:49:20 2026] [::1]:60055 Closing
[Mon Apr 20 14:49:20 2026] [::1]:60057 Accepted
[Mon Apr 20 14:49:20 2026] [::1]:60056 [200]: GET /wp-content/plugins/elementor/assets/js/web-cli.min.js?ver=4.0.2
[Mon Apr 20 14:49:20 2026] [::1]:60058 Accepted
[Mon Apr 20 14:49:20 2026] [::1]:60056 Closing
[Mon Apr 20 14:49:20 2026] [::1]:60057 [200]: GET /wp-content/plugins/elementor/assets/lib/dialog/dialog.min.js?ver=4.9.4
[Mon Apr 20 14:49:20 2026] [::1]:60057 Closing
[Mon Apr 20 14:49:20 2026] [::1]:60058 [200]: GET /wp-includes/js/api-request.min.js?ver=6.9.4
[Mon Apr 20 14:49:20 2026] [::1]:60058 Closing
[Mon Apr 20 14:49:20 2026] [::1]:60059 Accepted
[Mon Apr 20 14:49:20 2026] [::1]:60060 Accepted
[Mon Apr 20 14:49:20 2026] [::1]:60059 [200]: GET /wp-content/plugins/elementor/assets/js/dev-tools.min.js?ver=4.0.2
[Mon Apr 20 14:49:20 2026] [::1]:60059 Closing
[Mon Apr 20 14:49:20 2026] [::1]:60060 [200]: GET /wp-includes/js/dist/hooks.min.js?ver=dd5603f07f9220ed27f1
[Mon Apr 20 14:49:20 2026] [::1]:60060 Closing
[Mon Apr 20 14:49:20 2026] [::1]:60061 Accepted
[Mon Apr 20 14:49:20 2026] [::1]:60062 Accepted
[Mon Apr 20 14:49:20 2026] [::1]:60061 [200]: GET /wp-includes/js/dist/i18n.min.js?ver=c26c3dc7bed366793375
[Mon Apr 20 14:49:20 2026] [::1]:60062 [200]: GET /wp-content/plugins/elementor/assets/js/common.min.js?ver=4.0.2
[Mon Apr 20 14:49:20 2026] [::1]:60063 Accepted
[Mon Apr 20 14:49:20 2026] [::1]:60061 Closing
[Mon Apr 20 14:49:20 2026] [::1]:60062 Closing
[Mon Apr 20 14:49:20 2026] [::1]:60064 Accepted
[Mon Apr 20 14:49:20 2026] [::1]:60063 [200]: GET /wp-content/plugins/elementor/assets/js/app-loader.min.js?ver=4.0.2
[Mon Apr 20 14:49:20 2026] [::1]:60063 Closing
[Mon Apr 20 14:49:20 2026] [::1]:60064 [200]: GET /wp-content/themes/tijus-theme/assets/js/vendor/modernizr-3.11.2.min.js?ver=3.11.2
[Mon Apr 20 14:49:20 2026] [::1]:60065 Accepted
[Mon Apr 20 14:49:20 2026] [::1]:60064 Closing
[Mon Apr 20 14:49:20 2026] [::1]:60066 Accepted
[Mon Apr 20 14:49:20 2026] [::1]:60065 [200]: GET /wp-content/themes/tijus-theme/assets/js/plugins.min.js?ver=1.0.0
[Mon Apr 20 14:49:20 2026] [::1]:60066 [200]: GET /wp-content/themes/tijus-theme/assets/js/main.js?ver=1.0.0
[Mon Apr 20 14:49:20 2026] [::1]:60065 Closing
[Mon Apr 20 14:49:20 2026] [::1]:60067 Accepted
[Mon Apr 20 14:49:20 2026] [::1]:60066 Closing
[Mon Apr 20 14:49:20 2026] [::1]:60067 [200]: GET /wp-content/themes/tijus-theme/assets/images/shape/shape-24.png
[Mon Apr 20 14:49:20 2026] [::1]:60067 Closing
[Mon Apr 20 14:49:21 2026] [::1]:60068 Accepted
[Mon Apr 20 14:49:21 2026] [::1]:60069 Accepted
[Mon Apr 20 14:49:21 2026] [::1]:60068 [200]: GET /wp-content/themes/tijus-theme/assets/images/author/author-11.jpg
[Mon Apr 20 14:49:21 2026] [::1]:60068 Closing
[Mon Apr 20 14:49:21 2026] [::1]:60069 [200]: GET /wp-content/themes/tijus-theme/assets/images/shape/shape-21.png
[Mon Apr 20 14:49:21 2026] [::1]:60070 Accepted
[Mon Apr 20 14:49:21 2026] [::1]:60070 [200]: GET /wp-content/themes/tijus-theme/assets/images/shape/shape-22.png
[Mon Apr 20 14:49:21 2026] [::1]:60071 Accepted
[Mon Apr 20 14:49:21 2026] [::1]:60069 Closing
[Mon Apr 20 14:49:21 2026] [::1]:60072 Accepted
[Mon Apr 20 14:49:21 2026] [::1]:60071 [200]: GET /wp-content/themes/tijus-theme/assets/images/shape/shape-1.png
[Mon Apr 20 14:49:21 2026] [::1]:60073 Accepted
[Mon Apr 20 14:49:21 2026] [::1]:60072 [200]: GET /wp-content/themes/tijus-theme/assets/images/shape/shape-2.png
[Mon Apr 20 14:49:21 2026] [::1]:60070 Closing
[Mon Apr 20 14:49:21 2026] [::1]:60071 Closing
[Mon Apr 20 14:49:21 2026] [::1]:60073 [200]: GET /wp-content/themes/tijus-theme/assets/images/shape/shape-3.png
[Mon Apr 20 14:49:21 2026] [::1]:60072 Closing
[Mon Apr 20 14:49:21 2026] [::1]:60073 Closing
[Mon Apr 20 14:49:21 2026] [::1]:60074 Accepted
[Mon Apr 20 14:49:21 2026] [::1]:60075 Accepted
[Mon Apr 20 14:49:21 2026] [::1]:60074 [200]: GET /wp-content/themes/tijus-theme/assets/fonts/flaticon.ttf?655915d50ed0facf464660ba648373b0
[Mon Apr 20 14:49:21 2026] [::1]:60075 [200]: GET /wp-content/themes/tijus-theme/assets/fonts/icofont.woff2
[Mon Apr 20 14:49:21 2026] [::1]:60074 Closing
[Mon Apr 20 14:49:21 2026] [::1]:60075 Closing
[Mon Apr 20 14:49:21 2026] [::1]:60076 Accepted
[Mon Apr 20 14:49:21 2026] [::1]:60076 [200]: GET /wp-includes/js/wp-emoji-release.min.js?ver=6.9.4
[Mon Apr 20 14:49:21 2026] [::1]:60076 Closing
[Mon Apr 20 14:49:21 2026] [::1]:60077 Accepted
[Mon Apr 20 14:49:21 2026] [::1]:60077 [200]: GET /wp-content/themes/tijus-theme/assets/images/favicon.ico
[Mon Apr 20 14:49:21 2026] [::1]:60077 Closing
[Mon Apr 20 14:51:11 2026] [::1]:60105 Accepted
[Mon Apr 20 14:51:11 2026] [::1]:60106 Accepted
[Mon Apr 20 14:51:11 2026] [::1]:60105 Closing
[Mon Apr 20 14:51:11 2026] [::1]:60106 [200]: GET /wp-content/themes/tijus-theme/assets/css/vendor/plugins.min.css
[Mon Apr 20 14:51:11 2026] [::1]:60108 Accepted
[Mon Apr 20 14:51:11 2026] [::1]:60109 Accepted
[Mon Apr 20 14:51:11 2026] [::1]:60106 Closing
[Mon Apr 20 14:51:11 2026] [::1]:60108 [200]: GET /wp-content/themes/tijus-theme/assets/css/style.min.css
[Mon Apr 20 14:51:11 2026] [::1]:60110 Accepted
[Mon Apr 20 14:51:11 2026] [::1]:60109 [200]: GET /wp-includes/css/dashicons.min.css?ver=6.9.4
[Mon Apr 20 14:51:11 2026] [::1]:60111 Accepted
[Mon Apr 20 14:51:11 2026] [::1]:60110 [200]: GET /wp-includes/css/admin-bar.min.css?ver=6.9.4
[Mon Apr 20 14:51:11 2026] [::1]:60112 Accepted
[Mon Apr 20 14:51:11 2026] [::1]:60111 [200]: GET /wp-content/plugins/elementor/assets/lib/eicons/css/elementor-icons.min.css?ver=5.48.0
[Mon Apr 20 14:51:11 2026] [::1]:60109 Closing
[Mon Apr 20 14:51:11 2026] [::1]:60112 [200]: GET /wp-content/plugins/elementor/assets/css/common.min.css?ver=4.0.2
[Mon Apr 20 14:51:11 2026] [::1]:60110 Closing
[Mon Apr 20 14:51:11 2026] [::1]:60108 Closing
[Mon Apr 20 14:51:11 2026] [::1]:60111 Closing
[Mon Apr 20 14:51:11 2026] [::1]:60112 Closing
[Mon Apr 20 14:51:11 2026] [::1]:60113 Accepted
[Mon Apr 20 14:51:11 2026] [::1]:60113 [200]: GET /wp-content/plugins/elementor/assets/css/theme-light.min.css?ver=4.0.2
[Mon Apr 20 14:51:11 2026] [::1]:60114 Accepted
[Mon Apr 20 14:51:11 2026] [::1]:60113 Closing
[Mon Apr 20 14:51:11 2026] [::1]:60115 Accepted
[Mon Apr 20 14:51:11 2026] [::1]:60114 [200]: GET /wp-includes/css/dist/block-library/style.min.css?ver=6.9.4
[Mon Apr 20 14:51:11 2026] [::1]:60116 Accepted
[Mon Apr 20 14:51:11 2026] [::1]:60115 [200]: GET /wp-content/themes/tijus-theme/style.css?ver=1.0.0
[Mon Apr 20 14:51:11 2026] [::1]:60114 Closing
[Mon Apr 20 14:51:11 2026] [::1]:60117 Accepted
[Mon Apr 20 14:51:11 2026] [::1]:60115 Closing
[Mon Apr 20 14:51:11 2026] [::1]:60116 [200]: GET /wp-includes/js/jquery/jquery.min.js?ver=3.7.1
[Mon Apr 20 14:51:11 2026] [::1]:60117 [200]: GET /wp-includes/js/jquery/jquery-migrate.min.js?ver=3.4.1
[Mon Apr 20 14:51:11 2026] [::1]:60118 Accepted
[Mon Apr 20 14:51:11 2026] [::1]:60116 Closing
[Mon Apr 20 14:51:11 2026] [::1]:60117 Closing
[Mon Apr 20 14:51:11 2026] [::1]:60118 [200]: GET /wp-content/uploads/2026/04/logo.webp
[Mon Apr 20 14:51:11 2026] [::1]:60119 Accepted
[Mon Apr 20 14:51:11 2026] [::1]:60118 Closing
[Mon Apr 20 14:51:11 2026] [::1]:60119 [200]: GET /wp-content/themes/tijus-theme/assets/images/shape/shape-8.png
[Mon Apr 20 14:51:11 2026] [::1]:60119 Closing
[Mon Apr 20 14:51:12 2026] [::1]:60120 Accepted
[Mon Apr 20 14:51:12 2026] [::1]:60120 [200]: GET /wp-content/themes/tijus-theme/assets/images/shape/shape-23.png
[Mon Apr 20 14:51:12 2026] [::1]:60121 Accepted
[Mon Apr 20 14:51:12 2026] [::1]:60120 Closing
[Mon Apr 20 14:51:12 2026] [::1]:60121 [200]: GET /wp-content/themes/tijus-theme/assets/images/shape/shape-5.png
[Mon Apr 20 14:51:12 2026] [::1]:60121 Closing
[Mon Apr 20 14:51:12 2026] [::1]:60122 Accepted
[Mon Apr 20 14:51:12 2026] [::1]:60123 Accepted
[Mon Apr 20 14:51:12 2026] [::1]:60124 Accepted
[Mon Apr 20 14:51:12 2026] [::1]:60122 [200]: GET /wp-includes/js/hoverintent-js.min.js?ver=2.2.1
[Mon Apr 20 14:51:12 2026] [::1]:60125 Accepted
[Mon Apr 20 14:51:12 2026] [::1]:60123 [200]: GET /wp-content/themes/tijus-theme/assets/images/shape/shape-6.png
[Mon Apr 20 14:51:12 2026] [::1]:60124 [200]: GET /wp-includes/js/admin-bar.min.js?ver=6.9.4
[Mon Apr 20 14:51:12 2026] [::1]:60126 Accepted
[Mon Apr 20 14:51:12 2026] [::1]:60125 [200]: GET /wp-includes/js/jquery/ui/core.min.js?ver=1.13.3
[Mon Apr 20 14:51:12 2026] [::1]:60127 Accepted
[Mon Apr 20 14:51:12 2026] [::1]:60122 Closing
[Mon Apr 20 14:51:12 2026] [::1]:60126 [200]: GET /wp-includes/js/jquery/ui/mouse.min.js?ver=1.13.3
[Mon Apr 20 14:51:12 2026] [::1]:60123 Closing
[Mon Apr 20 14:51:12 2026] [::1]:60124 Closing
[Mon Apr 20 14:51:12 2026] [::1]:60127 [200]: GET /wp-includes/js/jquery/ui/draggable.min.js?ver=1.13.3
[Mon Apr 20 14:51:12 2026] [::1]:60125 Closing
[Mon Apr 20 14:51:12 2026] [::1]:60126 Closing
[Mon Apr 20 14:51:12 2026] [::1]:60127 Closing
[Mon Apr 20 14:51:12 2026] [::1]:60128 Accepted
[Mon Apr 20 14:51:12 2026] [::1]:60129 Accepted
[Mon Apr 20 14:51:12 2026] [::1]:60128 [200]: GET /wp-includes/js/underscore.min.js?ver=1.13.7
[Mon Apr 20 14:51:12 2026] [::1]:60130 Accepted
[Mon Apr 20 14:51:12 2026] [::1]:60129 [200]: GET /wp-includes/js/backbone.min.js?ver=1.6.0
[Mon Apr 20 14:51:12 2026] [::1]:60131 Accepted
[Mon Apr 20 14:51:12 2026] [::1]:60128 Closing
[Mon Apr 20 14:51:12 2026] [::1]:60129 Closing
[Mon Apr 20 14:51:12 2026] [::1]:60130 [200]: GET /wp-content/plugins/elementor/assets/lib/backbone/backbone.marionette.min.js?ver=2.4.5.e1
[Mon Apr 20 14:51:12 2026] [::1]:60132 Accepted
[Mon Apr 20 14:51:12 2026] [::1]:60131 [200]: GET /wp-content/plugins/elementor/assets/lib/backbone/backbone.radio.min.js?ver=1.0.4
[Mon Apr 20 14:51:12 2026] [::1]:60132 [200]: GET /wp-content/plugins/elementor/assets/js/common-modules.min.js?ver=4.0.2
[Mon Apr 20 14:51:12 2026] [::1]:60130 Closing
[Mon Apr 20 14:51:12 2026] [::1]:60133 Accepted
[Mon Apr 20 14:51:12 2026] [::1]:60131 Closing
[Mon Apr 20 14:51:12 2026] [::1]:60133 [200]: GET /wp-content/plugins/elementor/assets/js/web-cli.min.js?ver=4.0.2
[Mon Apr 20 14:51:12 2026] [::1]:60132 Closing
[Mon Apr 20 14:51:12 2026] [::1]:60133 Closing
[Mon Apr 20 14:51:12 2026] [::1]:60134 Accepted
[Mon Apr 20 14:51:12 2026] [::1]:60135 Accepted
[Mon Apr 20 14:51:12 2026] [::1]:60134 [200]: GET /wp-content/plugins/elementor/assets/lib/dialog/dialog.min.js?ver=4.9.4
[Mon Apr 20 14:51:12 2026] [::1]:60134 Closing
[Mon Apr 20 14:51:12 2026] [::1]:60135 [200]: GET /wp-includes/js/api-request.min.js?ver=6.9.4
[Mon Apr 20 14:51:12 2026] [::1]:60136 Accepted
[Mon Apr 20 14:51:12 2026] [::1]:60135 Closing
[Mon Apr 20 14:51:12 2026] [::1]:60137 Accepted
[Mon Apr 20 14:51:12 2026] [::1]:60136 [200]: GET /wp-content/plugins/elementor/assets/js/dev-tools.min.js?ver=4.0.2
[Mon Apr 20 14:51:12 2026] [::1]:60138 Accepted
[Mon Apr 20 14:51:12 2026] [::1]:60137 [200]: GET /wp-includes/js/dist/hooks.min.js?ver=dd5603f07f9220ed27f1
[Mon Apr 20 14:51:12 2026] [::1]:60138 [200]: GET /wp-includes/js/dist/i18n.min.js?ver=c26c3dc7bed366793375
[Mon Apr 20 14:51:12 2026] [::1]:60136 Closing
[Mon Apr 20 14:51:12 2026] [::1]:60137 Closing
[Mon Apr 20 14:51:12 2026] [::1]:60138 Closing
[Mon Apr 20 14:51:12 2026] [::1]:60139 Accepted
[Mon Apr 20 14:51:12 2026] [::1]:60140 Accepted
[Mon Apr 20 14:51:12 2026] [::1]:60139 [200]: GET /wp-content/plugins/elementor/assets/js/common.min.js?ver=4.0.2
[Mon Apr 20 14:51:12 2026] [::1]:60141 Accepted
[Mon Apr 20 14:51:12 2026] [::1]:60140 [200]: GET /wp-content/plugins/elementor/assets/js/app-loader.min.js?ver=4.0.2
[Mon Apr 20 14:51:12 2026] [::1]:60142 Accepted
[Mon Apr 20 14:51:12 2026] [::1]:60141 [200]: GET /wp-content/themes/tijus-theme/assets/js/vendor/modernizr-3.11.2.min.js?ver=3.11.2
[Mon Apr 20 14:51:12 2026] [::1]:60143 Accepted
[Mon Apr 20 14:51:12 2026] [::1]:60142 [200]: GET /wp-content/themes/tijus-theme/assets/js/plugins.min.js?ver=1.0.0
[Mon Apr 20 14:51:12 2026] [::1]:60144 Accepted
[Mon Apr 20 14:51:12 2026] [::1]:60140 Closing
[Mon Apr 20 14:51:12 2026] [::1]:60143 [200]: GET /wp-content/themes/tijus-theme/assets/js/main.js?ver=1.0.0
[Mon Apr 20 14:51:12 2026] [::1]:60141 Closing
[Mon Apr 20 14:51:12 2026] [::1]:60144 [200]: GET /wp-content/themes/tijus-theme/assets/images/shape/shape-24.png
[Mon Apr 20 14:51:12 2026] [::1]:60139 Closing
[Mon Apr 20 14:51:12 2026] [::1]:60142 Closing
[Mon Apr 20 14:51:12 2026] [::1]:60143 Closing
[Mon Apr 20 14:51:12 2026] [::1]:60145 Accepted
[Mon Apr 20 14:51:12 2026] [::1]:60144 Closing
[Mon Apr 20 14:51:12 2026] [::1]:60146 Accepted
[Mon Apr 20 14:51:12 2026] [::1]:60145 [200]: GET /wp-content/themes/tijus-theme/assets/images/author/author-11.jpg
[Mon Apr 20 14:51:12 2026] [::1]:60145 Closing
[Mon Apr 20 14:51:12 2026] [::1]:60146 [200]: GET /wp-content/themes/tijus-theme/assets/images/shape/shape-2.png
[Mon Apr 20 14:51:12 2026] [::1]:60147 Accepted
[Mon Apr 20 14:51:12 2026] [::1]:60146 Closing
[Mon Apr 20 14:51:12 2026] [::1]:60148 Accepted
[Mon Apr 20 14:51:12 2026] [::1]:60147 [200]: GET /wp-content/themes/tijus-theme/assets/images/shape/shape-1.png
[Mon Apr 20 14:51:12 2026] [::1]:60149 Accepted
[Mon Apr 20 14:51:12 2026] [::1]:60148 [200]: GET /wp-content/themes/tijus-theme/assets/images/shape/shape-3.png
[Mon Apr 20 14:51:12 2026] [::1]:60150 Accepted
[Mon Apr 20 14:51:12 2026] [::1]:60149 [200]: GET /wp-content/themes/tijus-theme/assets/images/shape/shape-21.png
[Mon Apr 20 14:51:12 2026] [::1]:60151 Accepted
[Mon Apr 20 14:51:12 2026] [::1]:60147 Closing
[Mon Apr 20 14:51:12 2026] [::1]:60150 [200]: GET /wp-content/themes/tijus-theme/assets/images/shape/shape-22.png
[Mon Apr 20 14:51:12 2026] [::1]:60152 Accepted
[Mon Apr 20 14:51:12 2026] [::1]:60148 Closing
[Mon Apr 20 14:51:12 2026] [::1]:60151 [200]: GET /wp-content/themes/tijus-theme/assets/fonts/flaticon.ttf?655915d50ed0facf464660ba648373b0
[Mon Apr 20 14:51:12 2026] [::1]:60152 [200]: GET /wp-content/themes/tijus-theme/assets/fonts/icofont.woff2
[Mon Apr 20 14:51:12 2026] [::1]:60149 Closing
[Mon Apr 20 14:51:12 2026] [::1]:60150 Closing
[Mon Apr 20 14:51:12 2026] [::1]:60151 Closing
[Mon Apr 20 14:51:12 2026] [::1]:60152 Closing
[Mon Apr 20 14:51:12 2026] [::1]:60153 Accepted
[Mon Apr 20 14:51:12 2026] [::1]:60153 [200]: GET /wp-includes/js/wp-emoji-release.min.js?ver=6.9.4
[Mon Apr 20 14:51:12 2026] [::1]:60153 Closing
[Mon Apr 20 14:51:12 2026] [::1]:60154 Accepted
[Mon Apr 20 14:51:12 2026] [::1]:60154 [200]: GET /wp-content/themes/tijus-theme/assets/images/favicon.ico
[Mon Apr 20 14:51:12 2026] [::1]:60154 Closing
[Mon Apr 20 14:51:12 2026] [::1]:60155 Accepted
[Mon Apr 20 14:51:12 2026] [::1]:60155 [200]: GET /wp-content/uploads/2026/04/cropped-logo-32x32.webp
[Mon Apr 20 14:51:12 2026] [::1]:60155 Closing
[Mon Apr 20 14:51:21 2026] [::1]:60157 Accepted
[Mon Apr 20 14:51:21 2026] [::1]:60157 Closing
[Mon Apr 20 14:51:21 2026] [::1]:60158 Accepted
[Mon Apr 20 14:51:21 2026] [::1]:60158 Closing
[Mon Apr 20 14:51:21 2026] [::1]:60160 Accepted
[Mon Apr 20 14:51:21 2026] [::1]:60160 [200]: GET /wp-content/themes/tijus-theme/assets/css/vendor/plugins.min.css
[Mon Apr 20 14:51:21 2026] [::1]:60161 Accepted
[Mon Apr 20 14:51:21 2026] [::1]:60162 Accepted
[Mon Apr 20 14:51:21 2026] [::1]:60163 Accepted
[Mon Apr 20 14:51:21 2026] [::1]:60160 Closing
[Mon Apr 20 14:51:21 2026] [::1]:60161 [200]: GET /wp-content/themes/tijus-theme/assets/css/style.min.css
[Mon Apr 20 14:51:21 2026] [::1]:60164 Accepted
[Mon Apr 20 14:51:21 2026] [::1]:60162 [200]: GET /wp-includes/css/dashicons.min.css?ver=6.9.4
[Mon Apr 20 14:51:21 2026] [::1]:60163 [200]: GET /wp-includes/css/admin-bar.min.css?ver=6.9.4
[Mon Apr 20 14:51:21 2026] [::1]:60165 Accepted
[Mon Apr 20 14:51:21 2026] [::1]:60164 [200]: GET /wp-content/plugins/elementor/assets/lib/eicons/css/elementor-icons.min.css?ver=5.48.0
[Mon Apr 20 14:51:21 2026] [::1]:60165 [200]: GET /wp-content/plugins/elementor/assets/css/common.min.css?ver=4.0.2
[Mon Apr 20 14:51:21 2026] [::1]:60162 Closing
[Mon Apr 20 14:51:21 2026] [::1]:60163 Closing
[Mon Apr 20 14:51:21 2026] [::1]:60164 Closing
[Mon Apr 20 14:51:21 2026] [::1]:60161 Closing
[Mon Apr 20 14:51:21 2026] [::1]:60165 Closing
[Mon Apr 20 14:51:21 2026] [::1]:60166 Accepted
[Mon Apr 20 14:51:21 2026] [::1]:60166 [200]: GET /wp-content/plugins/elementor/assets/css/theme-light.min.css?ver=4.0.2
[Mon Apr 20 14:51:21 2026] [::1]:60167 Accepted
[Mon Apr 20 14:51:21 2026] [::1]:60166 Closing
[Mon Apr 20 14:51:21 2026] [::1]:60168 Accepted
[Mon Apr 20 14:51:21 2026] [::1]:60167 [200]: GET /wp-includes/css/dist/block-library/style.min.css?ver=6.9.4
[Mon Apr 20 14:51:21 2026] [::1]:60169 Accepted
[Mon Apr 20 14:51:21 2026] [::1]:60167 Closing
[Mon Apr 20 14:51:21 2026] [::1]:60168 [200]: GET /wp-content/themes/tijus-theme/style.css?ver=1.0.0
[Mon Apr 20 14:51:21 2026] [::1]:60168 Closing
[Mon Apr 20 14:51:21 2026] [::1]:60170 Accepted
[Mon Apr 20 14:51:21 2026] [::1]:60169 [200]: GET /wp-includes/js/jquery/jquery.min.js?ver=3.7.1
[Mon Apr 20 14:51:21 2026] [::1]:60170 [200]: GET /wp-includes/js/jquery/jquery-migrate.min.js?ver=3.4.1
[Mon Apr 20 14:51:21 2026] [::1]:60169 Closing
[Mon Apr 20 14:51:21 2026] [::1]:60170 Closing
[Mon Apr 20 14:51:21 2026] [::1]:60171 Accepted
[Mon Apr 20 14:51:21 2026] [::1]:60171 [200]: GET /wp-content/uploads/2026/04/logo.webp
[Mon Apr 20 14:51:21 2026] [::1]:60172 Accepted
[Mon Apr 20 14:51:21 2026] [::1]:60171 Closing
[Mon Apr 20 14:51:21 2026] [::1]:60172 [200]: GET /wp-content/themes/tijus-theme/assets/images/shape/shape-8.png
[Mon Apr 20 14:51:21 2026] [::1]:60172 Closing
[Mon Apr 20 14:51:21 2026] [::1]:60173 Accepted
[Mon Apr 20 14:51:21 2026] [::1]:60174 Accepted
[Mon Apr 20 14:51:21 2026] [::1]:60173 [200]: GET /wp-content/themes/tijus-theme/assets/images/shape/shape-23.png
[Mon Apr 20 14:51:21 2026] [::1]:60174 [200]: GET /wp-content/themes/tijus-theme/assets/images/shape/shape-5.png
[Mon Apr 20 14:51:21 2026] [::1]:60173 Closing
[Mon Apr 20 14:51:21 2026] [::1]:60174 Closing
[Mon Apr 20 14:51:21 2026] [::1]:60175 Accepted
[Mon Apr 20 14:51:21 2026] [::1]:60175 [200]: GET /wp-content/themes/tijus-theme/assets/images/shape/shape-6.png
[Mon Apr 20 14:51:21 2026] [::1]:60175 Closing
[Mon Apr 20 14:51:21 2026] [::1]:60176 Accepted
[Mon Apr 20 14:51:21 2026] [::1]:60176 [200]: GET /wp-includes/js/hoverintent-js.min.js?ver=2.2.1
[Mon Apr 20 14:51:21 2026] [::1]:60177 Accepted
[Mon Apr 20 14:51:21 2026] [::1]:60176 Closing
[Mon Apr 20 14:51:21 2026] [::1]:60178 Accepted
[Mon Apr 20 14:51:21 2026] [::1]:60177 [200]: GET /wp-includes/js/admin-bar.min.js?ver=6.9.4
[Mon Apr 20 14:51:21 2026] [::1]:60177 Closing
[Mon Apr 20 14:51:21 2026] [::1]:60178 [200]: GET /wp-includes/js/jquery/ui/core.min.js?ver=1.13.3
[Mon Apr 20 14:51:21 2026] [::1]:60178 Closing
[Mon Apr 20 14:51:21 2026] [::1]:60179 Accepted
[Mon Apr 20 14:51:21 2026] [::1]:60180 Accepted
[Mon Apr 20 14:51:21 2026] [::1]:60179 [200]: GET /wp-includes/js/jquery/ui/mouse.min.js?ver=1.13.3
[Mon Apr 20 14:51:21 2026] [::1]:60179 Closing
[Mon Apr 20 14:51:21 2026] [::1]:60180 [200]: GET /wp-includes/js/jquery/ui/draggable.min.js?ver=1.13.3
[Mon Apr 20 14:51:21 2026] [::1]:60181 Accepted
[Mon Apr 20 14:51:21 2026] [::1]:60180 Closing
[Mon Apr 20 14:51:21 2026] [::1]:60181 [200]: GET /wp-includes/js/underscore.min.js?ver=1.13.7
[Mon Apr 20 14:51:21 2026] [::1]:60181 Closing
[Mon Apr 20 14:51:21 2026] [::1]:60182 Accepted
[Mon Apr 20 14:51:21 2026] [::1]:60182 [200]: GET /wp-includes/js/backbone.min.js?ver=1.6.0
[Mon Apr 20 14:51:21 2026] [::1]:60182 Closing
[Mon Apr 20 14:51:21 2026] [::1]:60183 Accepted
[Mon Apr 20 14:51:21 2026] [::1]:60183 [200]: GET /wp-content/plugins/elementor/assets/lib/backbone/backbone.marionette.min.js?ver=2.4.5.e1
[Mon Apr 20 14:51:21 2026] [::1]:60183 Closing
[Mon Apr 20 14:51:21 2026] [::1]:60184 Accepted
[Mon Apr 20 14:51:21 2026] [::1]:60185 Accepted
[Mon Apr 20 14:51:21 2026] [::1]:60184 [200]: GET /wp-content/plugins/elementor/assets/lib/backbone/backbone.radio.min.js?ver=1.0.4
[Mon Apr 20 14:51:21 2026] [::1]:60185 [200]: GET /wp-content/plugins/elementor/assets/js/common-modules.min.js?ver=4.0.2
[Mon Apr 20 14:51:21 2026] [::1]:60184 Closing
[Mon Apr 20 14:51:21 2026] [::1]:60185 Closing
[Mon Apr 20 14:51:21 2026] [::1]:60186 Accepted
[Mon Apr 20 14:51:21 2026] [::1]:60187 Accepted
[Mon Apr 20 14:51:21 2026] [::1]:60186 [200]: GET /wp-content/plugins/elementor/assets/js/web-cli.min.js?ver=4.0.2
[Mon Apr 20 14:51:21 2026] [::1]:60188 Accepted
[Mon Apr 20 14:51:21 2026] [::1]:60187 [200]: GET /wp-content/plugins/elementor/assets/lib/dialog/dialog.min.js?ver=4.9.4
[Mon Apr 20 14:51:21 2026] [::1]:60189 Accepted
[Mon Apr 20 14:51:21 2026] [::1]:60188 [200]: GET /wp-includes/js/api-request.min.js?ver=6.9.4
[Mon Apr 20 14:51:21 2026] [::1]:60189 [200]: GET /wp-content/plugins/elementor/assets/js/dev-tools.min.js?ver=4.0.2
[Mon Apr 20 14:51:21 2026] [::1]:60190 Accepted
[Mon Apr 20 14:51:21 2026] [::1]:60186 Closing
[Mon Apr 20 14:51:21 2026] [::1]:60187 Closing
[Mon Apr 20 14:51:21 2026] [::1]:60188 Closing
[Mon Apr 20 14:51:21 2026] [::1]:60189 Closing
[Mon Apr 20 14:51:21 2026] [::1]:60190 [200]: GET /wp-includes/js/dist/hooks.min.js?ver=dd5603f07f9220ed27f1
[Mon Apr 20 14:51:21 2026] [::1]:60190 Closing
[Mon Apr 20 14:51:21 2026] [::1]:60191 Accepted
[Mon Apr 20 14:51:21 2026] [::1]:60192 Accepted
[Mon Apr 20 14:51:21 2026] [::1]:60191 [200]: GET /wp-includes/js/dist/i18n.min.js?ver=c26c3dc7bed366793375
[Mon Apr 20 14:51:21 2026] [::1]:60193 Accepted
[Mon Apr 20 14:51:21 2026] [::1]:60192 [200]: GET /wp-content/plugins/elementor/assets/js/common.min.js?ver=4.0.2
[Mon Apr 20 14:51:21 2026] [::1]:60194 Accepted
[Mon Apr 20 14:51:21 2026] [::1]:60193 [200]: GET /wp-content/plugins/elementor/assets/js/app-loader.min.js?ver=4.0.2
[Mon Apr 20 14:51:21 2026] [::1]:60195 Accepted
[Mon Apr 20 14:51:21 2026] [::1]:60191 Closing
[Mon Apr 20 14:51:21 2026] [::1]:60194 [200]: GET /wp-content/themes/tijus-theme/assets/js/vendor/modernizr-3.11.2.min.js?ver=3.11.2
[Mon Apr 20 14:51:21 2026] [::1]:60196 Accepted
[Mon Apr 20 14:51:21 2026] [::1]:60195 [200]: GET /wp-content/themes/tijus-theme/assets/js/plugins.min.js?ver=1.0.0
[Mon Apr 20 14:51:21 2026] [::1]:60196 [200]: GET /wp-content/themes/tijus-theme/assets/js/main.js?ver=1.0.0
[Mon Apr 20 14:51:21 2026] [::1]:60193 Closing
[Mon Apr 20 14:51:21 2026] [::1]:60194 Closing
[Mon Apr 20 14:51:21 2026] [::1]:60197 Accepted
[Mon Apr 20 14:51:21 2026] [::1]:60192 Closing
[Mon Apr 20 14:51:21 2026] [::1]:60196 Closing
[Mon Apr 20 14:51:21 2026] [::1]:60195 Closing
[Mon Apr 20 14:51:21 2026] [::1]:60197 [200]: GET /wp-content/themes/tijus-theme/assets/images/shape/shape-24.png
[Mon Apr 20 14:51:21 2026] [::1]:60197 Closing
[Mon Apr 20 14:51:21 2026] [::1]:60198 Accepted
[Mon Apr 20 14:51:21 2026] [::1]:60199 Accepted
[Mon Apr 20 14:51:21 2026] [::1]:60198 [200]: GET /wp-content/themes/tijus-theme/assets/images/author/author-11.jpg
[Mon Apr 20 14:51:21 2026] [::1]:60199 [200]: GET /wp-content/themes/tijus-theme/assets/images/blog/blog-01.jpg
[Mon Apr 20 14:51:21 2026] [::1]:60198 Closing
[Mon Apr 20 14:51:21 2026] [::1]:60199 Closing
[Mon Apr 20 14:51:21 2026] [::1]:60200 Accepted
[Mon Apr 20 14:51:21 2026] [::1]:60200 [200]: GET /wp-content/themes/tijus-theme/assets/images/shape/shape-21.png
[Mon Apr 20 14:51:21 2026] [::1]:60201 Accepted
[Mon Apr 20 14:51:21 2026] [::1]:60202 Accepted
[Mon Apr 20 14:51:21 2026] [::1]:60201 [200]: GET /wp-content/themes/tijus-theme/assets/images/shape/shape-1.png
[Mon Apr 20 14:51:21 2026] [::1]:60203 Accepted
[Mon Apr 20 14:51:21 2026] [::1]:60200 Closing
[Mon Apr 20 14:51:21 2026] [::1]:60202 [200]: GET /wp-content/themes/tijus-theme/assets/images/shape/shape-4.png
[Mon Apr 20 14:51:21 2026] [::1]:60204 Accepted
[Mon Apr 20 14:51:21 2026] [::1]:60203 [200]: GET /wp-content/themes/tijus-theme/assets/images/shape/shape-3.png
[Mon Apr 20 14:51:21 2026] [::1]:60205 Accepted
[Mon Apr 20 14:51:21 2026] [::1]:60204 [200]: GET /wp-content/themes/tijus-theme/assets/images/shape/shape-2.png
[Mon Apr 20 14:51:21 2026] [::1]:60201 Closing
[Mon Apr 20 14:51:21 2026] [::1]:60206 Accepted
[Mon Apr 20 14:51:21 2026] [::1]:60202 Closing
[Mon Apr 20 14:51:21 2026] [::1]:60205 [200]: GET /wp-content/themes/tijus-theme/assets/fonts/flaticon.ttf?655915d50ed0facf464660ba648373b0
[Mon Apr 20 14:51:21 2026] [::1]:60207 Accepted
[Mon Apr 20 14:51:21 2026] [::1]:60206 [200]: GET /wp-content/themes/tijus-theme/assets/fonts/icofont.woff2
[Mon Apr 20 14:51:21 2026] [::1]:60203 Closing
[Mon Apr 20 14:51:21 2026] [::1]:60204 Closing
[Mon Apr 20 14:51:21 2026] [::1]:60207 [200]: GET /wp-content/themes/tijus-theme/assets/images/shape/shape-22.png
[Mon Apr 20 14:51:21 2026] [::1]:60205 Closing
[Mon Apr 20 14:51:21 2026] [::1]:60207 Closing
[Mon Apr 20 14:51:21 2026] [::1]:60206 Closing
[Mon Apr 20 14:51:21 2026] [::1]:60208 Accepted
[Mon Apr 20 14:51:21 2026] [::1]:60208 [200]: GET /wp-includes/js/wp-emoji-release.min.js?ver=6.9.4
[Mon Apr 20 14:51:21 2026] [::1]:60208 Closing
[Mon Apr 20 14:51:21 2026] [::1]:60209 Accepted
[Mon Apr 20 14:51:21 2026] [::1]:60209 [200]: GET /wp-content/themes/tijus-theme/assets/images/favicon.ico
[Mon Apr 20 14:51:21 2026] [::1]:60209 Closing
[Mon Apr 20 14:51:23 2026] [::1]:60210 Accepted
[Mon Apr 20 14:51:23 2026] [::1]:60210 Closing
[Mon Apr 20 14:51:23 2026] [::1]:60211 Accepted
[Mon Apr 20 14:51:23 2026] [::1]:60211 [200]: GET /wp-content/themes/tijus-theme/assets/css/vendor/plugins.min.css
[Mon Apr 20 14:51:23 2026] [::1]:60211 Closing
[Mon Apr 20 14:51:23 2026] [::1]:60213 Accepted
[Mon Apr 20 14:51:23 2026] [::1]:60214 Accepted
[Mon Apr 20 14:51:23 2026] [::1]:60215 Accepted
[Mon Apr 20 14:51:23 2026] [::1]:60213 [200]: GET /wp-content/themes/tijus-theme/assets/css/style.min.css
[Mon Apr 20 14:51:23 2026] [::1]:60216 Accepted
[Mon Apr 20 14:51:23 2026] [::1]:60214 [200]: GET /wp-includes/css/dashicons.min.css?ver=6.9.4
[Mon Apr 20 14:51:23 2026] [::1]:60215 [200]: GET /wp-includes/css/admin-bar.min.css?ver=6.9.4
[Mon Apr 20 14:51:23 2026] [::1]:60217 Accepted
[Mon Apr 20 14:51:23 2026] [::1]:60216 [200]: GET /wp-content/plugins/elementor/assets/lib/eicons/css/elementor-icons.min.css?ver=5.48.0
[Mon Apr 20 14:51:23 2026] [::1]:60217 [200]: GET /wp-content/plugins/elementor/assets/css/common.min.css?ver=4.0.2
[Mon Apr 20 14:51:23 2026] [::1]:60214 Closing
[Mon Apr 20 14:51:23 2026] [::1]:60215 Closing
[Mon Apr 20 14:51:23 2026] [::1]:60216 Closing
[Mon Apr 20 14:51:23 2026] [::1]:60213 Closing
[Mon Apr 20 14:51:23 2026] [::1]:60217 Closing
[Mon Apr 20 14:51:23 2026] [::1]:60218 Accepted
[Mon Apr 20 14:51:23 2026] [::1]:60219 Accepted
[Mon Apr 20 14:51:23 2026] [::1]:60218 [200]: GET /wp-content/plugins/elementor/assets/css/theme-light.min.css?ver=4.0.2
[Mon Apr 20 14:51:23 2026] [::1]:60219 [200]: GET /wp-includes/css/dist/block-library/style.min.css?ver=6.9.4
[Mon Apr 20 14:51:23 2026] [::1]:60218 Closing
[Mon Apr 20 14:51:23 2026] [::1]:60219 Closing
[Mon Apr 20 14:51:23 2026] [::1]:60220 Accepted
[Mon Apr 20 14:51:23 2026] [::1]:60221 Accepted
[Mon Apr 20 14:51:23 2026] [::1]:60220 [200]: GET /wp-content/themes/tijus-theme/style.css?ver=1.0.0
[Mon Apr 20 14:51:23 2026] [::1]:60220 Closing
[Mon Apr 20 14:51:23 2026] [::1]:60221 [200]: GET /wp-includes/js/jquery/jquery.min.js?ver=3.7.1
[Mon Apr 20 14:51:23 2026] [::1]:60221 Closing
[Mon Apr 20 14:51:23 2026] [::1]:60222 Accepted
[Mon Apr 20 14:51:23 2026] [::1]:60222 [200]: GET /wp-includes/js/jquery/jquery-migrate.min.js?ver=3.4.1
[Mon Apr 20 14:51:23 2026] [::1]:60222 Closing
[Mon Apr 20 14:51:23 2026] [::1]:60223 Accepted
[Mon Apr 20 14:51:23 2026] [::1]:60223 [200]: GET /wp-content/uploads/2026/04/logo.webp
[Mon Apr 20 14:51:23 2026] [::1]:60223 Closing
[Mon Apr 20 14:51:23 2026] [::1]:60224 Accepted
[Mon Apr 20 14:51:23 2026] [::1]:60224 [200]: GET /wp-content/themes/tijus-theme/assets/images/shape/shape-8.png
[Mon Apr 20 14:51:23 2026] [::1]:60224 Closing
[Mon Apr 20 14:51:23 2026] [::1]:60225 Accepted
[Mon Apr 20 14:51:23 2026] [::1]:60226 Accepted
[Mon Apr 20 14:51:23 2026] [::1]:60225 [200]: GET /wp-content/themes/tijus-theme/assets/images/shape/shape-23.png
[Mon Apr 20 14:51:23 2026] [::1]:60226 [200]: GET /wp-content/themes/tijus-theme/assets/images/shape/shape-5.png
[Mon Apr 20 14:51:23 2026] [::1]:60225 Closing
[Mon Apr 20 14:51:23 2026] [::1]:60226 Closing
[Mon Apr 20 14:51:23 2026] [::1]:60227 Accepted
[Mon Apr 20 14:51:23 2026] [::1]:60227 [200]: GET /wp-content/themes/tijus-theme/assets/images/shape/shape-6.png
[Mon Apr 20 14:51:23 2026] [::1]:60228 Accepted
[Mon Apr 20 14:51:23 2026] [::1]:60228 [200]: GET /wp-includes/js/hoverintent-js.min.js?ver=2.2.1
[Mon Apr 20 14:51:23 2026] [::1]:60229 Accepted
[Mon Apr 20 14:51:23 2026] [::1]:60227 Closing
[Mon Apr 20 14:51:23 2026] [::1]:60230 Accepted
[Mon Apr 20 14:51:23 2026] [::1]:60231 Accepted
[Mon Apr 20 14:51:23 2026] [::1]:60228 Closing
[Mon Apr 20 14:51:23 2026] [::1]:60229 [200]: GET /wp-includes/js/admin-bar.min.js?ver=6.9.4
[Mon Apr 20 14:51:23 2026] [::1]:60232 Accepted
[Mon Apr 20 14:51:23 2026] [::1]:60230 [200]: GET /wp-includes/js/jquery/ui/core.min.js?ver=1.13.3
[Mon Apr 20 14:51:23 2026] [::1]:60231 [200]: GET /wp-includes/js/jquery/ui/mouse.min.js?ver=1.13.3
[Mon Apr 20 14:51:23 2026] [::1]:60229 Closing
[Mon Apr 20 14:51:23 2026] [::1]:60230 Closing
[Mon Apr 20 14:51:23 2026] [::1]:60231 Closing
[Mon Apr 20 14:51:23 2026] [::1]:60232 [200]: GET /wp-includes/js/jquery/ui/draggable.min.js?ver=1.13.3
[Mon Apr 20 14:51:23 2026] [::1]:60232 Closing
[Mon Apr 20 14:51:23 2026] [::1]:60233 Accepted
[Mon Apr 20 14:51:23 2026] [::1]:60233 [200]: GET /wp-includes/js/underscore.min.js?ver=1.13.7
[Mon Apr 20 14:51:23 2026] [::1]:60233 Closing
[Mon Apr 20 14:51:23 2026] [::1]:60234 Accepted
[Mon Apr 20 14:51:23 2026] [::1]:60234 [200]: GET /wp-includes/js/backbone.min.js?ver=1.6.0
[Mon Apr 20 14:51:23 2026] [::1]:60235 Accepted
[Mon Apr 20 14:51:23 2026] [::1]:60234 Closing
[Mon Apr 20 14:51:23 2026] [::1]:60235 [200]: GET /wp-content/plugins/elementor/assets/lib/backbone/backbone.marionette.min.js?ver=2.4.5.e1
[Mon Apr 20 14:51:23 2026] [::1]:60236 Accepted
[Mon Apr 20 14:51:23 2026] [::1]:60235 Closing
[Mon Apr 20 14:51:23 2026] [::1]:60237 Accepted
[Mon Apr 20 14:51:23 2026] [::1]:60236 [200]: GET /wp-content/plugins/elementor/assets/lib/backbone/backbone.radio.min.js?ver=1.0.4
[Mon Apr 20 14:51:23 2026] [::1]:60238 Accepted
[Mon Apr 20 14:51:23 2026] [::1]:60236 Closing
[Mon Apr 20 14:51:23 2026] [::1]:60237 [200]: GET /wp-content/plugins/elementor/assets/js/common-modules.min.js?ver=4.0.2
[Mon Apr 20 14:51:23 2026] [::1]:60237 Closing
[Mon Apr 20 14:51:23 2026] [::1]:60238 [200]: GET /wp-content/plugins/elementor/assets/js/web-cli.min.js?ver=4.0.2
[Mon Apr 20 14:51:23 2026] [::1]:60238 Closing
[Mon Apr 20 14:51:23 2026] [::1]:60239 Accepted
[Mon Apr 20 14:51:23 2026] [::1]:60239 [200]: GET /wp-content/plugins/elementor/assets/lib/dialog/dialog.min.js?ver=4.9.4
[Mon Apr 20 14:51:23 2026] [::1]:60239 Closing
[Mon Apr 20 14:51:23 2026] [::1]:60240 Accepted
[Mon Apr 20 14:51:23 2026] [::1]:60240 [200]: GET /wp-includes/js/api-request.min.js?ver=6.9.4
[Mon Apr 20 14:51:23 2026] [::1]:60241 Accepted
[Mon Apr 20 14:51:23 2026] [::1]:60240 Closing
[Mon Apr 20 14:51:23 2026] [::1]:60241 [200]: GET /wp-content/plugins/elementor/assets/js/dev-tools.min.js?ver=4.0.2
[Mon Apr 20 14:51:23 2026] [::1]:60242 Accepted
[Mon Apr 20 14:51:23 2026] [::1]:60241 Closing
[Mon Apr 20 14:51:23 2026] [::1]:60242 [200]: GET /wp-includes/js/dist/hooks.min.js?ver=dd5603f07f9220ed27f1
[Mon Apr 20 14:51:23 2026] [::1]:60242 Closing
[Mon Apr 20 14:51:23 2026] [::1]:60243 Accepted
[Mon Apr 20 14:51:23 2026] [::1]:60244 Accepted
[Mon Apr 20 14:51:23 2026] [::1]:60243 [200]: GET /wp-includes/js/dist/i18n.min.js?ver=c26c3dc7bed366793375
[Mon Apr 20 14:51:23 2026] [::1]:60245 Accepted
[Mon Apr 20 14:51:23 2026] [::1]:60243 Closing
[Mon Apr 20 14:51:23 2026] [::1]:60244 [200]: GET /wp-content/plugins/elementor/assets/js/common.min.js?ver=4.0.2
[Mon Apr 20 14:51:23 2026] [::1]:60246 Accepted
[Mon Apr 20 14:51:23 2026] [::1]:60245 [200]: GET /wp-content/plugins/elementor/assets/js/app-loader.min.js?ver=4.0.2
[Mon Apr 20 14:51:23 2026] [::1]:60244 Closing
[Mon Apr 20 14:51:23 2026] [::1]:60246 [200]: GET /wp-content/themes/tijus-theme/assets/js/vendor/modernizr-3.11.2.min.js?ver=3.11.2
[Mon Apr 20 14:51:23 2026] [::1]:60245 Closing
[Mon Apr 20 14:51:23 2026] [::1]:60247 Accepted
[Mon Apr 20 14:51:23 2026] [::1]:60246 Closing
[Mon Apr 20 14:51:23 2026] [::1]:60247 [200]: GET /wp-content/themes/tijus-theme/assets/js/plugins.min.js?ver=1.0.0
[Mon Apr 20 14:51:23 2026] [::1]:60247 Closing
[Mon Apr 20 14:51:23 2026] [::1]:60248 Accepted
[Mon Apr 20 14:51:23 2026] [::1]:60248 [200]: GET /wp-content/themes/tijus-theme/assets/js/main.js?ver=1.0.0
[Mon Apr 20 14:51:23 2026] [::1]:60249 Accepted
[Mon Apr 20 14:51:23 2026] [::1]:60248 Closing
[Mon Apr 20 14:51:23 2026] [::1]:60249 [200]: GET /wp-content/themes/tijus-theme/assets/images/shape/shape-24.png
[Mon Apr 20 14:51:23 2026] [::1]:60250 Accepted
[Mon Apr 20 14:51:23 2026] [::1]:60249 Closing
[Mon Apr 20 14:51:23 2026] [::1]:60251 Accepted
[Mon Apr 20 14:51:23 2026] [::1]:60250 [200]: GET /wp-content/themes/tijus-theme/assets/images/author/author-11.jpg
[Mon Apr 20 14:51:23 2026] [::1]:60251 [200]: GET /wp-content/themes/tijus-theme/assets/images/shape/shape-21.png
[Mon Apr 20 14:51:23 2026] [::1]:60250 Closing
[Mon Apr 20 14:51:23 2026] [::1]:60251 Closing
[Mon Apr 20 14:51:23 2026] [::1]:60252 Accepted
[Mon Apr 20 14:51:23 2026] [::1]:60253 Accepted
[Mon Apr 20 14:51:23 2026] [::1]:60252 [200]: GET /wp-content/themes/tijus-theme/assets/images/shape/shape-1.png
[Mon Apr 20 14:51:23 2026] [::1]:60254 Accepted
[Mon Apr 20 14:51:23 2026] [::1]:60253 [200]: GET /wp-content/themes/tijus-theme/assets/images/shape/shape-3.png
[Mon Apr 20 14:51:23 2026] [::1]:60255 Accepted
[Mon Apr 20 14:51:23 2026] [::1]:60254 [200]: GET /wp-content/themes/tijus-theme/assets/images/shape/shape-2.png
[Mon Apr 20 14:51:23 2026] [::1]:60252 Closing
[Mon Apr 20 14:51:23 2026] [::1]:60255 [200]: GET /wp-content/themes/tijus-theme/assets/images/shape/shape-22.png
[Mon Apr 20 14:51:23 2026] [::1]:60256 Accepted
[Mon Apr 20 14:51:23 2026] [::1]:60253 Closing
[Mon Apr 20 14:51:23 2026] [::1]:60257 Accepted
[Mon Apr 20 14:51:23 2026] [::1]:60256 [200]: GET /wp-content/themes/tijus-theme/assets/fonts/flaticon.ttf?655915d50ed0facf464660ba648373b0
[Mon Apr 20 14:51:23 2026] [::1]:60254 Closing
[Mon Apr 20 14:51:23 2026] [::1]:60257 [200]: GET /wp-content/themes/tijus-theme/assets/fonts/icofont.woff2
[Mon Apr 20 14:51:23 2026] [::1]:60255 Closing
[Mon Apr 20 14:51:23 2026] [::1]:60256 Closing
[Mon Apr 20 14:51:23 2026] [::1]:60257 Closing
[Mon Apr 20 14:51:23 2026] [::1]:60258 Accepted
[Mon Apr 20 14:51:23 2026] [::1]:60258 [200]: GET /wp-includes/js/wp-emoji-release.min.js?ver=6.9.4
[Mon Apr 20 14:51:23 2026] [::1]:60258 Closing
[Mon Apr 20 14:51:23 2026] [::1]:60259 Accepted
[Mon Apr 20 14:51:23 2026] [::1]:60259 [200]: GET /wp-content/themes/tijus-theme/assets/images/favicon.ico
[Mon Apr 20 14:51:23 2026] [::1]:60259 Closing
[Mon Apr 20 14:51:43 2026] [::1]:60262 Accepted
[Mon Apr 20 14:51:43 2026] [::1]:60262 Closing
[Mon Apr 20 14:51:43 2026] [::1]:60263 Accepted
[Mon Apr 20 14:51:47 2026] [::1]:60263 Closing
[Mon Apr 20 14:51:47 2026] [::1]:60265 Accepted
[Mon Apr 20 14:51:47 2026] [::1]:60265 [200]: GET /wp-content/themes/tijus-theme/assets/css/vendor/plugins.min.css
[Mon Apr 20 14:51:47 2026] [::1]:60265 Closing
[Mon Apr 20 14:51:47 2026] [::1]:60266 Accepted
[Mon Apr 20 14:51:47 2026] [::1]:60267 Accepted
[Mon Apr 20 14:51:47 2026] [::1]:60268 Accepted
[Mon Apr 20 14:51:47 2026] [::1]:60266 [200]: GET /wp-content/themes/tijus-theme/assets/css/style.min.css
[Mon Apr 20 14:51:47 2026] [::1]:60269 Accepted
[Mon Apr 20 14:51:47 2026] [::1]:60267 [200]: GET /wp-includes/css/dashicons.min.css?ver=6.9.4
[Mon Apr 20 14:51:47 2026] [::1]:60268 [200]: GET /wp-includes/css/admin-bar.min.css?ver=6.9.4
[Mon Apr 20 14:51:47 2026] [::1]:60270 Accepted
[Mon Apr 20 14:51:47 2026] [::1]:60269 [200]: GET /wp-content/plugins/elementor/assets/lib/eicons/css/elementor-icons.min.css?ver=5.48.0
[Mon Apr 20 14:51:47 2026] [::1]:60270 [200]: GET /wp-content/plugins/elementor/assets/css/common.min.css?ver=4.0.2
[Mon Apr 20 14:51:47 2026] [::1]:60267 Closing
[Mon Apr 20 14:51:47 2026] [::1]:60268 Closing
[Mon Apr 20 14:51:47 2026] [::1]:60269 Closing
[Mon Apr 20 14:51:47 2026] [::1]:60266 Closing
[Mon Apr 20 14:51:47 2026] [::1]:60270 Closing
[Mon Apr 20 14:51:47 2026] [::1]:60271 Accepted
[Mon Apr 20 14:51:47 2026] [::1]:60272 Accepted
[Mon Apr 20 14:51:47 2026] [::1]:60273 Accepted
[Mon Apr 20 14:51:47 2026] [::1]:60271 [200]: GET /wp-content/plugins/elementor/assets/css/theme-light.min.css?ver=4.0.2
[Mon Apr 20 14:51:47 2026] [::1]:60272 [200]: GET /wp-includes/css/dist/block-library/style.min.css?ver=6.9.4
[Mon Apr 20 14:51:47 2026] [::1]:60273 [200]: GET /wp-content/themes/tijus-theme/style.css?ver=1.0.0
[Mon Apr 20 14:51:47 2026] [::1]:60274 Accepted
[Mon Apr 20 14:51:47 2026] [::1]:60271 Closing
[Mon Apr 20 14:51:47 2026] [::1]:60272 Closing
[Mon Apr 20 14:51:47 2026] [::1]:60273 Closing
[Mon Apr 20 14:51:47 2026] [::1]:60274 [200]: GET /wp-includes/js/jquery/jquery.min.js?ver=3.7.1
[Mon Apr 20 14:51:47 2026] [::1]:60275 Accepted
[Mon Apr 20 14:51:47 2026] [::1]:60274 Closing
[Mon Apr 20 14:51:47 2026] [::1]:60275 [200]: GET /wp-includes/js/jquery/jquery-migrate.min.js?ver=3.4.1
[Mon Apr 20 14:51:47 2026] [::1]:60275 Closing
[Mon Apr 20 14:51:47 2026] [::1]:60276 Accepted
[Mon Apr 20 14:51:47 2026] [::1]:60277 Accepted
[Mon Apr 20 14:51:47 2026] [::1]:60276 [200]: GET /wp-content/uploads/2026/04/logo.webp
[Mon Apr 20 14:51:47 2026] [::1]:60276 Closing
[Mon Apr 20 14:51:47 2026] [::1]:60277 [200]: GET /wp-content/themes/tijus-theme/assets/images/shape/shape-8.png
[Mon Apr 20 14:51:47 2026] [::1]:60277 Closing
[Mon Apr 20 14:51:47 2026] [::1]:60278 Accepted
[Mon Apr 20 14:51:47 2026] [::1]:60279 Accepted
[Mon Apr 20 14:51:47 2026] [::1]:60278 [200]: GET /wp-content/themes/tijus-theme/assets/images/shape/shape-23.png
[Mon Apr 20 14:51:47 2026] [::1]:60279 [200]: GET /wp-content/themes/tijus-theme/assets/images/shape/shape-5.png
[Mon Apr 20 14:51:47 2026] [::1]:60278 Closing
[Mon Apr 20 14:51:47 2026] [::1]:60279 Closing
[Mon Apr 20 14:51:47 2026] [::1]:60280 Accepted
[Mon Apr 20 14:51:47 2026] [::1]:60280 [200]: GET /wp-content/themes/tijus-theme/assets/images/shape/shape-6.png
[Mon Apr 20 14:51:47 2026] [::1]:60281 Accepted
[Mon Apr 20 14:51:47 2026] [::1]:60280 Closing
[Mon Apr 20 14:51:47 2026] [::1]:60281 [200]: GET /wp-includes/js/hoverintent-js.min.js?ver=2.2.1
[Mon Apr 20 14:51:47 2026] [::1]:60282 Accepted
[Mon Apr 20 14:51:47 2026] [::1]:60281 Closing
[Mon Apr 20 14:51:47 2026] [::1]:60283 Accepted
[Mon Apr 20 14:51:47 2026] [::1]:60284 Accepted
[Mon Apr 20 14:51:47 2026] [::1]:60282 [200]: GET /wp-includes/js/admin-bar.min.js?ver=6.9.4
[Mon Apr 20 14:51:47 2026] [::1]:60283 [200]: GET /wp-includes/js/jquery/ui/core.min.js?ver=1.13.3
[Mon Apr 20 14:51:47 2026] [::1]:60284 [200]: GET /wp-includes/js/jquery/ui/mouse.min.js?ver=1.13.3
[Mon Apr 20 14:51:47 2026] [::1]:60285 Accepted
[Mon Apr 20 14:51:47 2026] [::1]:60282 Closing
[Mon Apr 20 14:51:47 2026] [::1]:60283 Closing
[Mon Apr 20 14:51:47 2026] [::1]:60284 Closing
[Mon Apr 20 14:51:47 2026] [::1]:60285 [200]: GET /wp-includes/js/jquery/ui/draggable.min.js?ver=1.13.3
[Mon Apr 20 14:51:47 2026] [::1]:60285 Closing
[Mon Apr 20 14:51:47 2026] [::1]:60286 Accepted
[Mon Apr 20 14:51:47 2026] [::1]:60286 [200]: GET /wp-includes/js/underscore.min.js?ver=1.13.7
[Mon Apr 20 14:51:47 2026] [::1]:60286 Closing
[Mon Apr 20 14:51:47 2026] [::1]:60287 Accepted
[Mon Apr 20 14:51:47 2026] [::1]:60287 [200]: GET /wp-includes/js/backbone.min.js?ver=1.6.0
[Mon Apr 20 14:51:47 2026] [::1]:60288 Accepted
[Mon Apr 20 14:51:47 2026] [::1]:60287 Closing
[Mon Apr 20 14:51:47 2026] [::1]:60288 [200]: GET /wp-content/plugins/elementor/assets/lib/backbone/backbone.marionette.min.js?ver=2.4.5.e1
[Mon Apr 20 14:51:47 2026] [::1]:60289 Accepted
[Mon Apr 20 14:51:47 2026] [::1]:60288 Closing
[Mon Apr 20 14:51:47 2026] [::1]:60290 Accepted
[Mon Apr 20 14:51:47 2026] [::1]:60289 [200]: GET /wp-content/plugins/elementor/assets/lib/backbone/backbone.radio.min.js?ver=1.0.4
[Mon Apr 20 14:51:47 2026] [::1]:60290 [200]: GET /wp-content/plugins/elementor/assets/js/common-modules.min.js?ver=4.0.2
[Mon Apr 20 14:51:47 2026] [::1]:60291 Accepted
[Mon Apr 20 14:51:47 2026] [::1]:60289 Closing
[Mon Apr 20 14:51:47 2026] [::1]:60290 Closing
[Mon Apr 20 14:51:47 2026] [::1]:60291 [200]: GET /wp-content/plugins/elementor/assets/js/web-cli.min.js?ver=4.0.2
[Mon Apr 20 14:51:47 2026] [::1]:60291 Closing
[Mon Apr 20 14:51:47 2026] [::1]:60292 Accepted
[Mon Apr 20 14:51:47 2026] [::1]:60293 Accepted
[Mon Apr 20 14:51:47 2026] [::1]:60292 [200]: GET /wp-content/plugins/elementor/assets/lib/dialog/dialog.min.js?ver=4.9.4
[Mon Apr 20 14:51:47 2026] [::1]:60293 [200]: GET /wp-includes/js/api-request.min.js?ver=6.9.4
[Mon Apr 20 14:51:47 2026] [::1]:60294 Accepted
[Mon Apr 20 14:51:47 2026] [::1]:60292 Closing
[Mon Apr 20 14:51:47 2026] [::1]:60293 Closing
[Mon Apr 20 14:51:47 2026] [::1]:60295 Accepted
[Mon Apr 20 14:51:47 2026] [::1]:60294 [200]: GET /wp-content/plugins/elementor/assets/js/dev-tools.min.js?ver=4.0.2
[Mon Apr 20 14:51:47 2026] [::1]:60294 Closing
[Mon Apr 20 14:51:47 2026] [::1]:60295 [200]: GET /wp-includes/js/dist/hooks.min.js?ver=dd5603f07f9220ed27f1
[Mon Apr 20 14:51:47 2026] [::1]:60296 Accepted
[Mon Apr 20 14:51:47 2026] [::1]:60295 Closing
[Mon Apr 20 14:51:47 2026] [::1]:60296 [200]: GET /wp-includes/js/dist/i18n.min.js?ver=c26c3dc7bed366793375
[Mon Apr 20 14:51:47 2026] [::1]:60297 Accepted
[Mon Apr 20 14:51:47 2026] [::1]:60296 Closing
[Mon Apr 20 14:51:47 2026] [::1]:60298 Accepted
[Mon Apr 20 14:51:47 2026] [::1]:60297 [200]: GET /wp-content/plugins/elementor/assets/js/common.min.js?ver=4.0.2
[Mon Apr 20 14:51:47 2026] [::1]:60298 [200]: GET /wp-content/plugins/elementor/assets/js/app-loader.min.js?ver=4.0.2
[Mon Apr 20 14:51:47 2026] [::1]:60299 Accepted
[Mon Apr 20 14:51:47 2026] [::1]:60298 Closing
[Mon Apr 20 14:51:47 2026] [::1]:60297 Closing
[Mon Apr 20 14:51:47 2026] [::1]:60299 [200]: GET /wp-content/themes/tijus-theme/assets/js/vendor/modernizr-3.11.2.min.js?ver=3.11.2
[Mon Apr 20 14:51:47 2026] [::1]:60300 Accepted
[Mon Apr 20 14:51:47 2026] [::1]:60301 Accepted
[Mon Apr 20 14:51:47 2026] [::1]:60299 Closing
[Mon Apr 20 14:51:47 2026] [::1]:60300 [200]: GET /wp-content/themes/tijus-theme/assets/js/plugins.min.js?ver=1.0.0
[Mon Apr 20 14:51:47 2026] [::1]:60301 [200]: GET /wp-content/themes/tijus-theme/assets/js/main.js?ver=1.0.0
[Mon Apr 20 14:51:47 2026] [::1]:60300 Closing
[Mon Apr 20 14:51:47 2026] [::1]:60301 Closing
[Mon Apr 20 14:51:47 2026] [::1]:60302 Accepted
[Mon Apr 20 14:51:47 2026] [::1]:60302 [200]: GET /wp-content/themes/tijus-theme/assets/images/shape/shape-24.png
[Mon Apr 20 14:51:47 2026] [::1]:60303 Accepted
[Mon Apr 20 14:51:47 2026] [::1]:60302 Closing
[Mon Apr 20 14:51:47 2026] [::1]:60303 [200]: GET /wp-content/themes/tijus-theme/assets/images/author/author-11.jpg
[Mon Apr 20 14:51:47 2026] [::1]:60304 Accepted
[Mon Apr 20 14:51:47 2026] [::1]:60305 Accepted
[Mon Apr 20 14:51:47 2026] [::1]:60304 [200]: GET /wp-content/themes/tijus-theme/assets/images/shape/shape-1.png
[Mon Apr 20 14:51:47 2026] [::1]:60306 Accepted
[Mon Apr 20 14:51:47 2026] [::1]:60303 Closing
[Mon Apr 20 14:51:47 2026] [::1]:60305 [200]: GET /wp-content/themes/tijus-theme/assets/images/shape/shape-3.png
[Mon Apr 20 14:51:47 2026] [::1]:60307 Accepted
[Mon Apr 20 14:51:47 2026] [::1]:60306 [200]: GET /wp-content/themes/tijus-theme/assets/images/shape/shape-4.png
[Mon Apr 20 14:51:47 2026] [::1]:60308 Accepted
[Mon Apr 20 14:51:47 2026] [::1]:60304 Closing
[Mon Apr 20 14:51:47 2026] [::1]:60307 [200]: GET /wp-content/themes/tijus-theme/assets/images/blog/blog-01.jpg
[Mon Apr 20 14:51:47 2026] [::1]:60309 Accepted
[Mon Apr 20 14:51:47 2026] [::1]:60305 Closing
[Mon Apr 20 14:51:47 2026] [::1]:60308 [200]: GET /wp-content/themes/tijus-theme/assets/fonts/flaticon.ttf?655915d50ed0facf464660ba648373b0
[Mon Apr 20 14:51:47 2026] [::1]:60310 Accepted
[Mon Apr 20 14:51:47 2026] [::1]:60309 [200]: GET /wp-content/themes/tijus-theme/assets/fonts/icofont.woff2
[Mon Apr 20 14:51:47 2026] [::1]:60306 Closing
[Mon Apr 20 14:51:47 2026] [::1]:60307 Closing
[Mon Apr 20 14:51:47 2026] [::1]:60310 [200]: GET /wp-content/themes/tijus-theme/assets/images/shape/shape-2.png
[Mon Apr 20 14:51:47 2026] [::1]:60308 Closing
[Mon Apr 20 14:51:47 2026] [::1]:60310 Closing
[Mon Apr 20 14:51:47 2026] [::1]:60311 Accepted
[Mon Apr 20 14:51:47 2026] [::1]:60309 Closing
[Mon Apr 20 14:51:47 2026] [::1]:60312 Accepted
[Mon Apr 20 14:51:47 2026] [::1]:60311 [200]: GET /wp-content/themes/tijus-theme/assets/images/shape/shape-21.png
[Mon Apr 20 14:51:47 2026] [::1]:60312 [200]: GET /wp-content/themes/tijus-theme/assets/images/shape/shape-22.png
[Mon Apr 20 14:51:47 2026] [::1]:60311 Closing
[Mon Apr 20 14:51:47 2026] [::1]:60312 Closing
[Mon Apr 20 14:51:47 2026] [::1]:60313 Accepted
[Mon Apr 20 14:51:47 2026] [::1]:60313 [200]: GET /wp-includes/js/wp-emoji-release.min.js?ver=6.9.4
[Mon Apr 20 14:51:47 2026] [::1]:60313 Closing
[Mon Apr 20 14:51:47 2026] [::1]:60314 Accepted
[Mon Apr 20 14:51:47 2026] [::1]:60314 [200]: GET /wp-content/themes/tijus-theme/assets/images/favicon.ico
[Mon Apr 20 14:51:47 2026] [::1]:60314 Closing
[Mon Apr 20 14:51:54 2026] [::1]:60315 Accepted
[Mon Apr 20 14:51:54 2026] [::1]:60315 Closing
[Mon Apr 20 14:51:54 2026] [::1]:60316 Accepted
[Mon Apr 20 14:51:54 2026] [::1]:60316 [200]: GET /wp-content/themes/tijus-theme/assets/css/vendor/plugins.min.css
[Mon Apr 20 14:51:54 2026] [::1]:60316 Closing
[Mon Apr 20 14:51:54 2026] [::1]:60318 Accepted
[Mon Apr 20 14:51:54 2026] [::1]:60319 Accepted
[Mon Apr 20 14:51:54 2026] [::1]:60320 Accepted
[Mon Apr 20 14:51:54 2026] [::1]:60318 [200]: GET /wp-content/themes/tijus-theme/assets/css/style.min.css
[Mon Apr 20 14:51:54 2026] [::1]:60321 Accepted
[Mon Apr 20 14:51:54 2026] [::1]:60319 [200]: GET /wp-includes/css/dashicons.min.css?ver=6.9.4
[Mon Apr 20 14:51:54 2026] [::1]:60320 [200]: GET /wp-includes/css/admin-bar.min.css?ver=6.9.4
[Mon Apr 20 14:51:54 2026] [::1]:60322 Accepted
[Mon Apr 20 14:51:54 2026] [::1]:60321 [200]: GET /wp-content/plugins/elementor/assets/lib/eicons/css/elementor-icons.min.css?ver=5.48.0
[Mon Apr 20 14:51:54 2026] [::1]:60322 [200]: GET /wp-content/plugins/elementor/assets/css/common.min.css?ver=4.0.2
[Mon Apr 20 14:51:54 2026] [::1]:60319 Closing
[Mon Apr 20 14:51:54 2026] [::1]:60320 Closing
[Mon Apr 20 14:51:54 2026] [::1]:60321 Closing
[Mon Apr 20 14:51:54 2026] [::1]:60318 Closing
[Mon Apr 20 14:51:54 2026] [::1]:60322 Closing
[Mon Apr 20 14:51:54 2026] [::1]:60323 Accepted
[Mon Apr 20 14:51:54 2026] [::1]:60324 Accepted
[Mon Apr 20 14:51:54 2026] [::1]:60325 Accepted
[Mon Apr 20 14:51:54 2026] [::1]:60326 Accepted
[Mon Apr 20 14:51:54 2026] [::1]:60323 [200]: GET /wp-content/plugins/elementor/assets/css/theme-light.min.css?ver=4.0.2
[Mon Apr 20 14:51:54 2026] [::1]:60324 [200]: GET /wp-includes/css/dist/block-library/style.min.css?ver=6.9.4
[Mon Apr 20 14:51:54 2026] [::1]:60325 [200]: GET /wp-content/themes/tijus-theme/style.css?ver=1.0.0
[Mon Apr 20 14:51:54 2026] [::1]:60326 [200]: GET /wp-includes/js/jquery/jquery.min.js?ver=3.7.1
[Mon Apr 20 14:51:54 2026] [::1]:60327 Accepted
[Mon Apr 20 14:51:54 2026] [::1]:60323 Closing
[Mon Apr 20 14:51:54 2026] [::1]:60324 Closing
[Mon Apr 20 14:51:54 2026] [::1]:60325 Closing
[Mon Apr 20 14:51:54 2026] [::1]:60326 Closing
[Mon Apr 20 14:51:54 2026] [::1]:60327 [200]: GET /wp-includes/js/jquery/jquery-migrate.min.js?ver=3.4.1
[Mon Apr 20 14:51:54 2026] [::1]:60328 Accepted
[Mon Apr 20 14:51:54 2026] [::1]:60328 [200]: GET /wp-content/uploads/2026/04/logo.webp
[Mon Apr 20 14:51:54 2026] [::1]:60327 Closing
[Mon Apr 20 14:51:54 2026] [::1]:60328 Closing
[Mon Apr 20 14:51:54 2026] [::1]:60329 Accepted
[Mon Apr 20 14:51:54 2026] [::1]:60329 [200]: GET /wp-content/themes/tijus-theme/assets/images/shape/shape-8.png
[Mon Apr 20 14:51:54 2026] [::1]:60329 Closing
[Mon Apr 20 14:51:54 2026] [::1]:60330 Accepted
[Mon Apr 20 14:51:54 2026] [::1]:60331 Accepted
[Mon Apr 20 14:51:54 2026] [::1]:60330 [200]: GET /wp-content/themes/tijus-theme/assets/images/shape/shape-23.png
[Mon Apr 20 14:51:54 2026] [::1]:60331 [200]: GET /wp-content/themes/tijus-theme/assets/images/shape/shape-5.png
[Mon Apr 20 14:51:54 2026] [::1]:60330 Closing
[Mon Apr 20 14:51:54 2026] [::1]:60331 Closing
[Mon Apr 20 14:51:55 2026] [::1]:60332 Accepted
[Mon Apr 20 14:51:55 2026] [::1]:60332 [200]: GET /wp-content/themes/tijus-theme/assets/images/shape/shape-6.png
[Mon Apr 20 14:51:55 2026] [::1]:60333 Accepted
[Mon Apr 20 14:51:55 2026] [::1]:60333 [200]: GET /wp-includes/js/hoverintent-js.min.js?ver=2.2.1
[Mon Apr 20 14:51:55 2026] [::1]:60334 Accepted
[Mon Apr 20 14:51:55 2026] [::1]:60332 Closing
[Mon Apr 20 14:51:55 2026] [::1]:60335 Accepted
[Mon Apr 20 14:51:55 2026] [::1]:60333 Closing
[Mon Apr 20 14:51:55 2026] [::1]:60336 Accepted
[Mon Apr 20 14:51:55 2026] [::1]:60334 [200]: GET /wp-includes/js/admin-bar.min.js?ver=6.9.4
[Mon Apr 20 14:51:55 2026] [::1]:60337 Accepted
[Mon Apr 20 14:51:55 2026] [::1]:60335 [200]: GET /wp-includes/js/jquery/ui/core.min.js?ver=1.13.3
[Mon Apr 20 14:51:55 2026] [::1]:60336 [200]: GET /wp-includes/js/jquery/ui/mouse.min.js?ver=1.13.3
[Mon Apr 20 14:51:55 2026] [::1]:60334 Closing
[Mon Apr 20 14:51:55 2026] [::1]:60335 Closing
[Mon Apr 20 14:51:55 2026] [::1]:60336 Closing
[Mon Apr 20 14:51:55 2026] [::1]:60337 [200]: GET /wp-includes/js/jquery/ui/draggable.min.js?ver=1.13.3
[Mon Apr 20 14:51:55 2026] [::1]:60337 Closing
[Mon Apr 20 14:51:55 2026] [::1]:60338 Accepted
[Mon Apr 20 14:51:55 2026] [::1]:60338 [200]: GET /wp-includes/js/underscore.min.js?ver=1.13.7
[Mon Apr 20 14:51:55 2026] [::1]:60338 Closing
[Mon Apr 20 14:51:55 2026] [::1]:60339 Accepted
[Mon Apr 20 14:51:55 2026] [::1]:60339 [200]: GET /wp-includes/js/backbone.min.js?ver=1.6.0
[Mon Apr 20 14:51:55 2026] [::1]:60340 Accepted
[Mon Apr 20 14:51:55 2026] [::1]:60339 Closing
[Mon Apr 20 14:51:55 2026] [::1]:60340 [200]: GET /wp-content/plugins/elementor/assets/lib/backbone/backbone.marionette.min.js?ver=2.4.5.e1
[Mon Apr 20 14:51:55 2026] [::1]:60340 Closing
[Mon Apr 20 14:51:55 2026] [::1]:60341 Accepted
[Mon Apr 20 14:51:55 2026] [::1]:60342 Accepted
[Mon Apr 20 14:51:55 2026] [::1]:60341 [200]: GET /wp-content/plugins/elementor/assets/lib/backbone/backbone.radio.min.js?ver=1.0.4
[Mon Apr 20 14:51:55 2026] [::1]:60342 [200]: GET /wp-content/plugins/elementor/assets/js/common-modules.min.js?ver=4.0.2
[Mon Apr 20 14:51:55 2026] [::1]:60341 Closing
[Mon Apr 20 14:51:55 2026] [::1]:60343 Accepted
[Mon Apr 20 14:51:55 2026] [::1]:60342 Closing
[Mon Apr 20 14:51:55 2026] [::1]:60343 [200]: GET /wp-content/plugins/elementor/assets/js/web-cli.min.js?ver=4.0.2
[Mon Apr 20 14:51:55 2026] [::1]:60343 Closing
[Mon Apr 20 14:51:55 2026] [::1]:60344 Accepted
[Mon Apr 20 14:51:55 2026] [::1]:60345 Accepted
[Mon Apr 20 14:51:55 2026] [::1]:60344 [200]: GET /wp-content/plugins/elementor/assets/lib/dialog/dialog.min.js?ver=4.9.4
[Mon Apr 20 14:51:55 2026] [::1]:60345 [200]: GET /wp-includes/js/api-request.min.js?ver=6.9.4
[Mon Apr 20 14:51:55 2026] [::1]:60344 Closing
[Mon Apr 20 14:51:55 2026] [::1]:60345 Closing
[Mon Apr 20 14:51:55 2026] [::1]:60346 Accepted
[Mon Apr 20 14:51:55 2026] [::1]:60346 [200]: GET /wp-content/plugins/elementor/assets/js/dev-tools.min.js?ver=4.0.2
[Mon Apr 20 14:51:55 2026] [::1]:60347 Accepted
[Mon Apr 20 14:51:55 2026] [::1]:60346 Closing
[Mon Apr 20 14:51:55 2026] [::1]:60348 Accepted
[Mon Apr 20 14:51:55 2026] [::1]:60347 [200]: GET /wp-includes/js/dist/hooks.min.js?ver=dd5603f07f9220ed27f1
[Mon Apr 20 14:51:55 2026] [::1]:60349 Accepted
[Mon Apr 20 14:51:55 2026] [::1]:60348 [200]: GET /wp-includes/js/dist/i18n.min.js?ver=c26c3dc7bed366793375
[Mon Apr 20 14:51:55 2026] [::1]:60350 Accepted
[Mon Apr 20 14:51:55 2026] [::1]:60349 [200]: GET /wp-content/plugins/elementor/assets/js/common.min.js?ver=4.0.2
[Mon Apr 20 14:51:55 2026] [::1]:60351 Accepted
[Mon Apr 20 14:51:55 2026] [::1]:60347 Closing
[Mon Apr 20 14:51:55 2026] [::1]:60350 [200]: GET /wp-content/plugins/elementor/assets/js/app-loader.min.js?ver=4.0.2
[Mon Apr 20 14:51:55 2026] [::1]:60348 Closing
[Mon Apr 20 14:51:55 2026] [::1]:60351 [200]: GET /wp-content/themes/tijus-theme/assets/js/vendor/modernizr-3.11.2.min.js?ver=3.11.2
[Mon Apr 20 14:51:55 2026] [::1]:60350 Closing
[Mon Apr 20 14:51:55 2026] [::1]:60351 Closing
[Mon Apr 20 14:51:55 2026] [::1]:60349 Closing
[Mon Apr 20 14:51:55 2026] [::1]:60352 Accepted
[Mon Apr 20 14:51:55 2026] [::1]:60353 Accepted
[Mon Apr 20 14:51:55 2026] [::1]:60352 [200]: GET /wp-content/themes/tijus-theme/assets/js/plugins.min.js?ver=1.0.0
[Mon Apr 20 14:51:55 2026] [::1]:60352 Closing
[Mon Apr 20 14:51:55 2026] [::1]:60354 Accepted
[Mon Apr 20 14:51:55 2026] [::1]:60353 [200]: GET /wp-content/themes/tijus-theme/assets/js/main.js?ver=1.0.0
[Mon Apr 20 14:51:55 2026] [::1]:60354 [200]: GET /wp-content/themes/tijus-theme/assets/images/shape/shape-24.png
[Mon Apr 20 14:51:55 2026] [::1]:60353 Closing
[Mon Apr 20 14:51:55 2026] [::1]:60354 Closing
[Mon Apr 20 14:51:55 2026] [::1]:60355 Accepted
[Mon Apr 20 14:51:55 2026] [::1]:60355 [200]: GET /wp-content/themes/tijus-theme/assets/images/author/author-11.jpg
[Mon Apr 20 14:51:55 2026] [::1]:60356 Accepted
[Mon Apr 20 14:51:55 2026] [::1]:60355 Closing
[Mon Apr 20 14:51:55 2026] [::1]:60356 [200]: GET /wp-content/themes/tijus-theme/assets/images/shape/shape-2.png
[Mon Apr 20 14:51:55 2026] [::1]:60357 Accepted
[Mon Apr 20 14:51:55 2026] [::1]:60358 Accepted
[Mon Apr 20 14:51:55 2026] [::1]:60357 [200]: GET /wp-content/themes/tijus-theme/assets/images/shape/shape-1.png
[Mon Apr 20 14:51:55 2026] [::1]:60359 Accepted
[Mon Apr 20 14:51:55 2026] [::1]:60356 Closing
[Mon Apr 20 14:51:55 2026] [::1]:60358 [200]: GET /wp-content/themes/tijus-theme/assets/images/shape/shape-3.png
[Mon Apr 20 14:51:55 2026] [::1]:60360 Accepted
[Mon Apr 20 14:51:55 2026] [::1]:60359 [200]: GET /wp-content/themes/tijus-theme/assets/fonts/flaticon.ttf?655915d50ed0facf464660ba648373b0
[Mon Apr 20 14:51:55 2026] [::1]:60361 Accepted
[Mon Apr 20 14:51:55 2026] [::1]:60357 Closing
[Mon Apr 20 14:51:55 2026] [::1]:60360 [200]: GET /wp-content/themes/tijus-theme/assets/fonts/icofont.woff2
[Mon Apr 20 14:51:55 2026] [::1]:60358 Closing
[Mon Apr 20 14:51:55 2026] [::1]:60361 [200]: GET /wp-content/themes/tijus-theme/assets/images/shape/shape-21.png
[Mon Apr 20 14:51:55 2026] [::1]:60362 Accepted
[Mon Apr 20 14:51:55 2026] [::1]:60359 Closing
[Mon Apr 20 14:51:55 2026] [::1]:60361 Closing
[Mon Apr 20 14:51:55 2026] [::1]:60360 Closing
[Mon Apr 20 14:51:55 2026] [::1]:60362 [200]: GET /wp-content/themes/tijus-theme/assets/images/shape/shape-22.png
[Mon Apr 20 14:51:55 2026] [::1]:60362 Closing
[Mon Apr 20 14:51:55 2026] [::1]:60363 Accepted
[Mon Apr 20 14:51:55 2026] [::1]:60363 [200]: GET /wp-includes/js/wp-emoji-release.min.js?ver=6.9.4
[Mon Apr 20 14:51:55 2026] [::1]:60363 Closing
[Mon Apr 20 14:51:55 2026] [::1]:60364 Accepted
[Mon Apr 20 14:51:55 2026] [::1]:60364 [200]: GET /wp-content/themes/tijus-theme/assets/images/favicon.ico
[Mon Apr 20 14:51:55 2026] [::1]:60364 Closing
[Mon Apr 20 14:52:18 2026] [::1]:60369 Accepted
[Mon Apr 20 14:52:18 2026] [::1]:60369 [200]: GET /wp-content/themes/tijus-theme/assets/images/favicon.ico
[Mon Apr 20 14:52:18 2026] [::1]:60369 Closing
[Mon Apr 20 15:05:31 2026] [::1]:60529 Accepted
[Mon Apr 20 15:05:31 2026] [::1]:60530 Accepted
[Mon Apr 20 15:05:35 2026] [::1]:60529 Closing
[Mon Apr 20 15:05:35 2026] [::1]:60533 Accepted
[Mon Apr 20 15:05:35 2026] [::1]:60530 [200]: GET /wp-content/themes/tijus-theme/assets/css/vendor/plugins.min.css
[Mon Apr 20 15:05:35 2026] [::1]:60534 Accepted
[Mon Apr 20 15:05:35 2026] [::1]:60533 [200]: POST /wp-cron.php?doing_wp_cron=1776677734.2746090888977050781250
[Mon Apr 20 15:05:35 2026] [::1]:60533 Closing
[Mon Apr 20 15:05:35 2026] [::1]:60535 Accepted
[Mon Apr 20 15:05:35 2026] [::1]:60534 [200]: GET /wp-content/themes/tijus-theme/assets/css/style.min.css
[Mon Apr 20 15:05:35 2026] [::1]:60536 Accepted
[Mon Apr 20 15:05:35 2026] [::1]:60535 [200]: GET /wp-includes/css/dashicons.min.css?ver=6.9.4
[Mon Apr 20 15:05:35 2026] [::1]:60537 Accepted
[Mon Apr 20 15:05:35 2026] [::1]:60530 Closing
[Mon Apr 20 15:05:35 2026] [::1]:60536 [200]: GET /wp-includes/css/admin-bar.min.css?ver=6.9.4
[Mon Apr 20 15:05:35 2026] [::1]:60538 Accepted
[Mon Apr 20 15:05:35 2026] [::1]:60537 [200]: GET /wp-content/plugins/elementor/assets/lib/eicons/css/elementor-icons.min.css?ver=5.48.0
[Mon Apr 20 15:05:35 2026] [::1]:60539 Accepted
[Mon Apr 20 15:05:35 2026] [::1]:60535 Closing
[Mon Apr 20 15:05:35 2026] [::1]:60538 [200]: GET /wp-content/plugins/elementor/assets/css/common.min.css?ver=4.0.2
[Mon Apr 20 15:05:35 2026] [::1]:60540 Accepted
[Mon Apr 20 15:05:35 2026] [::1]:60536 Closing
[Mon Apr 20 15:05:35 2026] [::1]:60539 [200]: GET /wp-content/plugins/elementor/assets/css/theme-light.min.css?ver=4.0.2
[Mon Apr 20 15:05:35 2026] [::1]:60541 Accepted
[Mon Apr 20 15:05:35 2026] [::1]:60534 Closing
[Mon Apr 20 15:05:35 2026] [::1]:60540 [200]: GET /wp-includes/css/dist/block-library/style.min.css?ver=6.9.4
[Mon Apr 20 15:05:35 2026] [::1]:60537 Closing
[Mon Apr 20 15:05:35 2026] [::1]:60542 Accepted
[Mon Apr 20 15:05:35 2026] [::1]:60538 Closing
[Mon Apr 20 15:05:35 2026] [::1]:60541 [200]: GET /wp-content/themes/tijus-theme/style.css?ver=1.0.0
[Mon Apr 20 15:05:35 2026] [::1]:60543 Accepted
[Mon Apr 20 15:05:35 2026] [::1]:60542 [200]: GET /wp-includes/js/jquery/jquery.min.js?ver=3.7.1
[Mon Apr 20 15:05:35 2026] [::1]:60539 Closing
[Mon Apr 20 15:05:35 2026] [::1]:60544 Accepted
[Mon Apr 20 15:05:35 2026] [::1]:60543 [200]: GET /wp-includes/js/jquery/jquery-migrate.min.js?ver=3.4.1
[Mon Apr 20 15:05:35 2026] [::1]:60540 Closing
[Mon Apr 20 15:05:35 2026] [::1]:60545 Accepted
[Mon Apr 20 15:05:35 2026] [::1]:60544 [200]: GET /wp-content/uploads/2026/04/logo.webp
[Mon Apr 20 15:05:35 2026] [::1]:60541 Closing
[Mon Apr 20 15:05:35 2026] [::1]:60545 [200]: GET /wp-content/themes/tijus-theme/assets/images/shape/shape-8.png
[Mon Apr 20 15:05:35 2026] [::1]:60542 Closing
[Mon Apr 20 15:05:35 2026] [::1]:60543 Closing
[Mon Apr 20 15:05:35 2026] [::1]:60544 Closing
[Mon Apr 20 15:05:35 2026] [::1]:60545 Closing
[Mon Apr 20 15:05:35 2026] [::1]:60546 Accepted
[Mon Apr 20 15:05:35 2026] [::1]:60547 Accepted
[Mon Apr 20 15:05:35 2026] [::1]:60546 [200]: GET /wp-content/themes/tijus-theme/assets/images/shape/shape-23.png
[Mon Apr 20 15:05:35 2026] [::1]:60547 [200]: GET /wp-content/themes/tijus-theme/assets/images/shape/shape-5.png
[Mon Apr 20 15:05:35 2026] [::1]:60546 Closing
[Mon Apr 20 15:05:35 2026] [::1]:60547 Closing
[Mon Apr 20 15:05:35 2026] [::1]:60548 Accepted
[Mon Apr 20 15:05:35 2026] [::1]:60549 Accepted
[Mon Apr 20 15:05:35 2026] [::1]:60548 [200]: GET /wp-content/themes/tijus-theme/assets/images/shape/shape-6.png
[Mon Apr 20 15:05:35 2026] [::1]:60549 [200]: GET /wp-includes/js/hoverintent-js.min.js?ver=2.2.1
[Mon Apr 20 15:05:35 2026] [::1]:60548 Closing
[Mon Apr 20 15:05:35 2026] [::1]:60549 Closing
[Mon Apr 20 15:05:35 2026] [::1]:60550 Accepted
[Mon Apr 20 15:05:35 2026] [::1]:60550 [200]: GET /wp-includes/js/admin-bar.min.js?ver=6.9.4
[Mon Apr 20 15:05:35 2026] [::1]:60551 Accepted
[Mon Apr 20 15:05:35 2026] [::1]:60550 Closing
[Mon Apr 20 15:05:35 2026] [::1]:60551 [200]: GET /wp-includes/js/jquery/ui/core.min.js?ver=1.13.3
[Mon Apr 20 15:05:35 2026] [::1]:60552 Accepted
[Mon Apr 20 15:05:35 2026] [::1]:60553 Accepted
[Mon Apr 20 15:05:35 2026] [::1]:60554 Accepted
[Mon Apr 20 15:05:35 2026] [::1]:60552 [200]: GET /wp-includes/js/jquery/ui/mouse.min.js?ver=1.13.3
[Mon Apr 20 15:05:35 2026] [::1]:60551 Closing
[Mon Apr 20 15:05:35 2026] [::1]:60553 [200]: GET /wp-includes/js/jquery/ui/draggable.min.js?ver=1.13.3
[Mon Apr 20 15:05:35 2026] [::1]:60555 Accepted
[Mon Apr 20 15:05:35 2026] [::1]:60554 [200]: GET /wp-includes/js/underscore.min.js?ver=1.13.7
[Mon Apr 20 15:05:35 2026] [::1]:60555 [200]: GET /wp-includes/js/backbone.min.js?ver=1.6.0
[Mon Apr 20 15:05:35 2026] [::1]:60556 Accepted
[Mon Apr 20 15:05:35 2026] [::1]:60552 Closing
[Mon Apr 20 15:05:35 2026] [::1]:60553 Closing
[Mon Apr 20 15:05:35 2026] [::1]:60554 Closing
[Mon Apr 20 15:05:35 2026] [::1]:60556 [200]: GET /wp-content/plugins/elementor/assets/lib/backbone/backbone.marionette.min.js?ver=2.4.5.e1
[Mon Apr 20 15:05:35 2026] [::1]:60555 Closing
[Mon Apr 20 15:05:35 2026] [::1]:60556 Closing
[Mon Apr 20 15:05:35 2026] [::1]:60557 Accepted
[Mon Apr 20 15:05:35 2026] [::1]:60558 Accepted
[Mon Apr 20 15:05:35 2026] [::1]:60557 [200]: GET /wp-content/plugins/elementor/assets/lib/backbone/backbone.radio.min.js?ver=1.0.4
[Mon Apr 20 15:05:35 2026] [::1]:60558 [200]: GET /wp-content/plugins/elementor/assets/js/common-modules.min.js?ver=4.0.2
[Mon Apr 20 15:05:35 2026] [::1]:60559 Accepted
[Mon Apr 20 15:05:35 2026] [::1]:60557 Closing
[Mon Apr 20 15:05:35 2026] [::1]:60560 Accepted
[Mon Apr 20 15:05:35 2026] [::1]:60558 Closing
[Mon Apr 20 15:05:35 2026] [::1]:60559 [200]: GET /wp-content/plugins/elementor/assets/js/web-cli.min.js?ver=4.0.2
[Mon Apr 20 15:05:35 2026] [::1]:60561 Accepted
[Mon Apr 20 15:05:35 2026] [::1]:60560 [200]: GET /wp-content/plugins/elementor/assets/lib/dialog/dialog.min.js?ver=4.9.4
[Mon Apr 20 15:05:35 2026] [::1]:60561 [200]: GET /wp-includes/js/api-request.min.js?ver=6.9.4
[Mon Apr 20 15:05:35 2026] [::1]:60562 Accepted
[Mon Apr 20 15:05:35 2026] [::1]:60560 Closing
[Mon Apr 20 15:05:35 2026] [::1]:60559 Closing
[Mon Apr 20 15:05:35 2026] [::1]:60561 Closing
[Mon Apr 20 15:05:35 2026] [::1]:60562 [200]: GET /wp-content/plugins/elementor/assets/js/dev-tools.min.js?ver=4.0.2
[Mon Apr 20 15:05:35 2026] [::1]:60563 Accepted
[Mon Apr 20 15:05:35 2026] [::1]:60563 [200]: GET /wp-includes/js/dist/hooks.min.js?ver=dd5603f07f9220ed27f1
[Mon Apr 20 15:05:35 2026] [::1]:60562 Closing
[Mon Apr 20 15:05:35 2026] [::1]:60564 Accepted
[Mon Apr 20 15:05:35 2026] [::1]:60563 Closing
[Mon Apr 20 15:05:35 2026] [::1]:60566 Accepted
[Mon Apr 20 15:05:35 2026] [::1]:60564 [200]: GET /wp-includes/js/dist/i18n.min.js?ver=c26c3dc7bed366793375
[Mon Apr 20 15:05:35 2026] [::1]:60567 Accepted
[Mon Apr 20 15:05:35 2026] [::1]:60566 [200]: GET /wp-content/plugins/elementor/assets/js/common.min.js?ver=4.0.2
[Mon Apr 20 15:05:35 2026] [::1]:60568 Accepted
[Mon Apr 20 15:05:35 2026] [::1]:60564 Closing
[Mon Apr 20 15:05:35 2026] [::1]:60567 [200]: GET /wp-content/plugins/elementor/assets/js/app-loader.min.js?ver=4.0.2
[Mon Apr 20 15:05:35 2026] [::1]:60568 [200]: GET /wp-content/themes/tijus-theme/assets/js/vendor/modernizr-3.11.2.min.js?ver=3.11.2
[Mon Apr 20 15:05:35 2026] [::1]:60569 Accepted
[Mon Apr 20 15:05:35 2026] [::1]:60567 Closing
[Mon Apr 20 15:05:35 2026] [::1]:60568 Closing
[Mon Apr 20 15:05:35 2026] [::1]:60570 Accepted
[Mon Apr 20 15:05:35 2026] [::1]:60569 [200]: GET /wp-content/themes/tijus-theme/assets/js/plugins.min.js?ver=1.0.0
[Mon Apr 20 15:05:35 2026] [::1]:60571 Accepted
[Mon Apr 20 15:05:35 2026] [::1]:60570 [200]: GET /wp-content/themes/tijus-theme/assets/images/shape/shape-24.png
[Mon Apr 20 15:05:35 2026] [::1]:60566 Closing
[Mon Apr 20 15:05:35 2026] [::1]:60571 [200]: GET /wp-content/themes/tijus-theme/assets/images/shape/shape-1.png
[Mon Apr 20 15:05:35 2026] [::1]:60572 Accepted
[Mon Apr 20 15:05:35 2026] [::1]:60573 Accepted
[Mon Apr 20 15:05:35 2026] [::1]:60570 Closing
[Mon Apr 20 15:05:35 2026] [::1]:60572 [200]: GET /wp-content/themes/tijus-theme/assets/images/shape/shape-2.png
[Mon Apr 20 15:05:35 2026] [::1]:60569 Closing
[Mon Apr 20 15:05:35 2026] [::1]:60574 Accepted
[Mon Apr 20 15:05:35 2026] [::1]:60571 Closing
[Mon Apr 20 15:05:35 2026] [::1]:60573 [200]: GET /wp-content/themes/tijus-theme/assets/images/author/author-11.jpg
[Mon Apr 20 15:05:35 2026] [::1]:60575 Accepted
[Mon Apr 20 15:05:35 2026] [::1]:60574 [200]: GET /wp-content/themes/tijus-theme/assets/fonts/flaticon.ttf?655915d50ed0facf464660ba648373b0
[Mon Apr 20 15:05:35 2026] [::1]:60576 Accepted
[Mon Apr 20 15:05:35 2026] [::1]:60575 [200]: GET /wp-content/themes/tijus-theme/assets/fonts/icofont.woff2
[Mon Apr 20 15:05:35 2026] [::1]:60572 Closing
[Mon Apr 20 15:05:35 2026] [::1]:60577 Accepted
[Mon Apr 20 15:05:35 2026] [::1]:60576 [200]: GET /wp-content/themes/tijus-theme/assets/images/shape/shape-4.png
[Mon Apr 20 15:05:35 2026] [::1]:60573 Closing
[Mon Apr 20 15:05:35 2026] [::1]:60578 Accepted
[Mon Apr 20 15:05:35 2026] [::1]:60577 [200]: GET /wp-content/themes/tijus-theme/assets/images/shape/shape-3.png
[Mon Apr 20 15:05:35 2026] [::1]:60574 Closing
[Mon Apr 20 15:05:35 2026] [::1]:60579 Accepted
[Mon Apr 20 15:05:35 2026] [::1]:60578 [200]: GET /wp-content/themes/tijus-theme/assets/images/blog/blog-01.jpg
[Mon Apr 20 15:05:35 2026] [::1]:60580 Accepted
[Mon Apr 20 15:05:35 2026] [::1]:60579 [200]: GET /wp-content/themes/tijus-theme/assets/js/main.js?ver=1.0.0
[Mon Apr 20 15:05:35 2026] [::1]:60576 Closing
[Mon Apr 20 15:05:35 2026] [::1]:60577 Closing
[Mon Apr 20 15:05:35 2026] [::1]:60580 [200]: GET /wp-content/themes/tijus-theme/assets/images/shape/shape-21.png
[Mon Apr 20 15:05:35 2026] [::1]:60581 Accepted
[Mon Apr 20 15:05:35 2026] [::1]:60578 Closing
[Mon Apr 20 15:05:35 2026] [::1]:60579 Closing
[Mon Apr 20 15:05:35 2026] [::1]:60575 Closing
[Mon Apr 20 15:05:35 2026] [::1]:60581 [200]: GET /wp-content/themes/tijus-theme/assets/images/shape/shape-22.png
[Mon Apr 20 15:05:35 2026] [::1]:60580 Closing
[Mon Apr 20 15:05:35 2026] [::1]:60581 Closing
[Mon Apr 20 15:05:35 2026] [::1]:60582 Accepted
[Mon Apr 20 15:05:35 2026] [::1]:60582 [200]: GET /wp-content/themes/tijus-theme/assets/images/favicon.ico
[Mon Apr 20 15:05:35 2026] [::1]:60582 Closing
[Mon Apr 20 15:05:35 2026] [::1]:60583 Accepted
[Mon Apr 20 15:05:35 2026] [::1]:60583 [200]: GET /wp-content/uploads/2026/04/cropped-logo-32x32.webp
[Mon Apr 20 15:05:35 2026] [::1]:60583 Closing
[Mon Apr 20 15:05:35 2026] [::1]:60584 Accepted
[Mon Apr 20 15:05:35 2026] [::1]:60584 [200]: GET /wp-includes/js/wp-emoji-release.min.js?ver=6.9.4
[Mon Apr 20 15:05:35 2026] [::1]:60584 Closing
[Mon Apr 20 15:05:39 2026] [::1]:60586 Accepted
[Mon Apr 20 15:05:39 2026] [::1]:60586 Closing
[Mon Apr 20 15:05:39 2026] [::1]:60587 Accepted
[Mon Apr 20 15:05:39 2026] [::1]:60587 [200]: GET /wp-content/themes/tijus-theme/assets/css/vendor/plugins.min.css
[Mon Apr 20 15:05:39 2026] [::1]:60587 Closing
[Mon Apr 20 15:05:39 2026] [::1]:60589 Accepted
[Mon Apr 20 15:05:39 2026] [::1]:60590 Accepted
[Mon Apr 20 15:05:39 2026] [::1]:60591 Accepted
[Mon Apr 20 15:05:39 2026] [::1]:60589 [200]: GET /wp-content/themes/tijus-theme/assets/css/style.min.css
[Mon Apr 20 15:05:39 2026] [::1]:60590 [200]: GET /wp-includes/css/dashicons.min.css?ver=6.9.4
[Mon Apr 20 15:05:39 2026] [::1]:60592 Accepted
[Mon Apr 20 15:05:39 2026] [::1]:60591 [200]: GET /wp-includes/css/admin-bar.min.css?ver=6.9.4
[Mon Apr 20 15:05:39 2026] [::1]:60593 Accepted
[Mon Apr 20 15:05:39 2026] [::1]:60592 [200]: GET /wp-content/plugins/elementor/assets/lib/eicons/css/elementor-icons.min.css?ver=5.48.0
[Mon Apr 20 15:05:39 2026] [::1]:60590 Closing
[Mon Apr 20 15:05:39 2026] [::1]:60593 [200]: GET /wp-content/plugins/elementor/assets/css/common.min.css?ver=4.0.2
[Mon Apr 20 15:05:39 2026] [::1]:60591 Closing
[Mon Apr 20 15:05:39 2026] [::1]:60589 Closing
[Mon Apr 20 15:05:39 2026] [::1]:60592 Closing
[Mon Apr 20 15:05:39 2026] [::1]:60593 Closing
[Mon Apr 20 15:05:39 2026] [::1]:60594 Accepted
[Mon Apr 20 15:05:39 2026] [::1]:60595 Accepted
[Mon Apr 20 15:05:39 2026] [::1]:60594 [200]: GET /wp-content/plugins/elementor/assets/css/theme-light.min.css?ver=4.0.2
[Mon Apr 20 15:05:39 2026] [::1]:60595 [200]: GET /wp-includes/css/dist/block-library/style.min.css?ver=6.9.4
[Mon Apr 20 15:05:39 2026] [::1]:60596 Accepted
[Mon Apr 20 15:05:39 2026] [::1]:60594 Closing
[Mon Apr 20 15:05:39 2026] [::1]:60595 Closing
[Mon Apr 20 15:05:39 2026] [::1]:60596 [200]: GET /wp-content/themes/tijus-theme/style.css?ver=1.0.0
[Mon Apr 20 15:05:39 2026] [::1]:60596 Closing
[Mon Apr 20 15:05:39 2026] [::1]:60597 Accepted
[Mon Apr 20 15:05:39 2026] [::1]:60598 Accepted
[Mon Apr 20 15:05:39 2026] [::1]:60597 [200]: GET /wp-includes/js/jquery/jquery.min.js?ver=3.7.1
[Mon Apr 20 15:05:39 2026] [::1]:60598 [200]: GET /wp-includes/js/jquery/jquery-migrate.min.js?ver=3.4.1
[Mon Apr 20 15:05:39 2026] [::1]:60597 Closing
[Mon Apr 20 15:05:39 2026] [::1]:60598 Closing
[Mon Apr 20 15:05:39 2026] [::1]:60599 Accepted
[Mon Apr 20 15:05:39 2026] [::1]:60599 [200]: GET /wp-content/uploads/2026/04/logo.webp
[Mon Apr 20 15:05:39 2026] [::1]:60600 Accepted
[Mon Apr 20 15:05:39 2026] [::1]:60599 Closing
[Mon Apr 20 15:05:39 2026] [::1]:60600 [200]: GET /wp-content/themes/tijus-theme/assets/images/shape/shape-8.png
[Mon Apr 20 15:05:39 2026] [::1]:60600 Closing
[Mon Apr 20 15:05:39 2026] [::1]:60601 Accepted
[Mon Apr 20 15:05:39 2026] [::1]:60602 Accepted
[Mon Apr 20 15:05:39 2026] [::1]:60601 [200]: GET /wp-content/themes/tijus-theme/assets/images/shape/shape-23.png
[Mon Apr 20 15:05:39 2026] [::1]:60602 [200]: GET /wp-content/themes/tijus-theme/assets/images/shape/shape-5.png
[Mon Apr 20 15:05:39 2026] [::1]:60601 Closing
[Mon Apr 20 15:05:39 2026] [::1]:60602 Closing
[Mon Apr 20 15:05:39 2026] [::1]:60603 Accepted
[Mon Apr 20 15:05:39 2026] [::1]:60603 [200]: GET /wp-content/themes/tijus-theme/assets/images/shape/shape-6.png
[Mon Apr 20 15:05:39 2026] [::1]:60604 Accepted
[Mon Apr 20 15:05:39 2026] [::1]:60604 [200]: GET /wp-includes/js/hoverintent-js.min.js?ver=2.2.1
[Mon Apr 20 15:05:39 2026] [::1]:60605 Accepted
[Mon Apr 20 15:05:39 2026] [::1]:60603 Closing
[Mon Apr 20 15:05:39 2026] [::1]:60606 Accepted
[Mon Apr 20 15:05:39 2026] [::1]:60607 Accepted
[Mon Apr 20 15:05:39 2026] [::1]:60604 Closing
[Mon Apr 20 15:05:39 2026] [::1]:60605 [200]: GET /wp-includes/js/admin-bar.min.js?ver=6.9.4
[Mon Apr 20 15:05:39 2026] [::1]:60608 Accepted
[Mon Apr 20 15:05:39 2026] [::1]:60606 [200]: GET /wp-includes/js/jquery/ui/core.min.js?ver=1.13.3
[Mon Apr 20 15:05:39 2026] [::1]:60607 [200]: GET /wp-includes/js/jquery/ui/mouse.min.js?ver=1.13.3
[Mon Apr 20 15:05:39 2026] [::1]:60608 [200]: GET /wp-includes/js/jquery/ui/draggable.min.js?ver=1.13.3
[Mon Apr 20 15:05:39 2026] [::1]:60605 Closing
[Mon Apr 20 15:05:39 2026] [::1]:60606 Closing
[Mon Apr 20 15:05:39 2026] [::1]:60607 Closing
[Mon Apr 20 15:05:39 2026] [::1]:60608 Closing
[Mon Apr 20 15:05:39 2026] [::1]:60609 Accepted
[Mon Apr 20 15:05:39 2026] [::1]:60610 Accepted
[Mon Apr 20 15:05:39 2026] [::1]:60611 Accepted
[Mon Apr 20 15:05:39 2026] [::1]:60609 [200]: GET /wp-includes/js/underscore.min.js?ver=1.13.7
[Mon Apr 20 15:05:39 2026] [::1]:60612 Accepted
[Mon Apr 20 15:05:39 2026] [::1]:60610 [200]: GET /wp-includes/js/backbone.min.js?ver=1.6.0
[Mon Apr 20 15:05:39 2026] [::1]:60611 [200]: GET /wp-content/plugins/elementor/assets/lib/backbone/backbone.marionette.min.js?ver=2.4.5.e1
[Mon Apr 20 15:05:39 2026] [::1]:60613 Accepted
[Mon Apr 20 15:05:39 2026] [::1]:60612 [200]: GET /wp-content/plugins/elementor/assets/lib/backbone/backbone.radio.min.js?ver=1.0.4
[Mon Apr 20 15:05:39 2026] [::1]:60614 Accepted
[Mon Apr 20 15:05:39 2026] [::1]:60609 Closing
[Mon Apr 20 15:05:39 2026] [::1]:60613 [200]: GET /wp-content/plugins/elementor/assets/js/common-modules.min.js?ver=4.0.2
[Mon Apr 20 15:05:39 2026] [::1]:60610 Closing
[Mon Apr 20 15:05:39 2026] [::1]:60611 Closing
[Mon Apr 20 15:05:39 2026] [::1]:60614 [200]: GET /wp-content/plugins/elementor/assets/js/web-cli.min.js?ver=4.0.2
[Mon Apr 20 15:05:39 2026] [::1]:60612 Closing
[Mon Apr 20 15:05:39 2026] [::1]:60613 Closing
[Mon Apr 20 15:05:39 2026] [::1]:60614 Closing
[Mon Apr 20 15:05:39 2026] [::1]:60615 Accepted
[Mon Apr 20 15:05:39 2026] [::1]:60616 Accepted
[Mon Apr 20 15:05:39 2026] [::1]:60615 [200]: GET /wp-content/plugins/elementor/assets/lib/dialog/dialog.min.js?ver=4.9.4
[Mon Apr 20 15:05:39 2026] [::1]:60616 [200]: GET /wp-includes/js/api-request.min.js?ver=6.9.4
[Mon Apr 20 15:05:39 2026] [::1]:60617 Accepted
[Mon Apr 20 15:05:39 2026] [::1]:60615 Closing
[Mon Apr 20 15:05:39 2026] [::1]:60616 Closing
[Mon Apr 20 15:05:39 2026] [::1]:60617 [200]: GET /wp-content/plugins/elementor/assets/js/dev-tools.min.js?ver=4.0.2
[Mon Apr 20 15:05:39 2026] [::1]:60618 Accepted
[Mon Apr 20 15:05:39 2026] [::1]:60618 [200]: GET /wp-includes/js/dist/hooks.min.js?ver=dd5603f07f9220ed27f1
[Mon Apr 20 15:05:39 2026] [::1]:60617 Closing
[Mon Apr 20 15:05:39 2026] [::1]:60618 Closing
[Mon Apr 20 15:05:39 2026] [::1]:60619 Accepted
[Mon Apr 20 15:05:39 2026] [::1]:60620 Accepted
[Mon Apr 20 15:05:39 2026] [::1]:60619 [200]: GET /wp-includes/js/dist/i18n.min.js?ver=c26c3dc7bed366793375
[Mon Apr 20 15:05:39 2026] [::1]:60620 [200]: GET /wp-content/plugins/elementor/assets/js/common.min.js?ver=4.0.2
[Mon Apr 20 15:05:39 2026] [::1]:60621 Accepted
[Mon Apr 20 15:05:39 2026] [::1]:60619 Closing
[Mon Apr 20 15:05:39 2026] [::1]:60622 Accepted
[Mon Apr 20 15:05:39 2026] [::1]:60620 Closing
[Mon Apr 20 15:05:39 2026] [::1]:60621 [200]: GET /wp-content/plugins/elementor/assets/js/app-loader.min.js?ver=4.0.2
[Mon Apr 20 15:05:39 2026] [::1]:60623 Accepted
[Mon Apr 20 15:05:39 2026] [::1]:60621 Closing
[Mon Apr 20 15:05:39 2026] [::1]:60622 [200]: GET /wp-content/themes/tijus-theme/assets/js/vendor/modernizr-3.11.2.min.js?ver=3.11.2
[Mon Apr 20 15:05:39 2026] [::1]:60622 Closing
[Mon Apr 20 15:05:39 2026] [::1]:60623 [200]: GET /wp-content/themes/tijus-theme/assets/js/plugins.min.js?ver=1.0.0
[Mon Apr 20 15:05:39 2026] [::1]:60624 Accepted
[Mon Apr 20 15:05:39 2026] [::1]:60623 Closing
[Mon Apr 20 15:05:39 2026] [::1]:60624 [200]: GET /wp-content/themes/tijus-theme/assets/js/main.js?ver=1.0.0
[Mon Apr 20 15:05:39 2026] [::1]:60624 Closing
[Mon Apr 20 15:05:39 2026] [::1]:60625 Accepted
[Mon Apr 20 15:05:39 2026] [::1]:60625 [200]: GET /wp-content/themes/tijus-theme/assets/images/shape/shape-24.png
[Mon Apr 20 15:05:39 2026] [::1]:60625 Closing
[Mon Apr 20 15:05:39 2026] [::1]:60626 Accepted
[Mon Apr 20 15:05:39 2026] [::1]:60627 Accepted
[Mon Apr 20 15:05:39 2026] [::1]:60626 [200]: GET /wp-content/themes/tijus-theme/assets/images/author/author-11.jpg
[Mon Apr 20 15:05:39 2026] [::1]:60626 Closing
[Mon Apr 20 15:05:39 2026] [::1]:60627 [200]: GET /wp-content/themes/tijus-theme/assets/images/shape/shape-21.png
[Mon Apr 20 15:05:39 2026] [::1]:60627 Closing
[Mon Apr 20 15:05:39 2026] [::1]:60628 Accepted
[Mon Apr 20 15:05:39 2026] [::1]:60628 [200]: GET /wp-content/themes/tijus-theme/assets/images/shape/shape-22.png
[Mon Apr 20 15:05:39 2026] [::1]:60628 Closing
[Mon Apr 20 15:05:39 2026] [::1]:60629 Accepted
[Mon Apr 20 15:05:39 2026] [::1]:60629 [200]: GET /wp-content/themes/tijus-theme/assets/images/shape/shape-1.png
[Mon Apr 20 15:05:39 2026] [::1]:60629 Closing
[Mon Apr 20 15:05:39 2026] [::1]:60630 Accepted
[Mon Apr 20 15:05:39 2026] [::1]:60630 [200]: GET /wp-content/themes/tijus-theme/assets/images/shape/shape-3.png
[Mon Apr 20 15:05:39 2026] [::1]:60631 Accepted
[Mon Apr 20 15:05:39 2026] [::1]:60630 Closing
[Mon Apr 20 15:05:39 2026] [::1]:60631 [200]: GET /wp-content/themes/tijus-theme/assets/images/shape/shape-2.png
[Mon Apr 20 15:05:39 2026] [::1]:60631 Closing
[Mon Apr 20 15:05:39 2026] [::1]:60632 Accepted
[Mon Apr 20 15:05:39 2026] [::1]:60633 Accepted
[Mon Apr 20 15:05:39 2026] [::1]:60632 [200]: GET /wp-content/themes/tijus-theme/assets/fonts/flaticon.ttf?655915d50ed0facf464660ba648373b0
[Mon Apr 20 15:05:39 2026] [::1]:60633 [200]: GET /wp-content/themes/tijus-theme/assets/fonts/icofont.woff2
[Mon Apr 20 15:05:39 2026] [::1]:60632 Closing
[Mon Apr 20 15:05:39 2026] [::1]:60633 Closing
[Mon Apr 20 15:05:39 2026] [::1]:60634 Accepted
[Mon Apr 20 15:05:39 2026] [::1]:60634 [200]: GET /wp-includes/js/wp-emoji-release.min.js?ver=6.9.4
[Mon Apr 20 15:05:39 2026] [::1]:60634 Closing
[Mon Apr 20 15:05:39 2026] [::1]:60635 Accepted
[Mon Apr 20 15:05:39 2026] [::1]:60635 [200]: GET /wp-content/themes/tijus-theme/assets/images/favicon.ico
[Mon Apr 20 15:05:39 2026] [::1]:60635 Closing
[Mon Apr 20 15:06:00 2026] [::1]:60636 Accepted
[Mon Apr 20 15:06:00 2026] [::1]:60636 Closing
[Mon Apr 20 15:06:00 2026] [::1]:60637 Accepted
[Mon Apr 20 15:06:00 2026] [::1]:60637 [200]: GET /wp-content/themes/tijus-theme/assets/css/vendor/plugins.min.css
[Mon Apr 20 15:06:00 2026] [::1]:60637 Closing
[Mon Apr 20 15:06:00 2026] [::1]:60639 Accepted
[Mon Apr 20 15:06:00 2026] [::1]:60640 Accepted
[Mon Apr 20 15:06:00 2026] [::1]:60641 Accepted
[Mon Apr 20 15:06:00 2026] [::1]:60639 [200]: GET /wp-content/themes/tijus-theme/assets/css/style.min.css
[Mon Apr 20 15:06:00 2026] [::1]:60642 Accepted
[Mon Apr 20 15:06:00 2026] [::1]:60640 [200]: GET /wp-includes/css/dashicons.min.css?ver=6.9.4
[Mon Apr 20 15:06:00 2026] [::1]:60643 Accepted
[Mon Apr 20 15:06:00 2026] [::1]:60641 [200]: GET /wp-includes/css/admin-bar.min.css?ver=6.9.4
[Mon Apr 20 15:06:00 2026] [::1]:60642 [200]: GET /wp-content/plugins/elementor/assets/lib/eicons/css/elementor-icons.min.css?ver=5.48.0
[Mon Apr 20 15:06:00 2026] [::1]:60643 [200]: GET /wp-content/plugins/elementor/assets/css/common.min.css?ver=4.0.2
[Mon Apr 20 15:06:00 2026] [::1]:60640 Closing
[Mon Apr 20 15:06:00 2026] [::1]:60641 Closing
[Mon Apr 20 15:06:00 2026] [::1]:60642 Closing
[Mon Apr 20 15:06:00 2026] [::1]:60639 Closing
[Mon Apr 20 15:06:00 2026] [::1]:60643 Closing
[Mon Apr 20 15:06:00 2026] [::1]:60644 Accepted
[Mon Apr 20 15:06:00 2026] [::1]:60644 [200]: GET /wp-content/plugins/elementor/assets/css/theme-light.min.css?ver=4.0.2
[Mon Apr 20 15:06:00 2026] [::1]:60644 Closing
[Mon Apr 20 15:06:00 2026] [::1]:60645 Accepted
[Mon Apr 20 15:06:00 2026] [::1]:60646 Accepted
[Mon Apr 20 15:06:00 2026] [::1]:60647 Accepted
[Mon Apr 20 15:06:00 2026] [::1]:60645 [200]: GET /wp-includes/css/dist/block-library/style.min.css?ver=6.9.4
[Mon Apr 20 15:06:00 2026] [::1]:60646 [200]: GET /wp-content/themes/tijus-theme/style.css?ver=1.0.0
[Mon Apr 20 15:06:00 2026] [::1]:60647 [200]: GET /wp-includes/js/jquery/jquery.min.js?ver=3.7.1
[Mon Apr 20 15:06:00 2026] [::1]:60648 Accepted
[Mon Apr 20 15:06:00 2026] [::1]:60645 Closing
[Mon Apr 20 15:06:00 2026] [::1]:60646 Closing
[Mon Apr 20 15:06:00 2026] [::1]:60647 Closing
[Mon Apr 20 15:06:00 2026] [::1]:60648 [200]: GET /wp-includes/js/jquery/jquery-migrate.min.js?ver=3.4.1
[Mon Apr 20 15:06:00 2026] [::1]:60649 Accepted
[Mon Apr 20 15:06:00 2026] [::1]:60648 Closing
[Mon Apr 20 15:06:00 2026] [::1]:60649 [200]: GET /wp-content/uploads/2026/04/logo.webp
[Mon Apr 20 15:06:00 2026] [::1]:60650 Accepted
[Mon Apr 20 15:06:00 2026] [::1]:60650 [200]: GET /wp-content/themes/tijus-theme/assets/images/shape/shape-8.png
[Mon Apr 20 15:06:00 2026] [::1]:60649 Closing
[Mon Apr 20 15:06:00 2026] [::1]:60650 Closing
[Mon Apr 20 15:06:00 2026] [::1]:60651 Accepted
[Mon Apr 20 15:06:00 2026] [::1]:60651 [200]: GET /wp-content/themes/tijus-theme/assets/images/shape/shape-23.png
[Mon Apr 20 15:06:00 2026] [::1]:60651 Closing
[Mon Apr 20 15:06:00 2026] [::1]:60652 Accepted
[Mon Apr 20 15:06:00 2026] [::1]:60652 [200]: GET /wp-content/themes/tijus-theme/assets/images/shape/shape-5.png
[Mon Apr 20 15:06:00 2026] [::1]:60652 Closing
[Mon Apr 20 15:06:00 2026] [::1]:60653 Accepted
[Mon Apr 20 15:06:00 2026] [::1]:60653 [200]: GET /wp-content/themes/tijus-theme/assets/images/shape/shape-6.png
[Mon Apr 20 15:06:00 2026] [::1]:60654 Accepted
[Mon Apr 20 15:06:00 2026] [::1]:60655 Accepted
[Mon Apr 20 15:06:00 2026] [::1]:60656 Accepted
[Mon Apr 20 15:06:00 2026] [::1]:60653 Closing
[Mon Apr 20 15:06:00 2026] [::1]:60654 [200]: GET /wp-includes/js/hoverintent-js.min.js?ver=2.2.1
[Mon Apr 20 15:06:00 2026] [::1]:60657 Accepted
[Mon Apr 20 15:06:00 2026] [::1]:60655 [200]: GET /wp-includes/js/admin-bar.min.js?ver=6.9.4
[Mon Apr 20 15:06:00 2026] [::1]:60658 Accepted
[Mon Apr 20 15:06:00 2026] [::1]:60656 [200]: GET /wp-includes/js/jquery/ui/core.min.js?ver=1.13.3
[Mon Apr 20 15:06:00 2026] [::1]:60657 [200]: GET /wp-includes/js/jquery/ui/mouse.min.js?ver=1.13.3
[Mon Apr 20 15:06:00 2026] [::1]:60654 Closing
[Mon Apr 20 15:06:00 2026] [::1]:60655 Closing
[Mon Apr 20 15:06:00 2026] [::1]:60656 Closing
[Mon Apr 20 15:06:00 2026] [::1]:60657 Closing
[Mon Apr 20 15:06:00 2026] [::1]:60658 [200]: GET /wp-includes/js/jquery/ui/draggable.min.js?ver=1.13.3
[Mon Apr 20 15:06:00 2026] [::1]:60658 Closing
[Mon Apr 20 15:06:00 2026] [::1]:60659 Accepted
[Mon Apr 20 15:06:00 2026] [::1]:60659 [200]: GET /wp-includes/js/underscore.min.js?ver=1.13.7
[Mon Apr 20 15:06:00 2026] [::1]:60659 Closing
[Mon Apr 20 15:06:00 2026] [::1]:60660 Accepted
[Mon Apr 20 15:06:00 2026] [::1]:60660 [200]: GET /wp-includes/js/backbone.min.js?ver=1.6.0
[Mon Apr 20 15:06:00 2026] [::1]:60661 Accepted
[Mon Apr 20 15:06:00 2026] [::1]:60662 Accepted
[Mon Apr 20 15:06:00 2026] [::1]:60661 [200]: GET /wp-content/plugins/elementor/assets/lib/backbone/backbone.marionette.min.js?ver=2.4.5.e1
[Mon Apr 20 15:06:00 2026] [::1]:60660 Closing
[Mon Apr 20 15:06:00 2026] [::1]:60662 [200]: GET /wp-content/plugins/elementor/assets/lib/backbone/backbone.radio.min.js?ver=1.0.4
[Mon Apr 20 15:06:00 2026] [::1]:60663 Accepted
[Mon Apr 20 15:06:00 2026] [::1]:60661 Closing
[Mon Apr 20 15:06:00 2026] [::1]:60662 Closing
[Mon Apr 20 15:06:00 2026] [::1]:60663 [200]: GET /wp-content/plugins/elementor/assets/js/common-modules.min.js?ver=4.0.2
[Mon Apr 20 15:06:00 2026] [::1]:60664 Accepted
[Mon Apr 20 15:06:00 2026] [::1]:60663 Closing
[Mon Apr 20 15:06:00 2026] [::1]:60664 [200]: GET /wp-content/plugins/elementor/assets/js/web-cli.min.js?ver=4.0.2
[Mon Apr 20 15:06:00 2026] [::1]:60665 Accepted
[Mon Apr 20 15:06:00 2026] [::1]:60664 Closing
[Mon Apr 20 15:06:00 2026] [::1]:60665 [200]: GET /wp-content/plugins/elementor/assets/lib/dialog/dialog.min.js?ver=4.9.4
[Mon Apr 20 15:06:00 2026] [::1]:60665 Closing
[Mon Apr 20 15:06:00 2026] [::1]:60666 Accepted
[Mon Apr 20 15:06:00 2026] [::1]:60667 Accepted
[Mon Apr 20 15:06:00 2026] [::1]:60666 [200]: GET /wp-includes/js/api-request.min.js?ver=6.9.4
[Mon Apr 20 15:06:00 2026] [::1]:60668 Accepted
[Mon Apr 20 15:06:00 2026] [::1]:60667 [200]: GET /wp-content/plugins/elementor/assets/js/dev-tools.min.js?ver=4.0.2
[Mon Apr 20 15:06:00 2026] [::1]:60669 Accepted
[Mon Apr 20 15:06:00 2026] [::1]:60666 Closing
[Mon Apr 20 15:06:00 2026] [::1]:60667 Closing
[Mon Apr 20 15:06:00 2026] [::1]:60668 [200]: GET /wp-includes/js/dist/hooks.min.js?ver=dd5603f07f9220ed27f1
[Mon Apr 20 15:06:00 2026] [::1]:60670 Accepted
[Mon Apr 20 15:06:00 2026] [::1]:60669 [200]: GET /wp-includes/js/dist/i18n.min.js?ver=c26c3dc7bed366793375
[Mon Apr 20 15:06:00 2026] [::1]:60671 Accepted
[Mon Apr 20 15:06:00 2026] [::1]:60670 [200]: GET /wp-content/plugins/elementor/assets/js/common.min.js?ver=4.0.2
[Mon Apr 20 15:06:00 2026] [::1]:60668 Closing
[Mon Apr 20 15:06:00 2026] [::1]:60671 [200]: GET /wp-content/plugins/elementor/assets/js/app-loader.min.js?ver=4.0.2
[Mon Apr 20 15:06:00 2026] [::1]:60669 Closing
[Mon Apr 20 15:06:00 2026] [::1]:60671 Closing
[Mon Apr 20 15:06:00 2026] [::1]:60670 Closing
[Mon Apr 20 15:06:00 2026] [::1]:60672 Accepted
[Mon Apr 20 15:06:00 2026] [::1]:60673 Accepted
[Mon Apr 20 15:06:00 2026] [::1]:60674 Accepted
[Mon Apr 20 15:06:00 2026] [::1]:60672 [200]: GET /wp-content/themes/tijus-theme/assets/images/shape/shape-24.png
[Mon Apr 20 15:06:00 2026] [::1]:60673 [200]: GET /wp-content/themes/tijus-theme/assets/images/shape/shape-2.png
[Mon Apr 20 15:06:00 2026] [::1]:60675 Accepted
[Mon Apr 20 15:06:00 2026] [::1]:60674 [200]: GET /wp-content/themes/tijus-theme/assets/images/author/author-11.jpg
[Mon Apr 20 15:06:00 2026] [::1]:60672 Closing
[Mon Apr 20 15:06:00 2026] [::1]:60673 Closing
[Mon Apr 20 15:06:00 2026] [::1]:60674 Closing
[Mon Apr 20 15:06:00 2026] [::1]:60675 [200]: GET /wp-content/themes/tijus-theme/assets/images/blog/blog-01.jpg
[Mon Apr 20 15:06:00 2026] [::1]:60676 Accepted
[Mon Apr 20 15:06:00 2026] [::1]:60675 Closing
[Mon Apr 20 15:06:00 2026] [::1]:60677 Accepted
[Mon Apr 20 15:06:00 2026] [::1]:60676 [200]: GET /wp-content/themes/tijus-theme/assets/images/shape/shape-1.png
[Mon Apr 20 15:06:00 2026] [::1]:60678 Accepted
[Mon Apr 20 15:06:00 2026] [::1]:60677 [200]: GET /wp-content/themes/tijus-theme/assets/images/shape/shape-3.png
[Mon Apr 20 15:06:00 2026] [::1]:60678 [200]: GET /wp-content/themes/tijus-theme/assets/images/shape/shape-4.png
[Mon Apr 20 15:06:00 2026] [::1]:60679 Accepted
[Mon Apr 20 15:06:00 2026] [::1]:60676 Closing
[Mon Apr 20 15:06:00 2026] [::1]:60680 Accepted
[Mon Apr 20 15:06:00 2026] [::1]:60677 Closing
[Mon Apr 20 15:06:00 2026] [::1]:60678 Closing
[Mon Apr 20 15:06:00 2026] [::1]:60679 [200]: GET /wp-content/themes/tijus-theme/assets/fonts/flaticon.ttf?655915d50ed0facf464660ba648373b0
[Mon Apr 20 15:06:00 2026] [::1]:60681 Accepted
[Mon Apr 20 15:06:00 2026] [::1]:60680 [200]: GET /wp-content/themes/tijus-theme/assets/fonts/icofont.woff2
[Mon Apr 20 15:06:00 2026] [::1]:60681 [200]: GET /wp-content/themes/tijus-theme/assets/js/vendor/modernizr-3.11.2.min.js?ver=3.11.2
[Mon Apr 20 15:06:00 2026] [::1]:60679 Closing
[Mon Apr 20 15:06:00 2026] [::1]:60682 Accepted
[Mon Apr 20 15:06:00 2026] [::1]:60683 Accepted
[Mon Apr 20 15:06:00 2026] [::1]:60682 [200]: GET /wp-content/themes/tijus-theme/assets/js/plugins.min.js?ver=1.0.0
[Mon Apr 20 15:06:00 2026] [::1]:60684 Accepted
[Mon Apr 20 15:06:00 2026] [::1]:60681 Closing
[Mon Apr 20 15:06:00 2026] [::1]:60683 [200]: GET /wp-content/themes/tijus-theme/assets/js/main.js?ver=1.0.0
[Mon Apr 20 15:06:00 2026] [::1]:60685 Accepted
[Mon Apr 20 15:06:00 2026] [::1]:60684 [200]: GET /wp-content/themes/tijus-theme/assets/images/shape/shape-21.png
[Mon Apr 20 15:06:00 2026] [::1]:60680 Closing
[Mon Apr 20 15:06:00 2026] [::1]:60685 [200]: GET /wp-content/themes/tijus-theme/assets/images/shape/shape-22.png
[Mon Apr 20 15:06:00 2026] [::1]:60682 Closing
[Mon Apr 20 15:06:00 2026] [::1]:60683 Closing
[Mon Apr 20 15:06:00 2026] [::1]:60684 Closing
[Mon Apr 20 15:06:00 2026] [::1]:60685 Closing
[Mon Apr 20 15:06:00 2026] [::1]:60686 Accepted
[Mon Apr 20 15:06:00 2026] [::1]:60686 [200]: GET /wp-includes/js/wp-emoji-release.min.js?ver=6.9.4
[Mon Apr 20 15:06:00 2026] [::1]:60686 Closing
[Mon Apr 20 15:06:00 2026] [::1]:60687 Accepted
[Mon Apr 20 15:06:00 2026] [::1]:60687 [200]: GET /wp-content/themes/tijus-theme/assets/images/favicon.ico
[Mon Apr 20 15:06:00 2026] [::1]:60687 Closing
[Mon Apr 20 15:06:02 2026] [::1]:60689 Accepted
[Mon Apr 20 15:06:02 2026] [::1]:60689 Closing
[Mon Apr 20 15:06:02 2026] [::1]:60690 Accepted
[Mon Apr 20 15:06:02 2026] [::1]:60690 [200]: GET /wp-content/themes/tijus-theme/assets/css/vendor/plugins.min.css
[Mon Apr 20 15:06:02 2026] [::1]:60690 Closing
[Mon Apr 20 15:06:02 2026] [::1]:60692 Accepted
[Mon Apr 20 15:06:02 2026] [::1]:60693 Accepted
[Mon Apr 20 15:06:02 2026] [::1]:60694 Accepted
[Mon Apr 20 15:06:02 2026] [::1]:60692 [200]: GET /wp-content/themes/tijus-theme/assets/css/style.min.css
[Mon Apr 20 15:06:02 2026] [::1]:60695 Accepted
[Mon Apr 20 15:06:02 2026] [::1]:60693 [200]: GET /wp-includes/css/dashicons.min.css?ver=6.9.4
[Mon Apr 20 15:06:02 2026] [::1]:60696 Accepted
[Mon Apr 20 15:06:02 2026] [::1]:60694 [200]: GET /wp-includes/css/admin-bar.min.css?ver=6.9.4
[Mon Apr 20 15:06:02 2026] [::1]:60695 [200]: GET /wp-content/plugins/elementor/assets/lib/eicons/css/elementor-icons.min.css?ver=5.48.0
[Mon Apr 20 15:06:02 2026] [::1]:60696 [200]: GET /wp-content/plugins/elementor/assets/css/common.min.css?ver=4.0.2
[Mon Apr 20 15:06:02 2026] [::1]:60693 Closing
[Mon Apr 20 15:06:02 2026] [::1]:60694 Closing
[Mon Apr 20 15:06:02 2026] [::1]:60692 Closing
[Mon Apr 20 15:06:02 2026] [::1]:60695 Closing
[Mon Apr 20 15:06:02 2026] [::1]:60696 Closing
[Mon Apr 20 15:06:02 2026] [::1]:60697 Accepted
[Mon Apr 20 15:06:02 2026] [::1]:60698 Accepted
[Mon Apr 20 15:06:02 2026] [::1]:60697 [200]: GET /wp-content/plugins/elementor/assets/css/theme-light.min.css?ver=4.0.2
[Mon Apr 20 15:06:02 2026] [::1]:60698 [200]: GET /wp-includes/css/dist/block-library/style.min.css?ver=6.9.4
[Mon Apr 20 15:06:02 2026] [::1]:60699 Accepted
[Mon Apr 20 15:06:02 2026] [::1]:60697 Closing
[Mon Apr 20 15:06:02 2026] [::1]:60698 Closing
[Mon Apr 20 15:06:02 2026] [::1]:60699 [200]: GET /wp-content/themes/tijus-theme/style.css?ver=1.0.0
[Mon Apr 20 15:06:02 2026] [::1]:60699 Closing
[Mon Apr 20 15:06:02 2026] [::1]:60700 Accepted
[Mon Apr 20 15:06:02 2026] [::1]:60701 Accepted
[Mon Apr 20 15:06:02 2026] [::1]:60700 [200]: GET /wp-includes/js/jquery/jquery.min.js?ver=3.7.1
[Mon Apr 20 15:06:02 2026] [::1]:60701 [200]: GET /wp-includes/js/jquery/jquery-migrate.min.js?ver=3.4.1
[Mon Apr 20 15:06:02 2026] [::1]:60700 Closing
[Mon Apr 20 15:06:02 2026] [::1]:60701 Closing
[Mon Apr 20 15:06:02 2026] [::1]:60702 Accepted
[Mon Apr 20 15:06:02 2026] [::1]:60703 Accepted
[Mon Apr 20 15:06:02 2026] [::1]:60702 [200]: GET /wp-content/uploads/2026/04/logo.webp
[Mon Apr 20 15:06:02 2026] [::1]:60703 [200]: GET /wp-content/themes/tijus-theme/assets/images/shape/shape-8.png
[Mon Apr 20 15:06:02 2026] [::1]:60702 Closing
[Mon Apr 20 15:06:02 2026] [::1]:60703 Closing
[Mon Apr 20 15:06:02 2026] [::1]:60704 Accepted
[Mon Apr 20 15:06:02 2026] [::1]:60705 Accepted
[Mon Apr 20 15:06:02 2026] [::1]:60704 [200]: GET /wp-content/themes/tijus-theme/assets/images/shape/shape-23.png
[Mon Apr 20 15:06:02 2026] [::1]:60705 [200]: GET /wp-content/themes/tijus-theme/assets/images/shape/shape-5.png
[Mon Apr 20 15:06:02 2026] [::1]:60704 Closing
[Mon Apr 20 15:06:02 2026] [::1]:60705 Closing
[Mon Apr 20 15:06:02 2026] [::1]:60706 Accepted
[Mon Apr 20 15:06:02 2026] [::1]:60707 Accepted
[Mon Apr 20 15:06:02 2026] [::1]:60706 [200]: GET /wp-content/themes/tijus-theme/assets/images/shape/shape-6.png
[Mon Apr 20 15:06:02 2026] [::1]:60708 Accepted
[Mon Apr 20 15:06:02 2026] [::1]:60707 [200]: GET /wp-includes/js/hoverintent-js.min.js?ver=2.2.1
[Mon Apr 20 15:06:02 2026] [::1]:60709 Accepted
[Mon Apr 20 15:06:02 2026] [::1]:60708 [200]: GET /wp-includes/js/admin-bar.min.js?ver=6.9.4
[Mon Apr 20 15:06:02 2026] [::1]:60710 Accepted
[Mon Apr 20 15:06:02 2026] [::1]:60706 Closing
[Mon Apr 20 15:06:02 2026] [::1]:60709 [200]: GET /wp-includes/js/jquery/ui/core.min.js?ver=1.13.3
[Mon Apr 20 15:06:02 2026] [::1]:60711 Accepted
[Mon Apr 20 15:06:02 2026] [::1]:60707 Closing
[Mon Apr 20 15:06:02 2026] [::1]:60710 [200]: GET /wp-includes/js/jquery/ui/mouse.min.js?ver=1.13.3
[Mon Apr 20 15:06:02 2026] [::1]:60708 Closing
[Mon Apr 20 15:06:02 2026] [::1]:60711 [200]: GET /wp-includes/js/jquery/ui/draggable.min.js?ver=1.13.3
[Mon Apr 20 15:06:02 2026] [::1]:60709 Closing
[Mon Apr 20 15:06:02 2026] [::1]:60710 Closing
[Mon Apr 20 15:06:02 2026] [::1]:60711 Closing
[Mon Apr 20 15:06:02 2026] [::1]:60712 Accepted
[Mon Apr 20 15:06:02 2026] [::1]:60712 [200]: GET /wp-includes/js/underscore.min.js?ver=1.13.7
[Mon Apr 20 15:06:02 2026] [::1]:60712 Closing
[Mon Apr 20 15:06:02 2026] [::1]:60713 Accepted
[Mon Apr 20 15:06:02 2026] [::1]:60713 [200]: GET /wp-includes/js/backbone.min.js?ver=1.6.0
[Mon Apr 20 15:06:02 2026] [::1]:60714 Accepted
[Mon Apr 20 15:06:02 2026] [::1]:60713 Closing
[Mon Apr 20 15:06:02 2026] [::1]:60715 Accepted
[Mon Apr 20 15:06:02 2026] [::1]:60714 [200]: GET /wp-content/plugins/elementor/assets/lib/backbone/backbone.marionette.min.js?ver=2.4.5.e1
[Mon Apr 20 15:06:02 2026] [::1]:60716 Accepted
[Mon Apr 20 15:06:02 2026] [::1]:60715 [200]: GET /wp-content/plugins/elementor/assets/lib/backbone/backbone.radio.min.js?ver=1.0.4
[Mon Apr 20 15:06:02 2026] [::1]:60717 Accepted
[Mon Apr 20 15:06:02 2026] [::1]:60716 [200]: GET /wp-content/plugins/elementor/assets/js/common-modules.min.js?ver=4.0.2
[Mon Apr 20 15:06:02 2026] [::1]:60714 Closing
[Mon Apr 20 15:06:02 2026] [::1]:60717 [200]: GET /wp-content/plugins/elementor/assets/js/web-cli.min.js?ver=4.0.2
[Mon Apr 20 15:06:02 2026] [::1]:60718 Accepted
[Mon Apr 20 15:06:02 2026] [::1]:60715 Closing
[Mon Apr 20 15:06:02 2026] [::1]:60718 [200]: GET /wp-content/plugins/elementor/assets/lib/dialog/dialog.min.js?ver=4.9.4
[Mon Apr 20 15:06:02 2026] [::1]:60716 Closing
[Mon Apr 20 15:06:02 2026] [::1]:60717 Closing
[Mon Apr 20 15:06:02 2026] [::1]:60718 Closing
[Mon Apr 20 15:06:02 2026] [::1]:60719 Accepted
[Mon Apr 20 15:06:02 2026] [::1]:60719 [200]: GET /wp-includes/js/api-request.min.js?ver=6.9.4
[Mon Apr 20 15:06:02 2026] [::1]:60720 Accepted
[Mon Apr 20 15:06:02 2026] [::1]:60719 Closing
[Mon Apr 20 15:06:02 2026] [::1]:60720 [200]: GET /wp-content/plugins/elementor/assets/js/dev-tools.min.js?ver=4.0.2
[Mon Apr 20 15:06:02 2026] [::1]:60720 Closing
[Mon Apr 20 15:06:02 2026] [::1]:60721 Accepted
[Mon Apr 20 15:06:02 2026] [::1]:60721 [200]: GET /wp-includes/js/dist/hooks.min.js?ver=dd5603f07f9220ed27f1
[Mon Apr 20 15:06:02 2026] [::1]:60721 Closing
[Mon Apr 20 15:06:02 2026] [::1]:60722 Accepted
[Mon Apr 20 15:06:02 2026] [::1]:60722 [200]: GET /wp-includes/js/dist/i18n.min.js?ver=c26c3dc7bed366793375
[Mon Apr 20 15:06:02 2026] [::1]:60723 Accepted
[Mon Apr 20 15:06:02 2026] [::1]:60722 Closing
[Mon Apr 20 15:06:02 2026] [::1]:60723 [200]: GET /wp-content/plugins/elementor/assets/js/common.min.js?ver=4.0.2
[Mon Apr 20 15:06:02 2026] [::1]:60723 Closing
[Mon Apr 20 15:06:02 2026] [::1]:60724 Accepted
[Mon Apr 20 15:06:02 2026] [::1]:60725 Accepted
[Mon Apr 20 15:06:02 2026] [::1]:60724 [200]: GET /wp-content/plugins/elementor/assets/js/app-loader.min.js?ver=4.0.2
[Mon Apr 20 15:06:02 2026] [::1]:60725 [200]: GET /wp-content/themes/tijus-theme/assets/js/vendor/modernizr-3.11.2.min.js?ver=3.11.2
[Mon Apr 20 15:06:02 2026] [::1]:60724 Closing
[Mon Apr 20 15:06:02 2026] [::1]:60725 Closing
[Mon Apr 20 15:06:02 2026] [::1]:60726 Accepted
[Mon Apr 20 15:06:02 2026] [::1]:60726 [200]: GET /wp-content/themes/tijus-theme/assets/js/plugins.min.js?ver=1.0.0
[Mon Apr 20 15:06:02 2026] [::1]:60726 Closing
[Mon Apr 20 15:06:02 2026] [::1]:60727 Accepted
[Mon Apr 20 15:06:02 2026] [::1]:60728 Accepted
[Mon Apr 20 15:06:02 2026] [::1]:60727 [200]: GET /wp-content/themes/tijus-theme/assets/js/main.js?ver=1.0.0
[Mon Apr 20 15:06:02 2026] [::1]:60729 Accepted
[Mon Apr 20 15:06:02 2026] [::1]:60727 Closing
[Mon Apr 20 15:06:02 2026] [::1]:60728 [200]: GET /wp-content/themes/tijus-theme/assets/images/shape/shape-24.png
[Mon Apr 20 15:06:02 2026] [::1]:60730 Accepted
[Mon Apr 20 15:06:02 2026] [::1]:60729 [200]: GET /wp-content/themes/tijus-theme/assets/images/author/author-11.jpg
[Mon Apr 20 15:06:02 2026] [::1]:60728 Closing
[Mon Apr 20 15:06:02 2026] [::1]:60729 Closing
[Mon Apr 20 15:06:02 2026] [::1]:60730 [200]: GET /wp-content/themes/tijus-theme/assets/images/shape/shape-21.png
[Mon Apr 20 15:06:02 2026] [::1]:60730 Closing
[Mon Apr 20 15:06:02 2026] [::1]:60731 Accepted
[Mon Apr 20 15:06:02 2026] [::1]:60732 Accepted
[Mon Apr 20 15:06:02 2026] [::1]:60733 Accepted
[Mon Apr 20 15:06:02 2026] [::1]:60731 [200]: GET /wp-content/themes/tijus-theme/assets/images/shape/shape-22.png
[Mon Apr 20 15:06:02 2026] [::1]:60732 [200]: GET /wp-content/themes/tijus-theme/assets/images/shape/shape-1.png
[Mon Apr 20 15:06:02 2026] [::1]:60733 [200]: GET /wp-content/themes/tijus-theme/assets/images/shape/shape-2.png
[Mon Apr 20 15:06:02 2026] [::1]:60731 Closing
[Mon Apr 20 15:06:02 2026] [::1]:60732 Closing
[Mon Apr 20 15:06:02 2026] [::1]:60733 Closing
[Mon Apr 20 15:06:02 2026] [::1]:60734 Accepted
[Mon Apr 20 15:06:02 2026] [::1]:60734 [200]: GET /wp-content/themes/tijus-theme/assets/images/shape/shape-3.png
[Mon Apr 20 15:06:02 2026] [::1]:60734 Closing
[Mon Apr 20 15:06:02 2026] [::1]:60735 Accepted
[Mon Apr 20 15:06:02 2026] [::1]:60735 [200]: GET /wp-content/themes/tijus-theme/assets/fonts/flaticon.ttf?655915d50ed0facf464660ba648373b0
[Mon Apr 20 15:06:02 2026] [::1]:60736 Accepted
[Mon Apr 20 15:06:02 2026] [::1]:60736 [200]: GET /wp-content/themes/tijus-theme/assets/fonts/icofont.woff2
[Mon Apr 20 15:06:02 2026] [::1]:60735 Closing
[Mon Apr 20 15:06:02 2026] [::1]:60736 Closing
[Mon Apr 20 15:06:02 2026] [::1]:60737 Accepted
[Mon Apr 20 15:06:02 2026] [::1]:60737 [200]: GET /wp-includes/js/wp-emoji-release.min.js?ver=6.9.4
[Mon Apr 20 15:06:02 2026] [::1]:60737 Closing
[Mon Apr 20 15:06:02 2026] [::1]:60738 Accepted
[Mon Apr 20 15:06:02 2026] [::1]:60738 [200]: GET /wp-content/themes/tijus-theme/assets/images/favicon.ico
[Mon Apr 20 15:06:02 2026] [::1]:60738 Closing
[Mon Apr 20 15:06:34 2026] [::1]:60742 Accepted
[Mon Apr 20 15:06:34 2026] [::1]:60742 [200]: GET /wp-admin/nav-menus.php
[Mon Apr 20 15:06:34 2026] [::1]:60742 Closing
[Mon Apr 20 15:06:34 2026] [::1]:60743 Accepted
[Mon Apr 20 15:06:34 2026] [::1]:60744 Accepted
[Mon Apr 20 15:06:34 2026] [::1]:60743 [200]: GET /wp-content/plugins/elementor/vendor/elementor/wp-one-package/assets/build/common.css?ver=1.0.59
[Mon Apr 20 15:06:34 2026] [::1]:60745 Accepted
[Mon Apr 20 15:06:34 2026] [::1]:60744 [200]: GET /wp-content/plugins/elementor/assets/css/modules/editor-one/admin-menu.min.css?ver=4.0.2
[Mon Apr 20 15:06:34 2026] [::1]:60746 Accepted
[Mon Apr 20 15:06:34 2026] [::1]:60745 [200]: GET /wp-content/plugins/elementor/assets/lib/eicons/css/elementor-icons.min.css?ver=5.48.0
[Mon Apr 20 15:06:34 2026] [::1]:60747 Accepted
[Mon Apr 20 15:06:34 2026] [::1]:60743 Closing
[Mon Apr 20 15:06:34 2026] [::1]:60746 [200]: GET /wp-content/plugins/elementor/assets/css/common.min.css?ver=4.0.2
[Mon Apr 20 15:06:34 2026] [::1]:60748 Accepted
[Mon Apr 20 15:06:34 2026] [::1]:60744 Closing
[Mon Apr 20 15:06:34 2026] [::1]:60747 [200]: GET /wp-content/plugins/elementor/assets/css/theme-light.min.css?ver=4.0.2
[Mon Apr 20 15:06:34 2026] [::1]:60749 Accepted
[Mon Apr 20 15:06:34 2026] [::1]:60748 [200]: GET /wp-content/plugins/elementor/assets/css/admin.min.css?ver=4.0.2
[Mon Apr 20 15:06:34 2026] [::1]:60745 Closing
[Mon Apr 20 15:06:34 2026] [::1]:60750 Accepted
[Mon Apr 20 15:06:34 2026] [::1]:60749 [200]: GET /wp-includes/js/thickbox/thickbox.css?ver=6.9.4
[Mon Apr 20 15:06:34 2026] [::1]:60746 Closing
[Mon Apr 20 15:06:34 2026] [::1]:60750 [200]: GET /wp-includes/js/dist/i18n.min.js?ver=c26c3dc7bed366793375
[Mon Apr 20 15:06:34 2026] [::1]:60747 Closing
[Mon Apr 20 15:06:34 2026] [::1]:60751 Accepted
[Mon Apr 20 15:06:34 2026] [::1]:60752 Accepted
[Mon Apr 20 15:06:34 2026] [::1]:60751 [200]: GET /wp-includes/js/dist/a11y.min.js?ver=cb460b4676c94bd228ed
[Mon Apr 20 15:06:34 2026] [::1]:60748 Closing
[Mon Apr 20 15:06:34 2026] [::1]:60749 Closing
[Mon Apr 20 15:06:34 2026] [::1]:60753 Accepted
[Mon Apr 20 15:06:34 2026] [::1]:60750 Closing
[Mon Apr 20 15:06:34 2026] [::1]:60752 [200]: GET /wp-includes/js/jquery/ui/core.min.js?ver=1.13.3
[Mon Apr 20 15:06:34 2026] [::1]:60754 Accepted
[Mon Apr 20 15:06:34 2026] [::1]:60753 [200]: GET /wp-includes/js/jquery/ui/mouse.min.js?ver=1.13.3
[Mon Apr 20 15:06:34 2026] [::1]:60755 Accepted
[Mon Apr 20 15:06:34 2026] [::1]:60751 Closing
[Mon Apr 20 15:06:34 2026] [::1]:60754 [200]: GET /wp-includes/js/jquery/ui/sortable.min.js?ver=1.13.3
[Mon Apr 20 15:06:34 2026] [::1]:60756 Accepted
[Mon Apr 20 15:06:34 2026] [::1]:60752 Closing
[Mon Apr 20 15:06:34 2026] [::1]:60755 [200]: GET /wp-includes/js/jquery/ui/draggable.min.js?ver=1.13.3
[Mon Apr 20 15:06:34 2026] [::1]:60757 Accepted
[Mon Apr 20 15:06:34 2026] [::1]:60753 Closing
[Mon Apr 20 15:06:34 2026] [::1]:60756 [200]: GET /wp-includes/js/jquery/ui/droppable.min.js?ver=1.13.3
[Mon Apr 20 15:06:34 2026] [::1]:60758 Accepted
[Mon Apr 20 15:06:34 2026] [::1]:60754 Closing
[Mon Apr 20 15:06:34 2026] [::1]:60757 [200]: GET /wp-includes/js/wp-ajax-response.min.js?ver=6.9.4
[Mon Apr 20 15:06:34 2026] [::1]:60759 Accepted
[Mon Apr 20 15:06:34 2026] [::1]:60758 [200]: GET /wp-includes/js/jquery/jquery.color.min.js?ver=3.0.0
[Mon Apr 20 15:06:34 2026] [::1]:60755 Closing
[Mon Apr 20 15:06:34 2026] [::1]:60760 Accepted
[Mon Apr 20 15:06:34 2026] [::1]:60759 [200]: GET /wp-includes/js/wp-lists.min.js?ver=6.9.4
[Mon Apr 20 15:06:34 2026] [::1]:60756 Closing
[Mon Apr 20 15:06:34 2026] [::1]:60761 Accepted
[Mon Apr 20 15:06:34 2026] [::1]:60760 [200]: GET /wp-admin/js/postbox.min.js?ver=6.9.4
[Mon Apr 20 15:06:34 2026] [::1]:60757 Closing
[Mon Apr 20 15:06:34 2026] [::1]:60762 Accepted
[Mon Apr 20 15:06:34 2026] [::1]:60758 Closing
[Mon Apr 20 15:06:34 2026] [::1]:60762 [200]: GET /wp-admin/js/nav-menu.min.js?ver=6.9.4
[Mon Apr 20 15:06:34 2026] [::1]:60761 [200]: GET /wp-includes/js/underscore.min.js?ver=1.13.7
[Mon Apr 20 15:06:34 2026] [::1]:60759 Closing
[Mon Apr 20 15:06:34 2026] [::1]:60760 Closing
[Mon Apr 20 15:06:34 2026] [::1]:60763 Accepted
[Mon Apr 20 15:06:34 2026] [::1]:60762 Closing
[Mon Apr 20 15:06:34 2026] [::1]:60761 Closing
[Mon Apr 20 15:06:34 2026] [::1]:60763 [200]: GET /wp-admin/js/common.min.js?ver=6.9.4
[Mon Apr 20 15:06:34 2026] [::1]:60763 Closing
[Mon Apr 20 15:06:34 2026] [::1]:60764 Accepted
[Mon Apr 20 15:06:34 2026] [::1]:60764 [200]: GET /wp-includes/js/hoverintent-js.min.js?ver=2.2.1
[Mon Apr 20 15:06:34 2026] [::1]:60764 Closing
[Mon Apr 20 15:06:34 2026] [::1]:60765 Accepted
[Mon Apr 20 15:06:34 2026] [::1]:60765 [200]: GET /wp-includes/js/admin-bar.min.js?ver=6.9.4
[Mon Apr 20 15:06:34 2026] [::1]:60765 Closing
[Mon Apr 20 15:06:34 2026] [::1]:60766 Accepted
[Mon Apr 20 15:06:34 2026] [::1]:60767 Accepted
[Mon Apr 20 15:06:34 2026] [::1]:60768 Accepted
[Mon Apr 20 15:06:34 2026] [::1]:60766 [200]: GET /wp-admin/js/svg-painter.js?ver=6.9.4
[Mon Apr 20 15:06:34 2026] [::1]:60769 Accepted
[Mon Apr 20 15:06:34 2026] [::1]:60767 [200]: GET /wp-includes/js/backbone.min.js?ver=1.6.0
[Mon Apr 20 15:06:34 2026] [::1]:60768 [200]: GET /wp-content/plugins/elementor/assets/lib/backbone/backbone.marionette.min.js?ver=2.4.5.e1
[Mon Apr 20 15:06:34 2026] [::1]:60770 Accepted
[Mon Apr 20 15:06:34 2026] [::1]:60769 [200]: GET /wp-content/plugins/elementor/assets/lib/backbone/backbone.radio.min.js?ver=1.0.4
[Mon Apr 20 15:06:34 2026] [::1]:60766 Closing
[Mon Apr 20 15:06:34 2026] [::1]:60770 [200]: GET /wp-content/plugins/elementor/assets/js/common-modules.min.js?ver=4.0.2
[Mon Apr 20 15:06:34 2026] [::1]:60767 Closing
[Mon Apr 20 15:06:34 2026] [::1]:60768 Closing
[Mon Apr 20 15:06:34 2026] [::1]:60769 Closing
[Mon Apr 20 15:06:34 2026] [::1]:60770 Closing
[Mon Apr 20 15:06:34 2026] [::1]:60771 Accepted
[Mon Apr 20 15:06:34 2026] [::1]:60771 [200]: GET /wp-content/plugins/elementor/assets/js/web-cli.min.js?ver=4.0.2
[Mon Apr 20 15:06:34 2026] [::1]:60771 Closing
[Mon Apr 20 15:06:34 2026] [::1]:60772 Accepted
[Mon Apr 20 15:06:34 2026] [::1]:60772 [200]: GET /wp-content/plugins/elementor/assets/lib/dialog/dialog.min.js?ver=4.9.0
[Mon Apr 20 15:06:34 2026] [::1]:60773 Accepted
[Mon Apr 20 15:06:34 2026] [::1]:60772 Closing
[Mon Apr 20 15:06:34 2026] [::1]:60773 [200]: GET /wp-includes/js/api-request.min.js?ver=6.9.4
[Mon Apr 20 15:06:34 2026] [::1]:60773 Closing
[Mon Apr 20 15:06:34 2026] [::1]:60774 Accepted
[Mon Apr 20 15:06:34 2026] [::1]:60775 Accepted
[Mon Apr 20 15:06:34 2026] [::1]:60774 [200]: GET /wp-content/plugins/elementor/assets/js/dev-tools.min.js?ver=4.0.2
[Mon Apr 20 15:06:34 2026] [::1]:60774 Closing
[Mon Apr 20 15:06:34 2026] [::1]:60776 Accepted
[Mon Apr 20 15:06:34 2026] [::1]:60775 [200]: GET /wp-content/plugins/elementor/assets/js/common.min.js?ver=4.0.2
[Mon Apr 20 15:06:34 2026] [::1]:60776 [200]: GET /wp-content/plugins/elementor/assets/js/app-loader.min.js?ver=4.0.2
[Mon Apr 20 15:06:34 2026] [::1]:60775 Closing
[Mon Apr 20 15:06:34 2026] [::1]:60776 Closing
[Mon Apr 20 15:06:34 2026] [::1]:60777 Accepted
[Mon Apr 20 15:06:34 2026] [::1]:60777 [200]: GET /wp-includes/js/heartbeat.min.js?ver=6.9.4
[Mon Apr 20 15:06:34 2026] [::1]:60778 Accepted
[Mon Apr 20 15:06:34 2026] [::1]:60777 Closing
[Mon Apr 20 15:06:34 2026] [::1]:60778 [200]: GET /wp-includes/js/wp-auth-check.min.js?ver=6.9.4
[Mon Apr 20 15:06:34 2026] [::1]:60779 Accepted
[Mon Apr 20 15:06:34 2026] [::1]:60779 [200]: GET /wp-includes/js/dist/vendor/react.min.js?ver=18.3.1.1
[Mon Apr 20 15:06:34 2026] [::1]:60778 Closing
[Mon Apr 20 15:06:34 2026] [::1]:60780 Accepted
[Mon Apr 20 15:06:34 2026] [::1]:60780 [200]: GET /wp-includes/js/dist/vendor/react-dom.min.js?ver=18.3.1.1
[Mon Apr 20 15:06:34 2026] [::1]:60779 Closing
[Mon Apr 20 15:06:34 2026] [::1]:60781 Accepted
[Mon Apr 20 15:06:34 2026] [::1]:60782 Accepted
[Mon Apr 20 15:06:34 2026] [::1]:60780 Closing
[Mon Apr 20 15:06:34 2026] [::1]:60781 [200]: GET /wp-includes/js/dist/vendor/react-jsx-runtime.min.js?ver=18.3.1
[Mon Apr 20 15:06:34 2026] [::1]:60783 Accepted
[Mon Apr 20 15:06:34 2026] [::1]:60782 [200]: GET /wp-includes/js/dist/deprecated.min.js?ver=e1f84915c5e8ae38964c
[Mon Apr 20 15:06:34 2026] [::1]:60784 Accepted
[Mon Apr 20 15:06:34 2026] [::1]:60783 [200]: GET /wp-includes/js/dist/dom.min.js?ver=26edef3be6483da3de2e
[Mon Apr 20 15:06:34 2026] [::1]:60785 Accepted
[Mon Apr 20 15:06:34 2026] [::1]:60781 Closing
[Mon Apr 20 15:06:34 2026] [::1]:60784 [200]: GET /wp-includes/js/dist/escape-html.min.js?ver=6561a406d2d232a6fbd2
[Mon Apr 20 15:06:34 2026] [::1]:60786 Accepted
[Mon Apr 20 15:06:34 2026] [::1]:60782 Closing
[Mon Apr 20 15:06:34 2026] [::1]:60785 [200]: GET /wp-includes/js/dist/element.min.js?ver=6a582b0c827fa25df3dd
[Mon Apr 20 15:06:34 2026] [::1]:60787 Accepted
[Mon Apr 20 15:06:34 2026] [::1]:60786 [200]: GET /wp-includes/js/dist/is-shallow-equal.min.js?ver=e0f9f1d78d83f5196979
[Mon Apr 20 15:06:34 2026] [::1]:60783 Closing
[Mon Apr 20 15:06:34 2026] [::1]:60787 [200]: GET /wp-includes/js/dist/keycodes.min.js?ver=34c8fb5e7a594a1c8037
[Mon Apr 20 15:06:34 2026] [::1]:60784 Closing
[Mon Apr 20 15:06:34 2026] [::1]:60785 Closing
[Mon Apr 20 15:06:34 2026] [::1]:60788 Accepted
[Mon Apr 20 15:06:34 2026] [::1]:60786 Closing
[Mon Apr 20 15:06:34 2026] [::1]:60787 Closing
[Mon Apr 20 15:06:34 2026] [::1]:60788 [200]: GET /wp-admin/images/spinner-2x.gif
[Mon Apr 20 15:06:34 2026] [::1]:60789 Accepted
[Mon Apr 20 15:06:34 2026] [::1]:60788 Closing
[Mon Apr 20 15:06:34 2026] [::1]:60789 [200]: GET /wp-includes/js/dist/priority-queue.min.js?ver=2d59d091223ee9a33838
[Mon Apr 20 15:06:34 2026] [::1]:60789 Closing
[Mon Apr 20 15:06:34 2026] [::1]:60790 Accepted
[Mon Apr 20 15:06:34 2026] [::1]:60791 Accepted
[Mon Apr 20 15:06:34 2026] [::1]:60790 [200]: GET /wp-includes/js/dist/compose.min.js?ver=7a9b375d8c19cf9d3d9b
[Mon Apr 20 15:06:34 2026] [::1]:60792 Accepted
[Mon Apr 20 15:06:34 2026] [::1]:60791 [200]: GET /wp-includes/js/dist/vendor/moment.min.js?ver=2.30.1
[Mon Apr 20 15:06:34 2026] [::1]:60792 [200]: GET /wp-includes/js/dist/date.min.js?ver=795a56839718d3ff7eae
[Mon Apr 20 15:06:34 2026] [::1]:60790 Closing
[Mon Apr 20 15:06:34 2026] [::1]:60791 Closing
[Mon Apr 20 15:06:34 2026] [::1]:60793 Accepted
[Mon Apr 20 15:06:34 2026] [::1]:60793 [200]: GET /wp-includes/js/dist/html-entities.min.js?ver=e8b78b18a162491d5e5f
[Mon Apr 20 15:06:34 2026] [::1]:60794 Accepted
[Mon Apr 20 15:06:34 2026] [::1]:60795 Accepted
[Mon Apr 20 15:06:34 2026] [::1]:60794 [200]: GET /wp-includes/js/dist/primitives.min.js?ver=0b5dcc337aa7cbf75570
[Mon Apr 20 15:06:34 2026] [::1]:60793 Closing
[Mon Apr 20 15:06:34 2026] [::1]:60795 [200]: GET /wp-includes/js/dist/private-apis.min.js?ver=4f465748bda624774139
[Mon Apr 20 15:06:34 2026] [::1]:60796 Accepted
[Mon Apr 20 15:06:34 2026] [::1]:60792 Closing
[Mon Apr 20 15:06:34 2026] [::1]:60794 Closing
[Mon Apr 20 15:06:34 2026] [::1]:60796 [200]: GET /wp-includes/js/dist/redux-routine.min.js?ver=8bb92d45458b29590f53
[Mon Apr 20 15:06:34 2026] [::1]:60795 Closing
[Mon Apr 20 15:06:34 2026] [::1]:60797 Accepted
[Mon Apr 20 15:06:34 2026] [::1]:60796 Closing
[Mon Apr 20 15:06:34 2026] [::1]:60797 [200]: GET /wp-includes/js/dist/data.min.js?ver=f940198280891b0b6318
[Mon Apr 20 15:06:34 2026] [::1]:60798 Accepted
[Mon Apr 20 15:06:34 2026] [::1]:60797 Closing
[Mon Apr 20 15:06:34 2026] [::1]:60798 [200]: GET /wp-includes/js/dist/rich-text.min.js?ver=5bdbb44f3039529e3645
[Mon Apr 20 15:06:34 2026] [::1]:60799 Accepted
[Mon Apr 20 15:06:34 2026] [::1]:60799 [200]: GET /wp-includes/js/dist/warning.min.js?ver=d69bc18c456d01c11d5a
[Mon Apr 20 15:06:34 2026] [::1]:60798 Closing
[Mon Apr 20 15:06:34 2026] [::1]:60799 Closing
[Mon Apr 20 15:06:34 2026] [::1]:60800 Accepted
[Mon Apr 20 15:06:34 2026] [::1]:60800 [200]: GET /wp-includes/js/dist/components.min.js?ver=0d72a218dfea8f6f442f
[Mon Apr 20 15:06:34 2026] [::1]:60801 Accepted
[Mon Apr 20 15:06:34 2026] [::1]:60801 [200]: GET /wp-includes/js/dist/keyboard-shortcuts.min.js?ver=fbc45a34ce65c5723afa
[Mon Apr 20 15:06:34 2026] [::1]:60802 Accepted
[Mon Apr 20 15:06:34 2026] [::1]:60803 Accepted
[Mon Apr 20 15:06:34 2026] [::1]:60802 [200]: GET /wp-includes/js/dist/commands.min.js?ver=cac8f4817ab7cea0ac49
[Mon Apr 20 15:06:34 2026] [::1]:60804 Accepted
[Mon Apr 20 15:06:34 2026] [::1]:60801 Closing
[Mon Apr 20 15:06:34 2026] [::1]:60803 [200]: GET /wp-includes/js/dist/url.min.js?ver=9e178c9516d1222dc834
[Mon Apr 20 15:06:34 2026] [::1]:60805 Accepted
[Mon Apr 20 15:06:34 2026] [::1]:60804 [200]: GET /wp-includes/js/dist/api-fetch.min.js?ver=3a4d9af2b423048b0dee
[Mon Apr 20 15:06:34 2026] [::1]:60800 Closing
[Mon Apr 20 15:06:34 2026] [::1]:60805 [200]: GET /wp-includes/js/dist/blob.min.js?ver=9113eed771d446f4a556
[Mon Apr 20 15:06:34 2026] [::1]:60802 Closing
[Mon Apr 20 15:06:34 2026] [::1]:60806 Accepted
[Mon Apr 20 15:06:34 2026] [::1]:60803 Closing
[Mon Apr 20 15:06:34 2026] [::1]:60804 Closing
[Mon Apr 20 15:06:34 2026] [::1]:60806 [200]: GET /wp-includes/js/dist/block-serialization-default-parser.min.js?ver=14d44daebf663d05d330
[Mon Apr 20 15:06:34 2026] [::1]:60805 Closing
[Mon Apr 20 15:06:34 2026] [::1]:60806 Closing
[Mon Apr 20 15:06:34 2026] [::1]:60807 Accepted
[Mon Apr 20 15:06:34 2026] [::1]:60807 [200]: GET /wp-includes/js/dist/autop.min.js?ver=9fb50649848277dd318d
[Mon Apr 20 15:06:34 2026] [::1]:60807 Closing
[Mon Apr 20 15:06:34 2026] [::1]:60808 Accepted
[Mon Apr 20 15:06:34 2026] [::1]:60809 Accepted
[Mon Apr 20 15:06:34 2026] [::1]:60808 [200]: GET /wp-includes/js/dist/shortcode.min.js?ver=0b3174183b858f2df320
[Mon Apr 20 15:06:34 2026] [::1]:60810 Accepted
[Mon Apr 20 15:06:34 2026] [::1]:60811 Accepted
[Mon Apr 20 15:06:34 2026] [::1]:60808 Closing
[Mon Apr 20 15:06:34 2026] [::1]:60809 [200]: GET /wp-includes/js/dist/blocks.min.js?ver=57eca4d23daac7159d88
[Mon Apr 20 15:06:34 2026] [::1]:60810 [200]: GET /wp-includes/js/dist/notices.min.js?ver=f62fbf15dcc23301922f
[Mon Apr 20 15:06:34 2026] [::1]:60812 Accepted
[Mon Apr 20 15:06:34 2026] [::1]:60811 [200]: GET /wp-includes/js/dist/preferences-persistence.min.js?ver=e954d3a4426d311f7d1a
[Mon Apr 20 15:06:34 2026] [::1]:60812 [200]: GET /wp-includes/js/dist/preferences.min.js?ver=2ca086aed510c242a1ed
[Mon Apr 20 15:06:34 2026] [::1]:60813 Accepted
[Mon Apr 20 15:06:34 2026] [::1]:60810 Closing
[Mon Apr 20 15:06:34 2026] [::1]:60809 Closing
[Mon Apr 20 15:06:34 2026] [::1]:60811 Closing
[Mon Apr 20 15:06:34 2026] [::1]:60813 [200]: GET /wp-includes/js/dist/style-engine.min.js?ver=7c6fcedc37dadafb8a81
[Mon Apr 20 15:06:34 2026] [::1]:60814 Accepted
[Mon Apr 20 15:06:34 2026] [::1]:60812 Closing
[Mon Apr 20 15:06:34 2026] [::1]:60814 [200]: GET /wp-includes/js/dist/token-list.min.js?ver=cfdf635a436c3953a965
[Mon Apr 20 15:06:34 2026] [::1]:60815 Accepted
[Mon Apr 20 15:06:34 2026] [::1]:60813 Closing
[Mon Apr 20 15:06:34 2026] [::1]:60816 Accepted
[Mon Apr 20 15:06:34 2026] [::1]:60816 [200]: GET /wp-includes/js/dist/core-data.min.js?ver=15baadfe6e1374188072
[Mon Apr 20 15:06:34 2026] [::1]:60814 Closing
[Mon Apr 20 15:06:34 2026] [::1]:60815 [200]: GET /wp-includes/js/dist/block-editor.min.js?ver=addf558a422e2ee57920
[Mon Apr 20 15:06:34 2026] [::1]:60817 Accepted
[Mon Apr 20 15:06:34 2026] [::1]:60817 [200]: GET /wp-includes/js/dist/router.min.js?ver=2dfc4b954318a03e6a76
[Mon Apr 20 15:06:34 2026] [::1]:60818 Accepted
[Mon Apr 20 15:06:34 2026] [::1]:60816 Closing
[Mon Apr 20 15:06:34 2026] [::1]:60819 Accepted
[Mon Apr 20 15:06:34 2026] [::1]:60818 [200]: GET /wp-includes/js/dist/core-commands.min.js?ver=effe2d88d7f0c50a8ce9
[Mon Apr 20 15:06:34 2026] [::1]:60820 Accepted
[Mon Apr 20 15:06:34 2026] [::1]:60819 [200]: GET /wp-content/plugins/elementor/vendor/elementor/wp-one-package/assets/build/common.js?ver=71fc09ea1a9e23155639
[Mon Apr 20 15:06:34 2026] [::1]:60817 Closing
[Mon Apr 20 15:06:34 2026] [::1]:60821 Accepted
[Mon Apr 20 15:06:34 2026] [::1]:60820 [200]: GET /wp-content/plugins/elementor/assets/js/editor-one-menu.min.js?ver=4.0.2
[Mon Apr 20 15:06:34 2026] [::1]:60822 Accepted
[Mon Apr 20 15:06:34 2026] [::1]:60821 [200]: GET /wp-content/plugins/elementor/assets/js/import-export-admin.min.js?ver=4.0.2
[Mon Apr 20 15:06:34 2026] [::1]:60818 Closing
[Mon Apr 20 15:06:34 2026] [::1]:60819 Closing
[Mon Apr 20 15:06:34 2026] [::1]:60822 [200]: GET /wp-content/plugins/elementor/assets/js/import-export-customization-admin.min.js?ver=4.0.2
[Mon Apr 20 15:06:34 2026] [::1]:60823 Accepted
[Mon Apr 20 15:06:34 2026] [::1]:60815 Closing
[Mon Apr 20 15:06:34 2026] [::1]:60820 Closing
[Mon Apr 20 15:06:34 2026] [::1]:60824 Accepted
[Mon Apr 20 15:06:34 2026] [::1]:60821 Closing
[Mon Apr 20 15:06:34 2026] [::1]:60823 [200]: GET /wp-content/plugins/elementor/assets/js/admin-modules.min.js?ver=4.0.2
[Mon Apr 20 15:06:34 2026] [::1]:60825 Accepted
[Mon Apr 20 15:06:34 2026] [::1]:60824 [200]: GET /wp-content/plugins/elementor/assets/js/admin.min.js?ver=4.0.2
[Mon Apr 20 15:06:34 2026] [::1]:60822 Closing
[Mon Apr 20 15:06:34 2026] [::1]:60826 Accepted
[Mon Apr 20 15:06:34 2026] [::1]:60823 Closing
[Mon Apr 20 15:06:34 2026] [::1]:60824 Closing
[Mon Apr 20 15:06:34 2026] [::1]:60825 [200]: GET /wp-content/plugins/elementor/assets/js/media-hints.min.js?ver=4.0.2
[Mon Apr 20 15:06:34 2026] [::1]:60827 Accepted
[Mon Apr 20 15:06:34 2026] [::1]:60826 [200]: GET /wp-includes/js/thickbox/thickbox.js?ver=3.1-20121105
[Mon Apr 20 15:06:34 2026] [::1]:60827 [200]: GET /wp-admin/js/accordion.min.js?ver=6.9.4
[Mon Apr 20 15:06:34 2026] [::1]:60825 Closing
[Mon Apr 20 15:06:34 2026] [::1]:60826 Closing
[Mon Apr 20 15:06:34 2026] [::1]:60827 Closing
[Mon Apr 20 15:06:34 2026] [::1]:60828 Accepted
[Mon Apr 20 15:06:34 2026] [::1]:60828 [200]: GET /wp-includes/js/thickbox/loadingAnimation.gif
[Mon Apr 20 15:06:34 2026] [::1]:60828 Closing
[Mon Apr 20 15:06:37 2026] [::1]:60829 Accepted
[Mon Apr 20 15:06:55 2026] [::1]:60829 [200]: POST /wp-admin/nav-menus.php
[Mon Apr 20 15:06:55 2026] [::1]:60829 Closing
[Mon Apr 20 15:06:55 2026] [::1]:60832 Accepted
[Mon Apr 20 15:06:55 2026] [::1]:60833 Accepted
[Mon Apr 20 15:06:55 2026] [::1]:60832 [200]: GET /wp-content/plugins/elementor/vendor/elementor/wp-one-package/assets/build/common.css?ver=1.0.59
[Mon Apr 20 15:06:55 2026] [::1]:60834 Accepted
[Mon Apr 20 15:06:55 2026] [::1]:60833 [200]: GET /wp-content/plugins/elementor/assets/css/modules/editor-one/admin-menu.min.css?ver=4.0.2
[Mon Apr 20 15:06:55 2026] [::1]:60835 Accepted
[Mon Apr 20 15:06:55 2026] [::1]:60834 [200]: GET /wp-content/plugins/elementor/assets/lib/eicons/css/elementor-icons.min.css?ver=5.48.0
[Mon Apr 20 15:06:55 2026] [::1]:60836 Accepted
[Mon Apr 20 15:06:55 2026] [::1]:60832 Closing
[Mon Apr 20 15:06:55 2026] [::1]:60835 [200]: GET /wp-content/plugins/elementor/assets/css/common.min.css?ver=4.0.2
[Mon Apr 20 15:06:55 2026] [::1]:60837 Accepted
[Mon Apr 20 15:06:55 2026] [::1]:60833 Closing
[Mon Apr 20 15:06:55 2026] [::1]:60836 [200]: GET /wp-content/plugins/elementor/assets/css/theme-light.min.css?ver=4.0.2
[Mon Apr 20 15:06:55 2026] [::1]:60838 Accepted
[Mon Apr 20 15:06:55 2026] [::1]:60837 [200]: GET /wp-content/plugins/elementor/assets/css/admin.min.css?ver=4.0.2
[Mon Apr 20 15:06:55 2026] [::1]:60834 Closing
[Mon Apr 20 15:06:55 2026] [::1]:60839 Accepted
[Mon Apr 20 15:06:55 2026] [::1]:60838 [200]: GET /wp-includes/js/thickbox/thickbox.css?ver=6.9.4
[Mon Apr 20 15:06:55 2026] [::1]:60835 Closing
[Mon Apr 20 15:06:55 2026] [::1]:60840 Accepted
[Mon Apr 20 15:06:55 2026] [::1]:60839 [200]: GET /wp-includes/js/dist/i18n.min.js?ver=c26c3dc7bed366793375
[Mon Apr 20 15:06:55 2026] [::1]:60836 Closing
[Mon Apr 20 15:06:55 2026] [::1]:60841 Accepted
[Mon Apr 20 15:06:55 2026] [::1]:60840 [200]: GET /wp-includes/js/dist/a11y.min.js?ver=cb460b4676c94bd228ed
[Mon Apr 20 15:06:55 2026] [::1]:60842 Accepted
[Mon Apr 20 15:06:55 2026] [::1]:60841 [200]: GET /wp-includes/js/jquery/ui/core.min.js?ver=1.13.3
[Mon Apr 20 15:06:55 2026] [::1]:60837 Closing
[Mon Apr 20 15:06:55 2026] [::1]:60838 Closing
[Mon Apr 20 15:06:55 2026] [::1]:60843 Accepted
[Mon Apr 20 15:06:55 2026] [::1]:60839 Closing
[Mon Apr 20 15:06:55 2026] [::1]:60842 [200]: GET /wp-includes/js/jquery/ui/mouse.min.js?ver=1.13.3
[Mon Apr 20 15:06:55 2026] [::1]:60844 Accepted
[Mon Apr 20 15:06:55 2026] [::1]:60840 Closing
[Mon Apr 20 15:06:55 2026] [::1]:60843 [200]: GET /wp-includes/js/jquery/ui/sortable.min.js?ver=1.13.3
[Mon Apr 20 15:06:55 2026] [::1]:60845 Accepted
[Mon Apr 20 15:06:55 2026] [::1]:60841 Closing
[Mon Apr 20 15:06:55 2026] [::1]:60844 [200]: GET /wp-includes/js/jquery/ui/draggable.min.js?ver=1.13.3
[Mon Apr 20 15:06:55 2026] [::1]:60846 Accepted
[Mon Apr 20 15:06:55 2026] [::1]:60845 [200]: GET /wp-includes/js/jquery/ui/droppable.min.js?ver=1.13.3
[Mon Apr 20 15:06:55 2026] [::1]:60842 Closing
[Mon Apr 20 15:06:55 2026] [::1]:60847 Accepted
[Mon Apr 20 15:06:55 2026] [::1]:60843 Closing
[Mon Apr 20 15:06:55 2026] [::1]:60846 [200]: GET /wp-includes/js/wp-ajax-response.min.js?ver=6.9.4
[Mon Apr 20 15:06:55 2026] [::1]:60848 Accepted
[Mon Apr 20 15:06:55 2026] [::1]:60847 [200]: GET /wp-includes/js/jquery/jquery.color.min.js?ver=3.0.0
[Mon Apr 20 15:06:55 2026] [::1]:60844 Closing
[Mon Apr 20 15:06:55 2026] [::1]:60849 Accepted
[Mon Apr 20 15:06:55 2026] [::1]:60848 [200]: GET /wp-includes/js/wp-lists.min.js?ver=6.9.4
[Mon Apr 20 15:06:55 2026] [::1]:60845 Closing
[Mon Apr 20 15:06:55 2026] [::1]:60850 Accepted
[Mon Apr 20 15:06:55 2026] [::1]:60849 [200]: GET /wp-admin/js/postbox.min.js?ver=6.9.4
[Mon Apr 20 15:06:55 2026] [::1]:60846 Closing
[Mon Apr 20 15:06:55 2026] [::1]:60851 Accepted
[Mon Apr 20 15:06:55 2026] [::1]:60847 Closing
[Mon Apr 20 15:06:55 2026] [::1]:60850 [200]: GET /wp-includes/js/underscore.min.js?ver=1.13.7
[Mon Apr 20 15:06:55 2026] [::1]:60852 Accepted
[Mon Apr 20 15:06:55 2026] [::1]:60851 [200]: GET /wp-admin/js/nav-menu.min.js?ver=6.9.4
[Mon Apr 20 15:06:55 2026] [::1]:60848 Closing
[Mon Apr 20 15:06:55 2026] [::1]:60849 Closing
[Mon Apr 20 15:06:55 2026] [::1]:60852 [200]: GET /wp-admin/js/common.min.js?ver=6.9.4
[Mon Apr 20 15:06:55 2026] [::1]:60853 Accepted
[Mon Apr 20 15:06:55 2026] [::1]:60850 Closing
[Mon Apr 20 15:06:55 2026] [::1]:60851 Closing
[Mon Apr 20 15:06:55 2026] [::1]:60853 [200]: GET /wp-includes/js/hoverintent-js.min.js?ver=2.2.1
[Mon Apr 20 15:06:55 2026] [::1]:60852 Closing
[Mon Apr 20 15:06:55 2026] [::1]:60853 Closing
[Mon Apr 20 15:06:55 2026] [::1]:60854 Accepted
[Mon Apr 20 15:06:55 2026] [::1]:60854 [200]: GET /wp-includes/js/admin-bar.min.js?ver=6.9.4
[Mon Apr 20 15:06:55 2026] [::1]:60854 Closing
[Mon Apr 20 15:06:55 2026] [::1]:60855 Accepted
[Mon Apr 20 15:06:55 2026] [::1]:60856 Accepted
[Mon Apr 20 15:06:55 2026] [::1]:60857 Accepted
[Mon Apr 20 15:06:55 2026] [::1]:60855 [200]: GET /wp-admin/js/svg-painter.js?ver=6.9.4
[Mon Apr 20 15:06:55 2026] [::1]:60858 Accepted
[Mon Apr 20 15:06:55 2026] [::1]:60856 [200]: GET /wp-includes/js/backbone.min.js?ver=1.6.0
[Mon Apr 20 15:06:55 2026] [::1]:60857 [200]: GET /wp-content/plugins/elementor/assets/lib/backbone/backbone.marionette.min.js?ver=2.4.5.e1
[Mon Apr 20 15:06:55 2026] [::1]:60859 Accepted
[Mon Apr 20 15:06:55 2026] [::1]:60858 [200]: GET /wp-content/plugins/elementor/assets/lib/backbone/backbone.radio.min.js?ver=1.0.4
[Mon Apr 20 15:06:55 2026] [::1]:60855 Closing
[Mon Apr 20 15:06:55 2026] [::1]:60859 [200]: GET /wp-content/plugins/elementor/assets/js/common-modules.min.js?ver=4.0.2
[Mon Apr 20 15:06:55 2026] [::1]:60856 Closing
[Mon Apr 20 15:06:55 2026] [::1]:60857 Closing
[Mon Apr 20 15:06:55 2026] [::1]:60858 Closing
[Mon Apr 20 15:06:55 2026] [::1]:60859 Closing
[Mon Apr 20 15:06:55 2026] [::1]:60860 Accepted
[Mon Apr 20 15:06:55 2026] [::1]:60860 [200]: GET /wp-content/plugins/elementor/assets/js/web-cli.min.js?ver=4.0.2
[Mon Apr 20 15:06:55 2026] [::1]:60861 Accepted
[Mon Apr 20 15:06:55 2026] [::1]:60860 Closing
[Mon Apr 20 15:06:55 2026] [::1]:60861 [200]: GET /wp-admin/images/spinner-2x.gif
[Mon Apr 20 15:06:55 2026] [::1]:60862 Accepted
[Mon Apr 20 15:06:55 2026] [::1]:60861 Closing
[Mon Apr 20 15:06:55 2026] [::1]:60863 Accepted
[Mon Apr 20 15:06:55 2026] [::1]:60862 [200]: GET /wp-content/plugins/elementor/assets/lib/dialog/dialog.min.js?ver=4.9.0
[Mon Apr 20 15:06:55 2026] [::1]:60864 Accepted
[Mon Apr 20 15:06:55 2026] [::1]:60863 [200]: GET /wp-includes/js/api-request.min.js?ver=6.9.4
[Mon Apr 20 15:06:55 2026] [::1]:60865 Accepted
[Mon Apr 20 15:06:55 2026] [::1]:60864 [200]: GET /wp-content/plugins/elementor/assets/js/dev-tools.min.js?ver=4.0.2
[Mon Apr 20 15:06:55 2026] [::1]:60862 Closing
[Mon Apr 20 15:06:55 2026] [::1]:60863 Closing
[Mon Apr 20 15:06:55 2026] [::1]:60865 [200]: GET /wp-content/plugins/elementor/assets/js/common.min.js?ver=4.0.2
[Mon Apr 20 15:06:55 2026] [::1]:60864 Closing
[Mon Apr 20 15:06:55 2026] [::1]:60865 Closing
[Mon Apr 20 15:06:55 2026] [::1]:60866 Accepted
[Mon Apr 20 15:06:55 2026] [::1]:60867 Accepted
[Mon Apr 20 15:06:55 2026] [::1]:60866 [200]: GET /wp-content/plugins/elementor/assets/js/app-loader.min.js?ver=4.0.2
[Mon Apr 20 15:06:55 2026] [::1]:60866 Closing
[Mon Apr 20 15:06:55 2026] [::1]:60867 [200]: GET /wp-includes/js/heartbeat.min.js?ver=6.9.4
[Mon Apr 20 15:06:55 2026] [::1]:60868 Accepted
[Mon Apr 20 15:06:55 2026] [::1]:60867 Closing
[Mon Apr 20 15:06:55 2026] [::1]:60869 Accepted
[Mon Apr 20 15:06:55 2026] [::1]:60868 [200]: GET /wp-includes/js/wp-auth-check.min.js?ver=6.9.4
[Mon Apr 20 15:06:55 2026] [::1]:60870 Accepted
[Mon Apr 20 15:06:55 2026] [::1]:60869 [200]: GET /wp-includes/js/dist/vendor/react.min.js?ver=18.3.1.1
[Mon Apr 20 15:06:55 2026] [::1]:60868 Closing
[Mon Apr 20 15:06:55 2026] [::1]:60869 Closing
[Mon Apr 20 15:06:55 2026] [::1]:60870 [200]: GET /wp-includes/js/dist/vendor/react-dom.min.js?ver=18.3.1.1
[Mon Apr 20 15:06:55 2026] [::1]:60870 Closing
[Mon Apr 20 15:06:55 2026] [::1]:60871 Accepted
[Mon Apr 20 15:06:55 2026] [::1]:60872 Accepted
[Mon Apr 20 15:06:55 2026] [::1]:60873 Accepted
[Mon Apr 20 15:06:55 2026] [::1]:60871 [200]: GET /wp-includes/js/dist/vendor/react-jsx-runtime.min.js?ver=18.3.1
[Mon Apr 20 15:06:55 2026] [::1]:60871 Closing
[Mon Apr 20 15:06:55 2026] [::1]:60872 [200]: GET /wp-includes/js/dist/deprecated.min.js?ver=e1f84915c5e8ae38964c
[Mon Apr 20 15:06:55 2026] [::1]:60873 [200]: GET /wp-includes/js/dist/dom.min.js?ver=26edef3be6483da3de2e
[Mon Apr 20 15:06:55 2026] [::1]:60874 Accepted
[Mon Apr 20 15:06:55 2026] [::1]:60872 Closing
[Mon Apr 20 15:06:55 2026] [::1]:60875 Accepted
[Mon Apr 20 15:06:55 2026] [::1]:60873 Closing
[Mon Apr 20 15:06:55 2026] [::1]:60874 [200]: GET /wp-includes/js/dist/escape-html.min.js?ver=6561a406d2d232a6fbd2
[Mon Apr 20 15:06:55 2026] [::1]:60874 Closing
[Mon Apr 20 15:06:55 2026] [::1]:60875 [200]: GET /wp-includes/js/dist/element.min.js?ver=6a582b0c827fa25df3dd
[Mon Apr 20 15:06:55 2026] [::1]:60876 Accepted
[Mon Apr 20 15:06:55 2026] [::1]:60875 Closing
[Mon Apr 20 15:06:55 2026] [::1]:60876 [200]: GET /wp-includes/js/dist/is-shallow-equal.min.js?ver=e0f9f1d78d83f5196979
[Mon Apr 20 15:06:55 2026] [::1]:60876 Closing
[Mon Apr 20 15:06:55 2026] [::1]:60877 Accepted
[Mon Apr 20 15:06:55 2026] [::1]:60877 [200]: GET /wp-includes/js/dist/keycodes.min.js?ver=34c8fb5e7a594a1c8037
[Mon Apr 20 15:06:55 2026] [::1]:60878 Accepted
[Mon Apr 20 15:06:55 2026] [::1]:60877 Closing
[Mon Apr 20 15:06:55 2026] [::1]:60878 [200]: GET /wp-includes/js/dist/priority-queue.min.js?ver=2d59d091223ee9a33838
[Mon Apr 20 15:06:55 2026] [::1]:60878 Closing
[Mon Apr 20 15:06:55 2026] [::1]:60879 Accepted
[Mon Apr 20 15:06:55 2026] [::1]:60880 Accepted
[Mon Apr 20 15:06:55 2026] [::1]:60879 [200]: GET /wp-includes/js/dist/compose.min.js?ver=7a9b375d8c19cf9d3d9b
[Mon Apr 20 15:06:55 2026] [::1]:60879 Closing
[Mon Apr 20 15:06:55 2026] [::1]:60880 [200]: GET /wp-includes/js/dist/vendor/moment.min.js?ver=2.30.1
[Mon Apr 20 15:06:55 2026] [::1]:60881 Accepted
[Mon Apr 20 15:06:55 2026] [::1]:60882 Accepted
[Mon Apr 20 15:06:55 2026] [::1]:60881 [200]: GET /wp-includes/js/dist/date.min.js?ver=795a56839718d3ff7eae
[Mon Apr 20 15:06:55 2026] [::1]:60883 Accepted
[Mon Apr 20 15:06:55 2026] [::1]:60880 Closing
[Mon Apr 20 15:06:55 2026] [::1]:60882 [200]: GET /wp-includes/js/dist/html-entities.min.js?ver=e8b78b18a162491d5e5f
[Mon Apr 20 15:06:55 2026] [::1]:60884 Accepted
[Mon Apr 20 15:06:55 2026] [::1]:60883 [200]: GET /wp-includes/js/dist/primitives.min.js?ver=0b5dcc337aa7cbf75570
[Mon Apr 20 15:06:55 2026] [::1]:60885 Accepted
[Mon Apr 20 15:06:55 2026] [::1]:60884 [200]: GET /wp-includes/js/dist/private-apis.min.js?ver=4f465748bda624774139
[Mon Apr 20 15:06:55 2026] [::1]:60882 Closing
[Mon Apr 20 15:06:55 2026] [::1]:60885 [200]: GET /wp-includes/js/dist/redux-routine.min.js?ver=8bb92d45458b29590f53
[Mon Apr 20 15:06:55 2026] [::1]:60883 Closing
[Mon Apr 20 15:06:55 2026] [::1]:60886 Accepted
[Mon Apr 20 15:06:55 2026] [::1]:60884 Closing
[Mon Apr 20 15:06:55 2026] [::1]:60887 Accepted
[Mon Apr 20 15:06:55 2026] [::1]:60881 Closing
[Mon Apr 20 15:06:55 2026] [::1]:60886 [200]: GET /wp-includes/js/dist/data.min.js?ver=f940198280891b0b6318
[Mon Apr 20 15:06:55 2026] [::1]:60885 Closing
[Mon Apr 20 15:06:55 2026] [::1]:60887 [200]: GET /wp-includes/js/dist/rich-text.min.js?ver=5bdbb44f3039529e3645
[Mon Apr 20 15:06:55 2026] [::1]:60886 Closing
[Mon Apr 20 15:06:55 2026] [::1]:60887 Closing
[Mon Apr 20 15:06:55 2026] [::1]:60888 Accepted
[Mon Apr 20 15:06:55 2026] [::1]:60888 [200]: GET /wp-includes/js/dist/warning.min.js?ver=d69bc18c456d01c11d5a
[Mon Apr 20 15:06:55 2026] [::1]:60889 Accepted
[Mon Apr 20 15:06:55 2026] [::1]:60890 Accepted
[Mon Apr 20 15:06:55 2026] [::1]:60891 Accepted
[Mon Apr 20 15:06:55 2026] [::1]:60888 Closing
[Mon Apr 20 15:06:55 2026] [::1]:60889 [200]: GET /wp-includes/js/dist/components.min.js?ver=0d72a218dfea8f6f442f
[Mon Apr 20 15:06:55 2026] [::1]:60892 Accepted
[Mon Apr 20 15:06:55 2026] [::1]:60890 [200]: GET /wp-includes/js/dist/keyboard-shortcuts.min.js?ver=fbc45a34ce65c5723afa
[Mon Apr 20 15:06:55 2026] [::1]:60891 [200]: GET /wp-includes/js/dist/commands.min.js?ver=cac8f4817ab7cea0ac49
[Mon Apr 20 15:06:55 2026] [::1]:60893 Accepted
[Mon Apr 20 15:06:55 2026] [::1]:60892 [200]: GET /wp-includes/js/dist/url.min.js?ver=9e178c9516d1222dc834
[Mon Apr 20 15:06:55 2026] [::1]:60894 Accepted
[Mon Apr 20 15:06:55 2026] [::1]:60893 [200]: GET /wp-includes/js/dist/api-fetch.min.js?ver=3a4d9af2b423048b0dee
[Mon Apr 20 15:06:55 2026] [::1]:60890 Closing
[Mon Apr 20 15:06:55 2026] [::1]:60891 Closing
[Mon Apr 20 15:06:55 2026] [::1]:60894 [200]: GET /wp-includes/js/dist/blob.min.js?ver=9113eed771d446f4a556
[Mon Apr 20 15:06:55 2026] [::1]:60895 Accepted
[Mon Apr 20 15:06:55 2026] [::1]:60892 Closing
[Mon Apr 20 15:06:55 2026] [::1]:60896 Accepted
[Mon Apr 20 15:06:55 2026] [::1]:60895 [200]: GET /wp-includes/js/dist/block-serialization-default-parser.min.js?ver=14d44daebf663d05d330
[Mon Apr 20 15:06:55 2026] [::1]:60893 Closing
[Mon Apr 20 15:06:55 2026] [::1]:60897 Accepted
[Mon Apr 20 15:06:55 2026] [::1]:60896 [200]: GET /wp-includes/js/dist/autop.min.js?ver=9fb50649848277dd318d
[Mon Apr 20 15:06:55 2026] [::1]:60894 Closing
[Mon Apr 20 15:06:55 2026] [::1]:60889 Closing
[Mon Apr 20 15:06:55 2026] [::1]:60895 Closing
[Mon Apr 20 15:06:55 2026] [::1]:60896 Closing
[Mon Apr 20 15:06:55 2026] [::1]:60897 [200]: GET /wp-includes/js/dist/shortcode.min.js?ver=0b3174183b858f2df320
[Mon Apr 20 15:06:55 2026] [::1]:60898 Accepted
[Mon Apr 20 15:06:55 2026] [::1]:60899 Accepted
[Mon Apr 20 15:06:55 2026] [::1]:60897 Closing
[Mon Apr 20 15:06:55 2026] [::1]:60898 [200]: GET /wp-includes/js/dist/blocks.min.js?ver=57eca4d23daac7159d88
[Mon Apr 20 15:06:55 2026] [::1]:60899 [200]: GET /wp-includes/js/dist/notices.min.js?ver=f62fbf15dcc23301922f
[Mon Apr 20 15:06:55 2026] [::1]:60898 Closing
[Mon Apr 20 15:06:55 2026] [::1]:60899 Closing
[Mon Apr 20 15:06:55 2026] [::1]:60900 Accepted
[Mon Apr 20 15:06:55 2026] [::1]:60901 Accepted
[Mon Apr 20 15:06:55 2026] [::1]:60900 [200]: GET /wp-includes/js/dist/preferences-persistence.min.js?ver=e954d3a4426d311f7d1a
[Mon Apr 20 15:06:55 2026] [::1]:60902 Accepted
[Mon Apr 20 15:06:55 2026] [::1]:60903 Accepted
[Mon Apr 20 15:06:55 2026] [::1]:60900 Closing
[Mon Apr 20 15:06:55 2026] [::1]:60901 [200]: GET /wp-includes/js/dist/preferences.min.js?ver=2ca086aed510c242a1ed
[Mon Apr 20 15:06:55 2026] [::1]:60902 [200]: GET /wp-includes/js/dist/style-engine.min.js?ver=7c6fcedc37dadafb8a81
[Mon Apr 20 15:06:55 2026] [::1]:60903 [200]: GET /wp-includes/js/dist/token-list.min.js?ver=cfdf635a436c3953a965
[Mon Apr 20 15:06:55 2026] [::1]:60904 Accepted
[Mon Apr 20 15:06:55 2026] [::1]:60901 Closing
[Mon Apr 20 15:06:55 2026] [::1]:60902 Closing
[Mon Apr 20 15:06:55 2026] [::1]:60904 [200]: GET /wp-includes/js/dist/block-editor.min.js?ver=addf558a422e2ee57920
[Mon Apr 20 15:06:55 2026] [::1]:60905 Accepted
[Mon Apr 20 15:06:55 2026] [::1]:60903 Closing
[Mon Apr 20 15:06:55 2026] [::1]:60905 [200]: GET /wp-includes/js/dist/core-data.min.js?ver=15baadfe6e1374188072
[Mon Apr 20 15:06:55 2026] [::1]:60906 Accepted
[Mon Apr 20 15:06:55 2026] [::1]:60906 [200]: GET /wp-includes/js/dist/router.min.js?ver=2dfc4b954318a03e6a76
[Mon Apr 20 15:06:55 2026] [::1]:60907 Accepted
[Mon Apr 20 15:06:55 2026] [::1]:60905 Closing
[Mon Apr 20 15:06:55 2026] [::1]:60907 [200]: GET /wp-includes/js/dist/core-commands.min.js?ver=effe2d88d7f0c50a8ce9
[Mon Apr 20 15:06:55 2026] [::1]:60908 Accepted
[Mon Apr 20 15:06:55 2026] [::1]:60906 Closing
[Mon Apr 20 15:06:55 2026] [::1]:60909 Accepted
[Mon Apr 20 15:06:55 2026] [::1]:60908 [200]: GET /wp-content/plugins/elementor/vendor/elementor/wp-one-package/assets/build/common.js?ver=71fc09ea1a9e23155639
[Mon Apr 20 15:06:55 2026] [::1]:60904 Closing
[Mon Apr 20 15:06:55 2026] [::1]:60909 [200]: GET /wp-content/plugins/elementor/assets/js/editor-one-menu.min.js?ver=4.0.2
[Mon Apr 20 15:06:55 2026] [::1]:60907 Closing
[Mon Apr 20 15:06:55 2026] [::1]:60910 Accepted
[Mon Apr 20 15:06:55 2026] [::1]:60911 Accepted
[Mon Apr 20 15:06:55 2026] [::1]:60910 [200]: GET /wp-content/plugins/elementor/assets/js/import-export-admin.min.js?ver=4.0.2
[Mon Apr 20 15:06:55 2026] [::1]:60908 Closing
[Mon Apr 20 15:06:55 2026] [::1]:60909 Closing
[Mon Apr 20 15:06:55 2026] [::1]:60911 [200]: GET /wp-content/plugins/elementor/assets/js/import-export-customization-admin.min.js?ver=4.0.2
[Mon Apr 20 15:06:55 2026] [::1]:60912 Accepted
[Mon Apr 20 15:06:55 2026] [::1]:60910 Closing
[Mon Apr 20 15:06:55 2026] [::1]:60913 Accepted
[Mon Apr 20 15:06:55 2026] [::1]:60912 [200]: GET /wp-content/plugins/elementor/assets/js/admin-modules.min.js?ver=4.0.2
[Mon Apr 20 15:06:55 2026] [::1]:60911 Closing
[Mon Apr 20 15:06:55 2026] [::1]:60913 [200]: GET /wp-content/plugins/elementor/assets/js/admin.min.js?ver=4.0.2
[Mon Apr 20 15:06:55 2026] [::1]:60912 Closing
[Mon Apr 20 15:06:55 2026] [::1]:60913 Closing
[Mon Apr 20 15:06:55 2026] [::1]:60914 Accepted
[Mon Apr 20 15:06:55 2026] [::1]:60915 Accepted
[Mon Apr 20 15:06:55 2026] [::1]:60916 Accepted
[Mon Apr 20 15:06:55 2026] [::1]:60914 [200]: GET /wp-content/plugins/elementor/assets/js/media-hints.min.js?ver=4.0.2
[Mon Apr 20 15:06:55 2026] [::1]:60915 [200]: GET /wp-includes/js/thickbox/thickbox.js?ver=3.1-20121105
[Mon Apr 20 15:06:55 2026] [::1]:60916 [200]: GET /wp-admin/js/accordion.min.js?ver=6.9.4
[Mon Apr 20 15:06:55 2026] [::1]:60914 Closing
[Mon Apr 20 15:06:55 2026] [::1]:60915 Closing
[Mon Apr 20 15:06:55 2026] [::1]:60916 Closing
[Mon Apr 20 15:06:55 2026] [::1]:60917 Accepted
[Mon Apr 20 15:06:55 2026] [::1]:60917 [200]: GET /wp-includes/js/thickbox/loadingAnimation.gif
[Mon Apr 20 15:06:55 2026] [::1]:60917 Closing
[Mon Apr 20 15:06:58 2026] [::1]:60920 Accepted
[Mon Apr 20 15:06:59 2026] [::1]:60920 [200]: GET /
[Mon Apr 20 15:06:59 2026] [::1]:60920 Closing
[Mon Apr 20 15:06:59 2026] [::1]:60921 Accepted
[Mon Apr 20 15:06:59 2026] [::1]:60921 [200]: GET /wp-content/themes/tijus-theme/assets/css/vendor/plugins.min.css
[Mon Apr 20 15:06:59 2026] [::1]:60921 Closing
[Mon Apr 20 15:06:59 2026] [::1]:60923 Accepted
[Mon Apr 20 15:06:59 2026] [::1]:60924 Accepted
[Mon Apr 20 15:06:59 2026] [::1]:60925 Accepted
[Mon Apr 20 15:06:59 2026] [::1]:60923 [200]: GET /wp-content/themes/tijus-theme/assets/css/style.min.css
[Mon Apr 20 15:06:59 2026] [::1]:60926 Accepted
[Mon Apr 20 15:06:59 2026] [::1]:60924 [200]: GET /wp-includes/css/dashicons.min.css?ver=6.9.4
[Mon Apr 20 15:06:59 2026] [::1]:60925 [200]: GET /wp-includes/css/admin-bar.min.css?ver=6.9.4
[Mon Apr 20 15:06:59 2026] [::1]:60927 Accepted
[Mon Apr 20 15:06:59 2026] [::1]:60926 [200]: GET /wp-content/plugins/elementor/assets/lib/eicons/css/elementor-icons.min.css?ver=5.48.0
[Mon Apr 20 15:06:59 2026] [::1]:60927 [200]: GET /wp-content/plugins/elementor/assets/css/common.min.css?ver=4.0.2
[Mon Apr 20 15:06:59 2026] [::1]:60928 Accepted
[Mon Apr 20 15:06:59 2026] [::1]:60924 Closing
[Mon Apr 20 15:06:59 2026] [::1]:60925 Closing
[Mon Apr 20 15:06:59 2026] [::1]:60929 Accepted
[Mon Apr 20 15:06:59 2026] [::1]:60926 Closing
[Mon Apr 20 15:06:59 2026] [::1]:60923 Closing
[Mon Apr 20 15:06:59 2026] [::1]:60927 Closing
[Mon Apr 20 15:06:59 2026] [::1]:60928 [200]: GET /wp-content/plugins/elementor/assets/css/theme-light.min.css?ver=4.0.2
[Mon Apr 20 15:06:59 2026] [::1]:60930 Accepted
[Mon Apr 20 15:06:59 2026] [::1]:60928 Closing
[Mon Apr 20 15:06:59 2026] [::1]:60929 [200]: GET /wp-content/themes/tijus-theme/style.css?ver=1.0.0
[Mon Apr 20 15:06:59 2026] [::1]:60930 [200]: GET /wp-content/plugins/elementor/assets/css/frontend.min.css?ver=4.0.2
[Mon Apr 20 15:06:59 2026] [::1]:60931 Accepted
[Mon Apr 20 15:06:59 2026] [::1]:60929 Closing
[Mon Apr 20 15:06:59 2026] [::1]:60930 Closing
[Mon Apr 20 15:06:59 2026] [::1]:60931 [200]: GET /wp-content/plugins/elementor/assets/css/admin-bar.min.css?ver=4.0.2
[Mon Apr 20 15:06:59 2026] [::1]:60932 Accepted
[Mon Apr 20 15:06:59 2026] [::1]:60931 Closing
[Mon Apr 20 15:06:59 2026] [::1]:60932 [200]: GET /wp-content/uploads/elementor/css/post-6.css?ver=1776486962
[Mon Apr 20 15:06:59 2026] [::1]:60932 Closing
[Mon Apr 20 15:06:59 2026] [::1]:60933 Accepted
[Mon Apr 20 15:06:59 2026] [::1]:60934 Accepted
[Mon Apr 20 15:06:59 2026] [::1]:60933 [200]: GET /wp-content/uploads/elementor/css/post-10.css?ver=1776513654
[Mon Apr 20 15:06:59 2026] [::1]:60935 Accepted
[Mon Apr 20 15:06:59 2026] [::1]:60936 Accepted
[Mon Apr 20 15:06:59 2026] [::1]:60933 Closing
[Mon Apr 20 15:06:59 2026] [::1]:60934 [200]: GET /wp-content/uploads/elementor/css/base-desktop.css?ver=69e30a32eaae0
[Mon Apr 20 15:06:59 2026] [::1]:60935 [200]: GET /wp-includes/js/jquery/jquery.min.js?ver=3.7.1
[Mon Apr 20 15:06:59 2026] [::1]:60934 Closing
[Mon Apr 20 15:06:59 2026] [::1]:60936 [200]: GET /wp-includes/js/jquery/jquery-migrate.min.js?ver=3.4.1
[Mon Apr 20 15:06:59 2026] [::1]:60935 Closing
[Mon Apr 20 15:06:59 2026] [::1]:60937 Accepted
[Mon Apr 20 15:06:59 2026] [::1]:60936 Closing
[Mon Apr 20 15:06:59 2026] [::1]:60937 [200]: GET /wp-content/uploads/2026/04/logo.webp
[Mon Apr 20 15:06:59 2026] [::1]:60938 Accepted
[Mon Apr 20 15:06:59 2026] [::1]:60937 Closing
[Mon Apr 20 15:06:59 2026] [::1]:60938 [200]: GET /wp-content/themes/tijus-theme/assets/images/shape/shape-8.png
[Mon Apr 20 15:06:59 2026] [::1]:60938 Closing
[Mon Apr 20 15:06:59 2026] [::1]:60939 Accepted
[Mon Apr 20 15:06:59 2026] [::1]:60940 Accepted
[Mon Apr 20 15:06:59 2026] [::1]:60939 [200]: GET /wp-content/themes/tijus-theme/assets/images/shape/shape-5.png
[Mon Apr 20 15:06:59 2026] [::1]:60940 [200]: GET /wp-content/themes/tijus-theme/assets/images/shape/shape-6.png
[Mon Apr 20 15:06:59 2026] [::1]:60939 Closing
[Mon Apr 20 15:06:59 2026] [::1]:60940 Closing
[Mon Apr 20 15:06:59 2026] [::1]:60941 Accepted
[Mon Apr 20 15:06:59 2026] [::1]:60942 Accepted
[Mon Apr 20 15:06:59 2026] [::1]:60941 [200]: GET /wp-content/themes/tijus-theme/assets/images/shape/shape-7.png
[Mon Apr 20 15:06:59 2026] [::1]:60942 [200]: GET /wp-includes/js/jquery/ui/core.min.js?ver=1.13.3
[Mon Apr 20 15:06:59 2026] [::1]:60941 Closing
[Mon Apr 20 15:06:59 2026] [::1]:60942 Closing
[Mon Apr 20 15:06:59 2026] [::1]:60943 Accepted
[Mon Apr 20 15:06:59 2026] [::1]:60943 [200]: GET /wp-includes/js/jquery/ui/mouse.min.js?ver=1.13.3
[Mon Apr 20 15:06:59 2026] [::1]:60943 Closing
[Mon Apr 20 15:06:59 2026] [::1]:60944 Accepted
[Mon Apr 20 15:06:59 2026] [::1]:60944 [200]: GET /wp-includes/js/jquery/ui/draggable.min.js?ver=1.13.3
[Mon Apr 20 15:06:59 2026] [::1]:60945 Accepted
[Mon Apr 20 15:06:59 2026] [::1]:60944 Closing
[Mon Apr 20 15:06:59 2026] [::1]:60946 Accepted
[Mon Apr 20 15:06:59 2026] [::1]:60947 Accepted
[Mon Apr 20 15:06:59 2026] [::1]:60945 [200]: GET /wp-includes/js/underscore.min.js?ver=1.13.7
[Mon Apr 20 15:06:59 2026] [::1]:60948 Accepted
[Mon Apr 20 15:06:59 2026] [::1]:60946 [200]: GET /wp-includes/js/backbone.min.js?ver=1.6.0
[Mon Apr 20 15:06:59 2026] [::1]:60947 [200]: GET /wp-content/plugins/elementor/assets/lib/backbone/backbone.marionette.min.js?ver=2.4.5.e1
[Mon Apr 20 15:06:59 2026] [::1]:60945 Closing
[Mon Apr 20 15:06:59 2026] [::1]:60946 Closing
[Mon Apr 20 15:06:59 2026] [::1]:60947 Closing
[Mon Apr 20 15:06:59 2026] [::1]:60948 [200]: GET /wp-content/plugins/elementor/assets/lib/backbone/backbone.radio.min.js?ver=1.0.4
[Mon Apr 20 15:06:59 2026] [::1]:60948 Closing
[Mon Apr 20 15:06:59 2026] [::1]:60949 Accepted
[Mon Apr 20 15:06:59 2026] [::1]:60949 [200]: GET /wp-content/plugins/elementor/assets/js/common-modules.min.js?ver=4.0.2
[Mon Apr 20 15:06:59 2026] [::1]:60949 Closing
[Mon Apr 20 15:06:59 2026] [::1]:60950 Accepted
[Mon Apr 20 15:06:59 2026] [::1]:60950 [200]: GET /wp-content/plugins/elementor/assets/js/web-cli.min.js?ver=4.0.2
[Mon Apr 20 15:06:59 2026] [::1]:60951 Accepted
[Mon Apr 20 15:06:59 2026] [::1]:60950 Closing
[Mon Apr 20 15:06:59 2026] [::1]:60951 [200]: GET /wp-content/plugins/elementor/assets/lib/dialog/dialog.min.js?ver=4.9.4
[Mon Apr 20 15:06:59 2026] [::1]:60952 Accepted
[Mon Apr 20 15:06:59 2026] [::1]:60951 Closing
[Mon Apr 20 15:06:59 2026] [::1]:60953 Accepted
[Mon Apr 20 15:06:59 2026] [::1]:60952 [200]: GET /wp-includes/js/api-request.min.js?ver=6.9.4
[Mon Apr 20 15:06:59 2026] [::1]:60954 Accepted
[Mon Apr 20 15:06:59 2026] [::1]:60953 [200]: GET /wp-content/plugins/elementor/assets/js/dev-tools.min.js?ver=4.0.2
[Mon Apr 20 15:06:59 2026] [::1]:60954 [200]: GET /wp-includes/js/dist/hooks.min.js?ver=dd5603f07f9220ed27f1
[Mon Apr 20 15:06:59 2026] [::1]:60952 Closing
[Mon Apr 20 15:06:59 2026] [::1]:60955 Accepted
[Mon Apr 20 15:06:59 2026] [::1]:60953 Closing
[Mon Apr 20 15:06:59 2026] [::1]:60954 Closing
[Mon Apr 20 15:06:59 2026] [::1]:60955 [200]: GET /wp-includes/js/dist/i18n.min.js?ver=c26c3dc7bed366793375
[Mon Apr 20 15:06:59 2026] [::1]:60955 Closing
[Mon Apr 20 15:06:59 2026] [::1]:60956 Accepted
[Mon Apr 20 15:06:59 2026] [::1]:60957 Accepted
[Mon Apr 20 15:06:59 2026] [::1]:60956 [200]: GET /wp-content/plugins/elementor/assets/js/common.min.js?ver=4.0.2
[Mon Apr 20 15:06:59 2026] [::1]:60958 Accepted
[Mon Apr 20 15:06:59 2026] [::1]:60957 [200]: GET /wp-content/plugins/elementor/assets/js/app-loader.min.js?ver=4.0.2
[Mon Apr 20 15:06:59 2026] [::1]:60958 [200]: GET /wp-content/themes/tijus-theme/assets/js/vendor/modernizr-3.11.2.min.js?ver=3.11.2
[Mon Apr 20 15:06:59 2026] [::1]:60959 Accepted
[Mon Apr 20 15:06:59 2026] [::1]:60960 Accepted
[Mon Apr 20 15:06:59 2026] [::1]:60957 Closing
[Mon Apr 20 15:06:59 2026] [::1]:60959 [200]: GET /wp-content/themes/tijus-theme/assets/js/plugins.min.js?ver=1.0.0
[Mon Apr 20 15:06:59 2026] [::1]:60958 Closing
[Mon Apr 20 15:06:59 2026] [::1]:60960 [200]: GET /wp-content/themes/tijus-theme/assets/js/main.js?ver=1.0.0
[Mon Apr 20 15:06:59 2026] [::1]:60956 Closing
[Mon Apr 20 15:06:59 2026] [::1]:60959 Closing
[Mon Apr 20 15:06:59 2026] [::1]:60960 Closing
[Mon Apr 20 15:06:59 2026] [::1]:60961 Accepted
[Mon Apr 20 15:06:59 2026] [::1]:60962 Accepted
[Mon Apr 20 15:06:59 2026] [::1]:60961 [200]: GET /wp-content/plugins/elementor/assets/js/webpack.runtime.min.js?ver=4.0.2
[Mon Apr 20 15:06:59 2026] [::1]:60962 [200]: GET /wp-content/plugins/elementor/assets/js/frontend-modules.min.js?ver=4.0.2
[Mon Apr 20 15:06:59 2026] [::1]:60963 Accepted
[Mon Apr 20 15:06:59 2026] [::1]:60961 Closing
[Mon Apr 20 15:06:59 2026] [::1]:60962 Closing
[Mon Apr 20 15:06:59 2026] [::1]:60963 [200]: GET /wp-content/plugins/elementor/assets/js/frontend.min.js?ver=4.0.2
[Mon Apr 20 15:06:59 2026] [::1]:60964 Accepted
[Mon Apr 20 15:06:59 2026] [::1]:60963 Closing
[Mon Apr 20 15:06:59 2026] [::1]:60964 [200]: GET /wp-content/plugins/elementor/assets/js/elementor-admin-bar.min.js?ver=4.0.2
[Mon Apr 20 15:06:59 2026] [::1]:60965 Accepted
[Mon Apr 20 15:06:59 2026] [::1]:60966 Accepted
[Mon Apr 20 15:06:59 2026] [::1]:60964 Closing
[Mon Apr 20 15:06:59 2026] [::1]:60965 [200]: GET /wp-includes/js/hoverintent-js.min.js?ver=2.2.1
[Mon Apr 20 15:06:59 2026] [::1]:60965 Closing
[Mon Apr 20 15:06:59 2026] [::1]:60967 Accepted
[Mon Apr 20 15:06:59 2026] [::1]:60966 [200]: GET /wp-includes/js/admin-bar.min.js?ver=6.9.4
[Mon Apr 20 15:06:59 2026] [::1]:60967 [200]: GET /wp-content/themes/tijus-theme/assets/images/slider/slider-1.png
[Mon Apr 20 15:06:59 2026] [::1]:60966 Closing
[Mon Apr 20 15:06:59 2026] [::1]:60968 Accepted
[Mon Apr 20 15:06:59 2026] [::1]:60967 Closing
[Mon Apr 20 15:06:59 2026] [::1]:60968 [200]: GET /wp-content/themes/tijus-theme/assets/images/shape/shape-9.png
[Mon Apr 20 15:06:59 2026] [::1]:60969 Accepted
[Mon Apr 20 15:06:59 2026] [::1]:60970 Accepted
[Mon Apr 20 15:06:59 2026] [::1]:60969 [200]: GET /wp-content/themes/tijus-theme/assets/images/shape/shape-10.png
[Mon Apr 20 15:06:59 2026] [::1]:60968 Closing
[Mon Apr 20 15:06:59 2026] [::1]:60970 [200]: GET /wp-content/themes/tijus-theme/assets/images/courses/courses-01.jpg
[Mon Apr 20 15:06:59 2026] [::1]:60971 Accepted
[Mon Apr 20 15:06:59 2026] [::1]:60972 Accepted
[Mon Apr 20 15:06:59 2026] [::1]:60971 [200]: GET /wp-content/themes/tijus-theme/assets/images/shape/shape-12.png
[Mon Apr 20 15:06:59 2026] [::1]:60969 Closing
[Mon Apr 20 15:06:59 2026] [::1]:60970 Closing
[Mon Apr 20 15:06:59 2026] [::1]:60972 [200]: GET /wp-content/themes/tijus-theme/assets/images/shape/shape-13.svg
[Mon Apr 20 15:06:59 2026] [::1]:60971 Closing
[Mon Apr 20 15:06:59 2026] [::1]:60972 Closing
[Mon Apr 20 15:06:59 2026] [::1]:60973 Accepted
[Mon Apr 20 15:06:59 2026] [::1]:60974 Accepted
[Mon Apr 20 15:06:59 2026] [::1]:60975 Accepted
[Mon Apr 20 15:06:59 2026] [::1]:60973 [200]: GET /wp-content/themes/tijus-theme/assets/images/shape/shape-15.png
[Mon Apr 20 15:06:59 2026] [::1]:60973 Closing
[Mon Apr 20 15:06:59 2026] [::1]:60974 [200]: GET /wp-content/themes/tijus-theme/assets/images/shape/shape-17.png
[Mon Apr 20 15:06:59 2026] [::1]:60975 [200]: GET /wp-content/themes/tijus-theme/assets/images/shape/shape-16.png
[Mon Apr 20 15:06:59 2026] [::1]:60974 Closing
[Mon Apr 20 15:06:59 2026] [::1]:60976 Accepted
[Mon Apr 20 15:06:59 2026] [::1]:60975 Closing
[Mon Apr 20 15:06:59 2026] [::1]:60977 Accepted
[Mon Apr 20 15:06:59 2026] [::1]:60976 [200]: GET /wp-content/themes/tijus-theme/assets/images/shape/shape-14.png
[Mon Apr 20 15:06:59 2026] [::1]:60976 Closing
[Mon Apr 20 15:06:59 2026] [::1]:60977 [200]: GET /wp-content/themes/tijus-theme/assets/images/google-play.png
[Mon Apr 20 15:06:59 2026] [::1]:60978 Accepted
[Mon Apr 20 15:06:59 2026] [::1]:60977 Closing
[Mon Apr 20 15:06:59 2026] [::1]:60978 [200]: GET /wp-content/themes/tijus-theme/assets/images/app-store.png
[Mon Apr 20 15:06:59 2026] [::1]:60978 Closing
[Mon Apr 20 15:06:59 2026] [::1]:60979 Accepted
[Mon Apr 20 15:06:59 2026] [::1]:60980 Accepted
[Mon Apr 20 15:06:59 2026] [::1]:60979 [200]: GET /wp-content/themes/tijus-theme/assets/images/author/author-06.jpg
[Mon Apr 20 15:06:59 2026] [::1]:60980 [200]: GET /wp-content/themes/tijus-theme/assets/images/author/author-07.jpg
[Mon Apr 20 15:06:59 2026] [::1]:60981 Accepted
[Mon Apr 20 15:06:59 2026] [::1]:60979 Closing
[Mon Apr 20 15:06:59 2026] [::1]:60981 [200]: GET /wp-content/themes/tijus-theme/assets/images/author/author-03.jpg
[Mon Apr 20 15:06:59 2026] [::1]:60982 Accepted
[Mon Apr 20 15:06:59 2026] [::1]:60980 Closing
[Mon Apr 20 15:06:59 2026] [::1]:60983 Accepted
[Mon Apr 20 15:06:59 2026] [::1]:60984 Accepted
[Mon Apr 20 15:06:59 2026] [::1]:60983 [200]: GET /wp-content/themes/tijus-theme/assets/images/shape/shape-3.png
[Mon Apr 20 15:06:59 2026] [::1]:60982 [200]: GET /wp-content/themes/tijus-theme/assets/images/shape/shape-1.png
[Mon Apr 20 15:06:59 2026] [::1]:60981 Closing
[Mon Apr 20 15:06:59 2026] [::1]:60984 [200]: GET /wp-content/themes/tijus-theme/assets/images/shape/shape-11.png
[Mon Apr 20 15:06:59 2026] [::1]:60985 Accepted
[Mon Apr 20 15:06:59 2026] [::1]:60986 Accepted
[Mon Apr 20 15:06:59 2026] [::1]:60983 Closing
[Mon Apr 20 15:06:59 2026] [::1]:60982 Closing
[Mon Apr 20 15:06:59 2026] [::1]:60985 [200]: GET /wp-content/themes/tijus-theme/assets/images/shape/shape-4.png
[Mon Apr 20 15:06:59 2026] [::1]:60987 Accepted
[Mon Apr 20 15:06:59 2026] [::1]:60984 Closing
[Mon Apr 20 15:06:59 2026] [::1]:60986 [200]: GET /wp-content/themes/tijus-theme/assets/images/shape/shape-2.png
[Mon Apr 20 15:06:59 2026] [::1]:60987 [200]: GET /wp-content/themes/tijus-theme/assets/images/shape/shape-19.png
[Mon Apr 20 15:06:59 2026] [::1]:60985 Closing
[Mon Apr 20 15:06:59 2026] [::1]:60986 Closing
[Mon Apr 20 15:06:59 2026] [::1]:60987 Closing
[Mon Apr 20 15:06:59 2026] [::1]:60988 Accepted
[Mon Apr 20 15:06:59 2026] [::1]:60988 [200]: GET /wp-content/themes/tijus-theme/assets/images/shape/shape-20.png
[Mon Apr 20 15:06:59 2026] [::1]:60989 Accepted
[Mon Apr 20 15:06:59 2026] [::1]:60990 Accepted
[Mon Apr 20 15:06:59 2026] [::1]:60988 Closing
[Mon Apr 20 15:06:59 2026] [::1]:60989 [200]: GET /wp-content/themes/tijus-theme/assets/images/brand/brand-01.png
[Mon Apr 20 15:06:59 2026] [::1]:60990 [200]: GET /wp-content/themes/tijus-theme/assets/images/brand/brand-02.png
[Mon Apr 20 15:06:59 2026] [::1]:60991 Accepted
[Mon Apr 20 15:06:59 2026] [::1]:60989 Closing
[Mon Apr 20 15:06:59 2026] [::1]:60990 Closing
[Mon Apr 20 15:06:59 2026] [::1]:60991 [200]: GET /wp-content/themes/tijus-theme/assets/images/brand/brand-03.png
[Mon Apr 20 15:06:59 2026] [::1]:60992 Accepted
[Mon Apr 20 15:06:59 2026] [::1]:60992 [200]: GET /wp-content/themes/tijus-theme/assets/images/brand/brand-04.png
[Mon Apr 20 15:06:59 2026] [::1]:60991 Closing
[Mon Apr 20 15:06:59 2026] [::1]:60993 Accepted
[Mon Apr 20 15:06:59 2026] [::1]:60992 Closing
[Mon Apr 20 15:06:59 2026] [::1]:60993 [200]: GET /wp-content/themes/tijus-theme/assets/images/brand/brand-05.png
[Mon Apr 20 15:06:59 2026] [::1]:60993 Closing
[Mon Apr 20 15:06:59 2026] [::1]:60994 Accepted
[Mon Apr 20 15:06:59 2026] [::1]:60994 [200]: GET /wp-content/themes/tijus-theme/assets/fonts/flaticon.ttf?655915d50ed0facf464660ba648373b0
[Mon Apr 20 15:06:59 2026] [::1]:60995 Accepted
[Mon Apr 20 15:06:59 2026] [::1]:60994 Closing
[Mon Apr 20 15:06:59 2026] [::1]:60996 Accepted
[Mon Apr 20 15:06:59 2026] [::1]:60995 [200]: GET /wp-content/themes/tijus-theme/assets/fonts/icofont.woff2
[Mon Apr 20 15:06:59 2026] [::1]:60997 Accepted
[Mon Apr 20 15:06:59 2026] [::1]:60996 [200]: GET /wp-content/themes/tijus-theme/assets/images/brand/brand-06.png
[Mon Apr 20 15:06:59 2026] [::1]:60997 [200]: GET /wp-content/themes/tijus-theme/assets/images/blog/blog-01.jpg
[Mon Apr 20 15:06:59 2026] [::1]:60998 Accepted
[Mon Apr 20 15:06:59 2026] [::1]:60996 Closing
[Mon Apr 20 15:06:59 2026] [::1]:60999 Accepted
[Mon Apr 20 15:06:59 2026] [::1]:60997 Closing
[Mon Apr 20 15:06:59 2026] [::1]:60998 [200]: GET /wp-content/themes/tijus-theme/assets/images/shape/shape-21.png
[Mon Apr 20 15:06:59 2026] [::1]:61000 Accepted
[Mon Apr 20 15:06:59 2026] [::1]:60999 [200]: GET /wp-content/themes/tijus-theme/assets/images/shape/shape-22.png
[Mon Apr 20 15:06:59 2026] [::1]:60995 Closing
[Mon Apr 20 15:06:59 2026] [::1]:61000 [200]: GET /wp-content/themes/tijus-theme/assets/images/shape/shape-18.png
[Mon Apr 20 15:06:59 2026] [::1]:60998 Closing
[Mon Apr 20 15:06:59 2026] [::1]:60999 Closing
[Mon Apr 20 15:06:59 2026] [::1]:61000 Closing
[Mon Apr 20 15:06:59 2026] [::1]:61001 Accepted
[Mon Apr 20 15:06:59 2026] [::1]:61001 [200]: GET /wp-includes/js/wp-emoji-release.min.js?ver=6.9.4
[Mon Apr 20 15:06:59 2026] [::1]:61001 Closing
[Mon Apr 20 15:06:59 2026] [::1]:61002 Accepted
[Mon Apr 20 15:06:59 2026] [::1]:61002 [200]: GET /wp-content/plugins/elementor/assets/lib/eicons/fonts/eicons.woff2?5.48.0
[Mon Apr 20 15:06:59 2026] [::1]:61002 Closing
[Mon Apr 20 15:06:59 2026] [::1]:61003 Accepted
[Mon Apr 20 15:06:59 2026] [::1]:61004 Accepted
[Mon Apr 20 15:06:59 2026] [::1]:61003 [200]: GET /wp-content/plugins/elementor/assets/js/section-frontend-handlers.d85ab872da118940910d.bundle.min.js
[Mon Apr 20 15:06:59 2026] [::1]:61004 [200]: GET /wp-content/plugins/elementor/assets/js/shared-frontend-handlers.03caa53373b56d3bab67.bundle.min.js
[Mon Apr 20 15:06:59 2026] [::1]:61003 Closing
[Mon Apr 20 15:06:59 2026] [::1]:61004 Closing
[Mon Apr 20 15:06:59 2026] [::1]:61005 Accepted
[Mon Apr 20 15:06:59 2026] [::1]:61005 [200]: GET /wp-content/themes/tijus-theme/assets/images/favicon.ico
[Mon Apr 20 15:06:59 2026] [::1]:61005 Closing
[Mon Apr 20 15:32:07 2026] [::1]:61545 Accepted
[Mon Apr 20 15:32:08 2026] [::1]:61545 Closing
[Mon Apr 20 15:32:08 2026] [::1]:61546 Accepted
[Mon Apr 20 15:32:08 2026] [::1]:61546 [200]: GET /wp-content/themes/tijus-theme/assets/css/vendor/plugins.min.css
[Mon Apr 20 15:32:08 2026] [::1]:61549 Accepted
[Mon Apr 20 15:32:08 2026] [::1]:61550 Accepted
[Mon Apr 20 15:32:08 2026] [::1]:61546 Closing
[Mon Apr 20 15:32:08 2026] [::1]:61549 [200]: GET /wp-content/themes/tijus-theme/assets/css/style.min.css
[Mon Apr 20 15:32:08 2026] [::1]:61551 Accepted
[Mon Apr 20 15:32:08 2026] [::1]:61550 [200]: GET /wp-includes/css/dashicons.min.css?ver=6.9.4
[Mon Apr 20 15:32:08 2026] [::1]:61552 Accepted
[Mon Apr 20 15:32:08 2026] [::1]:61551 [200]: GET /wp-includes/css/admin-bar.min.css?ver=6.9.4
[Mon Apr 20 15:32:08 2026] [::1]:61553 Accepted
[Mon Apr 20 15:32:08 2026] [::1]:61552 [200]: GET /wp-content/plugins/elementor/assets/lib/eicons/css/elementor-icons.min.css?ver=5.48.0
[Mon Apr 20 15:32:08 2026] [::1]:61554 Accepted
[Mon Apr 20 15:32:08 2026] [::1]:61550 Closing
[Mon Apr 20 15:32:08 2026] [::1]:61553 [200]: GET /wp-content/plugins/elementor/assets/css/common.min.css?ver=4.0.2
[Mon Apr 20 15:32:08 2026] [::1]:61555 Accepted
[Mon Apr 20 15:32:08 2026] [::1]:61551 Closing
[Mon Apr 20 15:32:08 2026] [::1]:61554 [200]: GET /wp-content/plugins/elementor/assets/css/theme-light.min.css?ver=4.0.2
[Mon Apr 20 15:32:08 2026] [::1]:61556 Accepted
[Mon Apr 20 15:32:08 2026] [::1]:61549 Closing
[Mon Apr 20 15:32:08 2026] [::1]:61555 [200]: GET /wp-includes/css/dist/block-library/style.min.css?ver=6.9.4
[Mon Apr 20 15:32:08 2026] [::1]:61552 Closing
[Mon Apr 20 15:32:08 2026] [::1]:61557 Accepted
[Mon Apr 20 15:32:08 2026] [::1]:61556 [200]: GET /wp-content/themes/tijus-theme/style.css?ver=1.0.0
[Mon Apr 20 15:32:08 2026] [::1]:61553 Closing
[Mon Apr 20 15:32:08 2026] [::1]:61558 Accepted
[Mon Apr 20 15:32:08 2026] [::1]:61557 [200]: GET /wp-includes/js/jquery/jquery.min.js?ver=3.7.1
[Mon Apr 20 15:32:08 2026] [::1]:61554 Closing
[Mon Apr 20 15:32:08 2026] [::1]:61559 Accepted
[Mon Apr 20 15:32:08 2026] [::1]:61558 [200]: GET /wp-includes/js/jquery/jquery-migrate.min.js?ver=3.4.1
[Mon Apr 20 15:32:08 2026] [::1]:61555 Closing
[Mon Apr 20 15:32:08 2026] [::1]:61560 Accepted
[Mon Apr 20 15:32:08 2026] [::1]:61559 [200]: GET /wp-content/uploads/2026/04/logo.webp
[Mon Apr 20 15:32:08 2026] [::1]:61556 Closing
[Mon Apr 20 15:32:08 2026] [::1]:61560 [200]: GET /wp-content/themes/tijus-theme/assets/images/shape/shape-8.png
[Mon Apr 20 15:32:08 2026] [::1]:61557 Closing
[Mon Apr 20 15:32:08 2026] [::1]:61558 Closing
[Mon Apr 20 15:32:08 2026] [::1]:61559 Closing
[Mon Apr 20 15:32:08 2026] [::1]:61560 Closing
[Mon Apr 20 15:32:08 2026] [::1]:61561 Accepted
[Mon Apr 20 15:32:08 2026] [::1]:61562 Accepted
[Mon Apr 20 15:32:08 2026] [::1]:61561 [200]: GET /wp-content/themes/tijus-theme/assets/images/shape/shape-23.png
[Mon Apr 20 15:32:08 2026] [::1]:61562 [200]: GET /wp-content/themes/tijus-theme/assets/images/shape/shape-5.png
[Mon Apr 20 15:32:08 2026] [::1]:61561 Closing
[Mon Apr 20 15:32:08 2026] [::1]:61562 Closing
[Mon Apr 20 15:32:08 2026] [::1]:61563 Accepted
[Mon Apr 20 15:32:08 2026] [::1]:61564 Accepted
[Mon Apr 20 15:32:08 2026] [::1]:61563 [200]: GET /wp-content/themes/tijus-theme/assets/images/shape/shape-6.png
[Mon Apr 20 15:32:09 2026] [::1]:61564 [200]: GET /wp-includes/js/hoverintent-js.min.js?ver=2.2.1
[Mon Apr 20 15:32:09 2026] [::1]:61563 Closing
[Mon Apr 20 15:32:09 2026] [::1]:61564 Closing
[Mon Apr 20 15:32:09 2026] [::1]:61566 Accepted
[Mon Apr 20 15:32:09 2026] [::1]:61567 Accepted
[Mon Apr 20 15:32:09 2026] [::1]:61566 [200]: GET /wp-includes/js/admin-bar.min.js?ver=6.9.4
[Mon Apr 20 15:32:09 2026] [::1]:61568 Accepted
[Mon Apr 20 15:32:09 2026] [::1]:61567 [200]: GET /wp-includes/js/jquery/ui/core.min.js?ver=1.13.3
[Mon Apr 20 15:32:09 2026] [::1]:61569 Accepted
[Mon Apr 20 15:32:09 2026] [::1]:61568 [200]: GET /wp-includes/js/jquery/ui/mouse.min.js?ver=1.13.3
[Mon Apr 20 15:32:09 2026] [::1]:61570 Accepted
[Mon Apr 20 15:32:09 2026] [::1]:61566 Closing
[Mon Apr 20 15:32:09 2026] [::1]:61569 [200]: GET /wp-includes/js/jquery/ui/draggable.min.js?ver=1.13.3
[Mon Apr 20 15:32:09 2026] [::1]:61571 Accepted
[Mon Apr 20 15:32:09 2026] [::1]:61567 Closing
[Mon Apr 20 15:32:09 2026] [::1]:61570 [200]: GET /wp-includes/js/underscore.min.js?ver=1.13.7
[Mon Apr 20 15:32:09 2026] [::1]:61572 Accepted
[Mon Apr 20 15:32:09 2026] [::1]:61571 [200]: GET /wp-includes/js/backbone.min.js?ver=1.6.0
[Mon Apr 20 15:32:09 2026] [::1]:61568 Closing
[Mon Apr 20 15:32:09 2026] [::1]:61573 Accepted
[Mon Apr 20 15:32:09 2026] [::1]:61572 [200]: GET /wp-content/plugins/elementor/assets/lib/backbone/backbone.marionette.min.js?ver=2.4.5.e1
[Mon Apr 20 15:32:09 2026] [::1]:61569 Closing
[Mon Apr 20 15:32:09 2026] [::1]:61573 [200]: GET /wp-content/plugins/elementor/assets/lib/backbone/backbone.radio.min.js?ver=1.0.4
[Mon Apr 20 15:32:09 2026] [::1]:61570 Closing
[Mon Apr 20 15:32:09 2026] [::1]:61574 Accepted
[Mon Apr 20 15:32:09 2026] [::1]:61571 Closing
[Mon Apr 20 15:32:09 2026] [::1]:61574 [200]: GET /wp-content/plugins/elementor/assets/js/common-modules.min.js?ver=4.0.2
[Mon Apr 20 15:32:09 2026] [::1]:61572 Closing
[Mon Apr 20 15:32:09 2026] [::1]:61575 Accepted
[Mon Apr 20 15:32:09 2026] [::1]:61573 Closing
[Mon Apr 20 15:32:09 2026] [::1]:61575 [200]: GET /wp-content/plugins/elementor/assets/js/web-cli.min.js?ver=4.0.2
[Mon Apr 20 15:32:09 2026] [::1]:61576 Accepted
[Mon Apr 20 15:32:09 2026] [::1]:61574 Closing
[Mon Apr 20 15:32:09 2026] [::1]:61577 Accepted
[Mon Apr 20 15:32:09 2026] [::1]:61576 [200]: GET /wp-content/plugins/elementor/assets/lib/dialog/dialog.min.js?ver=4.9.4
[Mon Apr 20 15:32:09 2026] [::1]:61577 [200]: GET /wp-includes/js/api-request.min.js?ver=6.9.4
[Mon Apr 20 15:32:09 2026] [::1]:61575 Closing
[Mon Apr 20 15:32:09 2026] [::1]:61576 Closing
[Mon Apr 20 15:32:09 2026] [::1]:61577 Closing
[Mon Apr 20 15:32:09 2026] [::1]:61578 Accepted
[Mon Apr 20 15:32:09 2026] [::1]:61579 Accepted
[Mon Apr 20 15:32:09 2026] [::1]:61578 [200]: GET /wp-content/plugins/elementor/assets/js/dev-tools.min.js?ver=4.0.2
[Mon Apr 20 15:32:09 2026] [::1]:61580 Accepted
[Mon Apr 20 15:32:09 2026] [::1]:61578 Closing
[Mon Apr 20 15:32:09 2026] [::1]:61579 [200]: GET /wp-includes/js/dist/hooks.min.js?ver=dd5603f07f9220ed27f1
[Mon Apr 20 15:32:09 2026] [::1]:61582 Accepted
[Mon Apr 20 15:32:09 2026] [::1]:61579 Closing
[Mon Apr 20 15:32:09 2026] [::1]:61582 [200]: GET /wp-content/plugins/elementor/assets/js/common.min.js?ver=4.0.2
[Mon Apr 20 15:32:09 2026] [::1]:61580 [200]: GET /wp-includes/js/dist/i18n.min.js?ver=c26c3dc7bed366793375
[Mon Apr 20 15:32:09 2026] [::1]:61580 Closing
[Mon Apr 20 15:32:09 2026] [::1]:61583 Accepted
[Mon Apr 20 15:32:09 2026] [::1]:61584 Accepted
[Mon Apr 20 15:32:09 2026] [::1]:61583 [200]: GET /wp-content/themes/tijus-theme/assets/images/shape/shape-24.png
[Mon Apr 20 15:32:09 2026] [::1]:61585 Accepted
[Mon Apr 20 15:32:09 2026] [::1]:61582 Closing
[Mon Apr 20 15:32:09 2026] [::1]:61584 [200]: GET /wp-content/plugins/elementor/assets/js/app-loader.min.js?ver=4.0.2
[Mon Apr 20 15:32:09 2026] [::1]:61586 Accepted
[Mon Apr 20 15:32:09 2026] [::1]:61585 [200]: GET /wp-content/themes/tijus-theme/assets/js/vendor/modernizr-3.11.2.min.js?ver=3.11.2
[Mon Apr 20 15:32:09 2026] [::1]:61587 Accepted
[Mon Apr 20 15:32:09 2026] [::1]:61583 Closing
[Mon Apr 20 15:32:09 2026] [::1]:61586 [200]: GET /wp-content/themes/tijus-theme/assets/images/shape/shape-2.png
[Mon Apr 20 15:32:09 2026] [::1]:61588 Accepted
[Mon Apr 20 15:32:09 2026] [::1]:61584 Closing
[Mon Apr 20 15:32:09 2026] [::1]:61587 [200]: GET /wp-content/themes/tijus-theme/assets/images/blog/blog-01.jpg
[Mon Apr 20 15:32:09 2026] [::1]:61589 Accepted
[Mon Apr 20 15:32:09 2026] [::1]:61588 [200]: GET /wp-content/themes/tijus-theme/assets/fonts/flaticon.ttf?655915d50ed0facf464660ba648373b0
[Mon Apr 20 15:32:09 2026] [::1]:61585 Closing
[Mon Apr 20 15:32:09 2026] [::1]:61590 Accepted
[Mon Apr 20 15:32:09 2026] [::1]:61586 Closing
[Mon Apr 20 15:32:09 2026] [::1]:61589 [200]: GET /wp-content/themes/tijus-theme/assets/fonts/icofont.woff2
[Mon Apr 20 15:32:09 2026] [::1]:61591 Accepted
[Mon Apr 20 15:32:09 2026] [::1]:61590 [200]: GET /wp-content/themes/tijus-theme/assets/images/author/author-11.jpg
[Mon Apr 20 15:32:09 2026] [::1]:61587 Closing
[Mon Apr 20 15:32:09 2026] [::1]:61592 Accepted
[Mon Apr 20 15:32:09 2026] [::1]:61591 [200]: GET /wp-content/themes/tijus-theme/assets/images/shape/shape-4.png
[Mon Apr 20 15:32:09 2026] [::1]:61588 Closing
[Mon Apr 20 15:32:09 2026] [::1]:61593 Accepted
[Mon Apr 20 15:32:09 2026] [::1]:61592 [200]: GET /wp-content/themes/tijus-theme/assets/images/shape/shape-3.png
[Mon Apr 20 15:32:09 2026] [::1]:61594 Accepted
[Mon Apr 20 15:32:09 2026] [::1]:61593 [200]: GET /wp-content/themes/tijus-theme/assets/images/shape/shape-1.png
[Mon Apr 20 15:32:09 2026] [::1]:61590 Closing
[Mon Apr 20 15:32:09 2026] [::1]:61591 Closing
[Mon Apr 20 15:32:09 2026] [::1]:61594 [200]: GET /wp-content/themes/tijus-theme/assets/js/plugins.min.js?ver=1.0.0
[Mon Apr 20 15:32:09 2026] [::1]:61595 Accepted
[Mon Apr 20 15:32:09 2026] [::1]:61592 Closing
[Mon Apr 20 15:32:09 2026] [::1]:61589 Closing
[Mon Apr 20 15:32:09 2026] [::1]:61593 Closing
[Mon Apr 20 15:32:09 2026] [::1]:61596 Accepted
[Mon Apr 20 15:32:09 2026] [::1]:61595 [200]: GET /wp-content/themes/tijus-theme/assets/js/main.js?ver=1.0.0
[Mon Apr 20 15:32:09 2026] [::1]:61597 Accepted
[Mon Apr 20 15:32:09 2026] [::1]:61596 [200]: GET /wp-content/themes/tijus-theme/assets/images/shape/shape-21.png
[Mon Apr 20 15:32:09 2026] [::1]:61594 Closing
[Mon Apr 20 15:32:09 2026] [::1]:61597 [200]: GET /wp-content/themes/tijus-theme/assets/images/shape/shape-22.png
[Mon Apr 20 15:32:09 2026] [::1]:61595 Closing
[Mon Apr 20 15:32:09 2026] [::1]:61596 Closing
[Mon Apr 20 15:32:09 2026] [::1]:61597 Closing
[Mon Apr 20 15:32:09 2026] [::1]:61598 Accepted
[Mon Apr 20 15:32:09 2026] [::1]:61598 [200]: GET /wp-includes/js/wp-emoji-release.min.js?ver=6.9.4
[Mon Apr 20 15:32:09 2026] [::1]:61598 Closing
[Mon Apr 20 15:32:09 2026] [::1]:61599 Accepted
[Mon Apr 20 15:32:09 2026] [::1]:61599 [200]: GET /wp-content/themes/tijus-theme/assets/images/favicon.ico
[Mon Apr 20 15:32:09 2026] [::1]:61599 Closing
[Mon Apr 20 15:32:11 2026] [::1]:61600 Accepted
[Mon Apr 20 15:32:11 2026] [::1]:61601 Accepted
[Mon Apr 20 15:32:11 2026] [::1]:61600 Closing
[Mon Apr 20 15:32:11 2026] [::1]:61601 [200]: GET /wp-content/themes/tijus-theme/assets/css/vendor/plugins.min.css
[Mon Apr 20 15:32:11 2026] [::1]:61601 Closing
[Mon Apr 20 15:32:11 2026] [::1]:61603 Accepted
[Mon Apr 20 15:32:11 2026] [::1]:61604 Accepted
[Mon Apr 20 15:32:11 2026] [::1]:61605 Accepted
[Mon Apr 20 15:32:11 2026] [::1]:61603 [200]: GET /wp-content/themes/tijus-theme/assets/css/style.min.css
[Mon Apr 20 15:32:11 2026] [::1]:61606 Accepted
[Mon Apr 20 15:32:11 2026] [::1]:61604 [200]: GET /wp-includes/css/dashicons.min.css?ver=6.9.4
[Mon Apr 20 15:32:11 2026] [::1]:61607 Accepted
[Mon Apr 20 15:32:11 2026] [::1]:61605 [200]: GET /wp-includes/css/admin-bar.min.css?ver=6.9.4
[Mon Apr 20 15:32:11 2026] [::1]:61606 [200]: GET /wp-content/plugins/elementor/assets/lib/eicons/css/elementor-icons.min.css?ver=5.48.0
[Mon Apr 20 15:32:11 2026] [::1]:61607 [200]: GET /wp-content/plugins/elementor/assets/css/common.min.css?ver=4.0.2
[Mon Apr 20 15:32:11 2026] [::1]:61604 Closing
[Mon Apr 20 15:32:11 2026] [::1]:61605 Closing
[Mon Apr 20 15:32:11 2026] [::1]:61606 Closing
[Mon Apr 20 15:32:11 2026] [::1]:61603 Closing
[Mon Apr 20 15:32:11 2026] [::1]:61607 Closing
[Mon Apr 20 15:32:11 2026] [::1]:61608 Accepted
[Mon Apr 20 15:32:11 2026] [::1]:61609 Accepted
[Mon Apr 20 15:32:11 2026] [::1]:61608 [200]: GET /wp-content/plugins/elementor/assets/css/theme-light.min.css?ver=4.0.2
[Mon Apr 20 15:32:11 2026] [::1]:61609 [200]: GET /wp-includes/css/dist/block-library/style.min.css?ver=6.9.4
[Mon Apr 20 15:32:11 2026] [::1]:61608 Closing
[Mon Apr 20 15:32:11 2026] [::1]:61609 Closing
[Mon Apr 20 15:32:11 2026] [::1]:61610 Accepted
[Mon Apr 20 15:32:11 2026] [::1]:61611 Accepted
[Mon Apr 20 15:32:11 2026] [::1]:61612 Accepted
[Mon Apr 20 15:32:11 2026] [::1]:61610 [200]: GET /wp-content/themes/tijus-theme/style.css?ver=1.0.0
[Mon Apr 20 15:32:11 2026] [::1]:61611 [200]: GET /wp-includes/js/jquery/jquery.min.js?ver=3.7.1
[Mon Apr 20 15:32:11 2026] [::1]:61612 [200]: GET /wp-includes/js/jquery/jquery-migrate.min.js?ver=3.4.1
[Mon Apr 20 15:32:11 2026] [::1]:61610 Closing
[Mon Apr 20 15:32:11 2026] [::1]:61611 Closing
[Mon Apr 20 15:32:11 2026] [::1]:61612 Closing
[Mon Apr 20 15:32:11 2026] [::1]:61613 Accepted
[Mon Apr 20 15:32:11 2026] [::1]:61613 [200]: GET /wp-content/uploads/2026/04/logo.webp
[Mon Apr 20 15:32:11 2026] [::1]:61613 Closing
[Mon Apr 20 15:32:11 2026] [::1]:61614 Accepted
[Mon Apr 20 15:32:11 2026] [::1]:61614 [200]: GET /wp-content/themes/tijus-theme/assets/images/shape/shape-8.png
[Mon Apr 20 15:32:11 2026] [::1]:61614 Closing
[Mon Apr 20 15:32:11 2026] [::1]:61615 Accepted
[Mon Apr 20 15:32:11 2026] [::1]:61616 Accepted
[Mon Apr 20 15:32:11 2026] [::1]:61615 [200]: GET /wp-content/themes/tijus-theme/assets/images/shape/shape-23.png
[Mon Apr 20 15:32:11 2026] [::1]:61616 [200]: GET /wp-content/themes/tijus-theme/assets/images/shape/shape-5.png
[Mon Apr 20 15:32:11 2026] [::1]:61615 Closing
[Mon Apr 20 15:32:11 2026] [::1]:61616 Closing
[Mon Apr 20 15:32:11 2026] [::1]:61617 Accepted
[Mon Apr 20 15:32:11 2026] [::1]:61618 Accepted
[Mon Apr 20 15:32:11 2026] [::1]:61617 [200]: GET /wp-includes/js/hoverintent-js.min.js?ver=2.2.1
[Mon Apr 20 15:32:11 2026] [::1]:61619 Accepted
[Mon Apr 20 15:32:11 2026] [::1]:61618 [200]: GET /wp-content/themes/tijus-theme/assets/images/shape/shape-6.png
[Mon Apr 20 15:32:11 2026] [::1]:61620 Accepted
[Mon Apr 20 15:32:11 2026] [::1]:61619 [200]: GET /wp-includes/js/admin-bar.min.js?ver=6.9.4
[Mon Apr 20 15:32:11 2026] [::1]:61621 Accepted
[Mon Apr 20 15:32:11 2026] [::1]:61617 Closing
[Mon Apr 20 15:32:11 2026] [::1]:61620 [200]: GET /wp-includes/js/jquery/ui/core.min.js?ver=1.13.3
[Mon Apr 20 15:32:11 2026] [::1]:61622 Accepted
[Mon Apr 20 15:32:11 2026] [::1]:61618 Closing
[Mon Apr 20 15:32:11 2026] [::1]:61621 [200]: GET /wp-includes/js/jquery/ui/mouse.min.js?ver=1.13.3
[Mon Apr 20 15:32:11 2026] [::1]:61622 [200]: GET /wp-includes/js/jquery/ui/draggable.min.js?ver=1.13.3
[Mon Apr 20 15:32:11 2026] [::1]:61619 Closing
[Mon Apr 20 15:32:11 2026] [::1]:61620 Closing
[Mon Apr 20 15:32:11 2026] [::1]:61621 Closing
[Mon Apr 20 15:32:11 2026] [::1]:61622 Closing
[Mon Apr 20 15:32:11 2026] [::1]:61623 Accepted
[Mon Apr 20 15:32:11 2026] [::1]:61623 [200]: GET /wp-includes/js/underscore.min.js?ver=1.13.7
[Mon Apr 20 15:32:11 2026] [::1]:61624 Accepted
[Mon Apr 20 15:32:11 2026] [::1]:61623 Closing
[Mon Apr 20 15:32:11 2026] [::1]:61624 [200]: GET /wp-includes/js/backbone.min.js?ver=1.6.0
[Mon Apr 20 15:32:11 2026] [::1]:61626 Accepted
[Mon Apr 20 15:32:11 2026] [::1]:61624 Closing
[Mon Apr 20 15:32:11 2026] [::1]:61626 [200]: GET /wp-content/plugins/elementor/assets/lib/backbone/backbone.marionette.min.js?ver=2.4.5.e1
[Mon Apr 20 15:32:11 2026] [::1]:61626 Closing
[Mon Apr 20 15:32:11 2026] [::1]:61627 Accepted
[Mon Apr 20 15:32:11 2026] [::1]:61628 Accepted
[Mon Apr 20 15:32:11 2026] [::1]:61627 [200]: GET /wp-content/plugins/elementor/assets/lib/backbone/backbone.radio.min.js?ver=1.0.4
[Mon Apr 20 15:32:11 2026] [::1]:61627 Closing
[Mon Apr 20 15:32:11 2026] [::1]:61628 [200]: GET /wp-content/plugins/elementor/assets/js/common-modules.min.js?ver=4.0.2
[Mon Apr 20 15:32:11 2026] [::1]:61628 Closing
[Mon Apr 20 15:32:11 2026] [::1]:61629 Accepted
[Mon Apr 20 15:32:11 2026] [::1]:61629 [200]: GET /wp-content/plugins/elementor/assets/js/web-cli.min.js?ver=4.0.2
[Mon Apr 20 15:32:11 2026] [::1]:61629 Closing
[Mon Apr 20 15:32:11 2026] [::1]:61630 Accepted
[Mon Apr 20 15:32:11 2026] [::1]:61631 Accepted
[Mon Apr 20 15:32:11 2026] [::1]:61632 Accepted
[Mon Apr 20 15:32:11 2026] [::1]:61630 [200]: GET /wp-content/plugins/elementor/assets/lib/dialog/dialog.min.js?ver=4.9.4
[Mon Apr 20 15:32:11 2026] [::1]:61631 [200]: GET /wp-includes/js/api-request.min.js?ver=6.9.4
[Mon Apr 20 15:32:11 2026] [::1]:61630 Closing
[Mon Apr 20 15:32:11 2026] [::1]:61631 Closing
[Mon Apr 20 15:32:11 2026] [::1]:61632 [200]: GET /wp-content/plugins/elementor/assets/js/dev-tools.min.js?ver=4.0.2
[Mon Apr 20 15:32:11 2026] [::1]:61632 Closing
[Mon Apr 20 15:32:11 2026] [::1]:61633 Accepted
[Mon Apr 20 15:32:11 2026] [::1]:61634 Accepted
[Mon Apr 20 15:32:11 2026] [::1]:61633 [200]: GET /wp-includes/js/dist/hooks.min.js?ver=dd5603f07f9220ed27f1
[Mon Apr 20 15:32:11 2026] [::1]:61634 [200]: GET /wp-includes/js/dist/i18n.min.js?ver=c26c3dc7bed366793375
[Mon Apr 20 15:32:11 2026] [::1]:61635 Accepted
[Mon Apr 20 15:32:11 2026] [::1]:61633 Closing
[Mon Apr 20 15:32:11 2026] [::1]:61634 Closing
[Mon Apr 20 15:32:11 2026] [::1]:61636 Accepted
[Mon Apr 20 15:32:11 2026] [::1]:61635 [200]: GET /wp-content/plugins/elementor/assets/js/common.min.js?ver=4.0.2
[Mon Apr 20 15:32:11 2026] [::1]:61637 Accepted
[Mon Apr 20 15:32:11 2026] [::1]:61636 [200]: GET /wp-content/plugins/elementor/assets/js/app-loader.min.js?ver=4.0.2
[Mon Apr 20 15:32:11 2026] [::1]:61638 Accepted
[Mon Apr 20 15:32:11 2026] [::1]:61637 [200]: GET /wp-content/themes/tijus-theme/assets/js/vendor/modernizr-3.11.2.min.js?ver=3.11.2
[Mon Apr 20 15:32:11 2026] [::1]:61638 [200]: GET /wp-content/themes/tijus-theme/assets/js/plugins.min.js?ver=1.0.0
[Mon Apr 20 15:32:11 2026] [::1]:61636 Closing
[Mon Apr 20 15:32:11 2026] [::1]:61637 Closing
[Mon Apr 20 15:32:11 2026] [::1]:61635 Closing
[Mon Apr 20 15:32:11 2026] [::1]:61638 Closing
[Mon Apr 20 15:32:11 2026] [::1]:61639 Accepted
[Mon Apr 20 15:32:11 2026] [::1]:61640 Accepted
[Mon Apr 20 15:32:11 2026] [::1]:61639 [200]: GET /wp-content/themes/tijus-theme/assets/images/shape/shape-3.png
[Mon Apr 20 15:32:11 2026] [::1]:61641 Accepted
[Mon Apr 20 15:32:11 2026] [::1]:61640 [200]: GET /wp-content/themes/tijus-theme/assets/images/blog/blog-01.jpg
[Mon Apr 20 15:32:11 2026] [::1]:61642 Accepted
[Mon Apr 20 15:32:11 2026] [::1]:61641 [200]: GET /wp-content/themes/tijus-theme/assets/images/shape/shape-2.png
[Mon Apr 20 15:32:11 2026] [::1]:61643 Accepted
[Mon Apr 20 15:32:11 2026] [::1]:61639 Closing
[Mon Apr 20 15:32:11 2026] [::1]:61642 [200]: GET /wp-content/themes/tijus-theme/assets/images/shape/shape-4.png
[Mon Apr 20 15:32:11 2026] [::1]:61644 Accepted
[Mon Apr 20 15:32:11 2026] [::1]:61640 Closing
[Mon Apr 20 15:32:11 2026] [::1]:61643 [200]: GET /wp-content/themes/tijus-theme/assets/fonts/flaticon.ttf?655915d50ed0facf464660ba648373b0
[Mon Apr 20 15:32:11 2026] [::1]:61645 Accepted
[Mon Apr 20 15:32:11 2026] [::1]:61644 [200]: GET /wp-content/themes/tijus-theme/assets/fonts/icofont.woff2
[Mon Apr 20 15:32:11 2026] [::1]:61641 Closing
[Mon Apr 20 15:32:11 2026] [::1]:61645 [200]: GET /wp-content/themes/tijus-theme/assets/images/shape/shape-1.png
[Mon Apr 20 15:32:11 2026] [::1]:61642 Closing
[Mon Apr 20 15:32:11 2026] [::1]:61643 Closing
[Mon Apr 20 15:32:11 2026] [::1]:61646 Accepted
[Mon Apr 20 15:32:11 2026] [::1]:61645 Closing
[Mon Apr 20 15:32:11 2026] [::1]:61647 Accepted
[Mon Apr 20 15:32:11 2026] [::1]:61644 Closing
[Mon Apr 20 15:32:11 2026] [::1]:61646 [200]: GET /wp-content/themes/tijus-theme/assets/images/author/author-11.jpg
[Mon Apr 20 15:32:11 2026] [::1]:61646 Closing
[Mon Apr 20 15:32:11 2026] [::1]:61647 [200]: GET /wp-content/themes/tijus-theme/assets/images/shape/shape-24.png
[Mon Apr 20 15:32:11 2026] [::1]:61647 Closing
[Mon Apr 20 15:32:11 2026] [::1]:61648 Accepted
[Mon Apr 20 15:32:11 2026] [::1]:61649 Accepted
[Mon Apr 20 15:32:11 2026] [::1]:61648 [200]: GET /wp-content/themes/tijus-theme/assets/js/main.js?ver=1.0.0
[Mon Apr 20 15:32:11 2026] [::1]:61648 Closing
[Mon Apr 20 15:32:11 2026] [::1]:61649 [200]: GET /wp-content/themes/tijus-theme/assets/images/shape/shape-21.png
[Mon Apr 20 15:32:11 2026] [::1]:61650 Accepted
[Mon Apr 20 15:32:11 2026] [::1]:61649 Closing
[Mon Apr 20 15:32:11 2026] [::1]:61650 [200]: GET /wp-content/themes/tijus-theme/assets/images/shape/shape-22.png
[Mon Apr 20 15:32:11 2026] [::1]:61650 Closing
[Mon Apr 20 15:32:11 2026] [::1]:61651 Accepted
[Mon Apr 20 15:32:11 2026] [::1]:61651 [200]: GET /wp-includes/js/wp-emoji-release.min.js?ver=6.9.4
[Mon Apr 20 15:32:11 2026] [::1]:61651 Closing
[Mon Apr 20 15:32:11 2026] [::1]:61652 Accepted
[Mon Apr 20 15:32:11 2026] [::1]:61652 [200]: GET /wp-content/themes/tijus-theme/assets/images/favicon.ico
[Mon Apr 20 15:32:11 2026] [::1]:61652 Closing
[Mon Apr 20 15:32:12 2026] [::1]:61654 Accepted
[Mon Apr 20 15:32:13 2026] [::1]:61654 Closing
[Mon Apr 20 15:32:13 2026] [::1]:61655 Accepted
[Mon Apr 20 15:32:13 2026] [::1]:61655 [200]: GET /wp-content/themes/tijus-theme/assets/css/vendor/plugins.min.css
[Mon Apr 20 15:32:13 2026] [::1]:61655 Closing
[Mon Apr 20 15:32:13 2026] [::1]:61657 Accepted
[Mon Apr 20 15:32:13 2026] [::1]:61658 Accepted
[Mon Apr 20 15:32:13 2026] [::1]:61659 Accepted
[Mon Apr 20 15:32:13 2026] [::1]:61657 [200]: GET /wp-content/themes/tijus-theme/assets/css/style.min.css
[Mon Apr 20 15:32:13 2026] [::1]:61660 Accepted
[Mon Apr 20 15:32:13 2026] [::1]:61658 [200]: GET /wp-includes/css/dashicons.min.css?ver=6.9.4
[Mon Apr 20 15:32:13 2026] [::1]:61659 [200]: GET /wp-includes/css/admin-bar.min.css?ver=6.9.4
[Mon Apr 20 15:32:13 2026] [::1]:61661 Accepted
[Mon Apr 20 15:32:13 2026] [::1]:61660 [200]: GET /wp-content/plugins/elementor/assets/lib/eicons/css/elementor-icons.min.css?ver=5.48.0
[Mon Apr 20 15:32:13 2026] [::1]:61661 [200]: GET /wp-content/plugins/elementor/assets/css/common.min.css?ver=4.0.2
[Mon Apr 20 15:32:13 2026] [::1]:61658 Closing
[Mon Apr 20 15:32:13 2026] [::1]:61659 Closing
[Mon Apr 20 15:32:13 2026] [::1]:61660 Closing
[Mon Apr 20 15:32:13 2026] [::1]:61657 Closing
[Mon Apr 20 15:32:13 2026] [::1]:61661 Closing
[Mon Apr 20 15:32:13 2026] [::1]:61662 Accepted
[Mon Apr 20 15:32:13 2026] [::1]:61662 [200]: GET /wp-content/plugins/elementor/assets/css/theme-light.min.css?ver=4.0.2
[Mon Apr 20 15:32:13 2026] [::1]:61662 Closing
[Mon Apr 20 15:32:13 2026] [::1]:61663 Accepted
[Mon Apr 20 15:32:13 2026] [::1]:61664 Accepted
[Mon Apr 20 15:32:13 2026] [::1]:61663 [200]: GET /wp-includes/css/dist/block-library/style.min.css?ver=6.9.4
[Mon Apr 20 15:32:13 2026] [::1]:61664 [200]: GET /wp-content/themes/tijus-theme/style.css?ver=1.0.0
[Mon Apr 20 15:32:13 2026] [::1]:61663 Closing
[Mon Apr 20 15:32:13 2026] [::1]:61664 Closing
[Mon Apr 20 15:32:13 2026] [::1]:61665 Accepted
[Mon Apr 20 15:32:13 2026] [::1]:61666 Accepted
[Mon Apr 20 15:32:13 2026] [::1]:61665 [200]: GET /wp-includes/js/jquery/jquery.min.js?ver=3.7.1
[Mon Apr 20 15:32:13 2026] [::1]:61665 Closing
[Mon Apr 20 15:32:13 2026] [::1]:61666 [200]: GET /wp-includes/js/jquery/jquery-migrate.min.js?ver=3.4.1
[Mon Apr 20 15:32:13 2026] [::1]:61666 Closing
[Mon Apr 20 15:32:13 2026] [::1]:61667 Accepted
[Mon Apr 20 15:32:13 2026] [::1]:61667 [200]: GET /wp-content/uploads/2026/04/logo.webp
[Mon Apr 20 15:32:13 2026] [::1]:61668 Accepted
[Mon Apr 20 15:32:13 2026] [::1]:61667 Closing
[Mon Apr 20 15:32:13 2026] [::1]:61668 [200]: GET /wp-content/themes/tijus-theme/assets/images/shape/shape-8.png
[Mon Apr 20 15:32:13 2026] [::1]:61668 Closing
[Mon Apr 20 15:32:13 2026] [::1]:61669 Accepted
[Mon Apr 20 15:32:13 2026] [::1]:61670 Accepted
[Mon Apr 20 15:32:13 2026] [::1]:61669 [200]: GET /wp-content/themes/tijus-theme/assets/images/shape/shape-23.png
[Mon Apr 20 15:32:13 2026] [::1]:61670 [200]: GET /wp-content/themes/tijus-theme/assets/images/shape/shape-5.png
[Mon Apr 20 15:32:13 2026] [::1]:61669 Closing
[Mon Apr 20 15:32:13 2026] [::1]:61670 Closing
[Mon Apr 20 15:32:13 2026] [::1]:61671 Accepted
[Mon Apr 20 15:32:13 2026] [::1]:61671 [200]: GET /wp-content/themes/tijus-theme/assets/images/shape/shape-6.png
[Mon Apr 20 15:32:13 2026] [::1]:61672 Accepted
[Mon Apr 20 15:32:13 2026] [::1]:61673 Accepted
[Mon Apr 20 15:32:13 2026] [::1]:61671 Closing
[Mon Apr 20 15:32:13 2026] [::1]:61674 Accepted
[Mon Apr 20 15:32:13 2026] [::1]:61672 [200]: GET /wp-includes/js/hoverintent-js.min.js?ver=2.2.1
[Mon Apr 20 15:32:13 2026] [::1]:61675 Accepted
[Mon Apr 20 15:32:13 2026] [::1]:61672 Closing
[Mon Apr 20 15:32:13 2026] [::1]:61673 [200]: GET /wp-includes/js/admin-bar.min.js?ver=6.9.4
[Mon Apr 20 15:32:13 2026] [::1]:61676 Accepted
[Mon Apr 20 15:32:13 2026] [::1]:61674 [200]: GET /wp-includes/js/jquery/ui/core.min.js?ver=1.13.3
[Mon Apr 20 15:32:13 2026] [::1]:61675 [200]: GET /wp-includes/js/jquery/ui/mouse.min.js?ver=1.13.3
[Mon Apr 20 15:32:13 2026] [::1]:61673 Closing
[Mon Apr 20 15:32:13 2026] [::1]:61674 Closing
[Mon Apr 20 15:32:13 2026] [::1]:61675 Closing
[Mon Apr 20 15:32:13 2026] [::1]:61676 [200]: GET /wp-includes/js/jquery/ui/draggable.min.js?ver=1.13.3
[Mon Apr 20 15:32:13 2026] [::1]:61676 Closing
[Mon Apr 20 15:32:13 2026] [::1]:61677 Accepted
[Mon Apr 20 15:32:13 2026] [::1]:61677 [200]: GET /wp-includes/js/underscore.min.js?ver=1.13.7
[Mon Apr 20 15:32:13 2026] [::1]:61677 Closing
[Mon Apr 20 15:32:13 2026] [::1]:61678 Accepted
[Mon Apr 20 15:32:13 2026] [::1]:61679 Accepted
[Mon Apr 20 15:32:13 2026] [::1]:61678 [200]: GET /wp-includes/js/backbone.min.js?ver=1.6.0
[Mon Apr 20 15:32:13 2026] [::1]:61679 [200]: GET /wp-content/plugins/elementor/assets/lib/backbone/backbone.marionette.min.js?ver=2.4.5.e1
[Mon Apr 20 15:32:13 2026] [::1]:61680 Accepted
[Mon Apr 20 15:32:13 2026] [::1]:61678 Closing
[Mon Apr 20 15:32:13 2026] [::1]:61679 Closing
[Mon Apr 20 15:32:13 2026] [::1]:61681 Accepted
[Mon Apr 20 15:32:13 2026] [::1]:61680 [200]: GET /wp-content/plugins/elementor/assets/lib/backbone/backbone.radio.min.js?ver=1.0.4
[Mon Apr 20 15:32:13 2026] [::1]:61680 Closing
[Mon Apr 20 15:32:13 2026] [::1]:61681 [200]: GET /wp-content/plugins/elementor/assets/js/common-modules.min.js?ver=4.0.2
[Mon Apr 20 15:32:13 2026] [::1]:61681 Closing
[Mon Apr 20 15:32:13 2026] [::1]:61682 Accepted
[Mon Apr 20 15:32:13 2026] [::1]:61682 [200]: GET /wp-content/plugins/elementor/assets/js/web-cli.min.js?ver=4.0.2
[Mon Apr 20 15:32:13 2026] [::1]:61682 Closing
[Mon Apr 20 15:32:13 2026] [::1]:61683 Accepted
[Mon Apr 20 15:32:13 2026] [::1]:61684 Accepted
[Mon Apr 20 15:32:13 2026] [::1]:61683 [200]: GET /wp-content/plugins/elementor/assets/lib/dialog/dialog.min.js?ver=4.9.4
[Mon Apr 20 15:32:13 2026] [::1]:61685 Accepted
[Mon Apr 20 15:32:13 2026] [::1]:61684 [200]: GET /wp-includes/js/api-request.min.js?ver=6.9.4
[Mon Apr 20 15:32:13 2026] [::1]:61683 Closing
[Mon Apr 20 15:32:13 2026] [::1]:61684 Closing
[Mon Apr 20 15:32:13 2026] [::1]:61686 Accepted
[Mon Apr 20 15:32:13 2026] [::1]:61685 [200]: GET /wp-content/plugins/elementor/assets/js/dev-tools.min.js?ver=4.0.2
[Mon Apr 20 15:32:13 2026] [::1]:61687 Accepted
[Mon Apr 20 15:32:13 2026] [::1]:61686 [200]: GET /wp-includes/js/dist/hooks.min.js?ver=dd5603f07f9220ed27f1
[Mon Apr 20 15:32:13 2026] [::1]:61688 Accepted
[Mon Apr 20 15:32:13 2026] [::1]:61687 [200]: GET /wp-includes/js/dist/i18n.min.js?ver=c26c3dc7bed366793375
[Mon Apr 20 15:32:13 2026] [::1]:61685 Closing
[Mon Apr 20 15:32:13 2026] [::1]:61686 Closing
[Mon Apr 20 15:32:13 2026] [::1]:61688 [200]: GET /wp-content/plugins/elementor/assets/js/common.min.js?ver=4.0.2
[Mon Apr 20 15:32:13 2026] [::1]:61687 Closing
[Mon Apr 20 15:32:13 2026] [::1]:61688 Closing
[Mon Apr 20 15:32:13 2026] [::1]:61689 Accepted
[Mon Apr 20 15:32:13 2026] [::1]:61690 Accepted
[Mon Apr 20 15:32:13 2026] [::1]:61689 [200]: GET /wp-content/themes/tijus-theme/assets/images/shape/shape-1.png
[Mon Apr 20 15:32:13 2026] [::1]:61689 Closing
[Mon Apr 20 15:32:13 2026] [::1]:61690 [200]: GET /wp-content/plugins/elementor/assets/js/app-loader.min.js?ver=4.0.2
[Mon Apr 20 15:32:13 2026] [::1]:61691 Accepted
[Mon Apr 20 15:32:13 2026] [::1]:61690 Closing
[Mon Apr 20 15:32:13 2026] [::1]:61692 Accepted
[Mon Apr 20 15:32:13 2026] [::1]:61691 [200]: GET /wp-content/themes/tijus-theme/assets/images/shape/shape-4.png
[Mon Apr 20 15:32:13 2026] [::1]:61693 Accepted
[Mon Apr 20 15:32:13 2026] [::1]:61692 [200]: GET /wp-content/themes/tijus-theme/assets/images/blog/blog-01.jpg
[Mon Apr 20 15:32:13 2026] [::1]:61694 Accepted
[Mon Apr 20 15:32:13 2026] [::1]:61693 [200]: GET /wp-content/themes/tijus-theme/assets/images/shape/shape-2.png
[Mon Apr 20 15:32:13 2026] [::1]:61695 Accepted
[Mon Apr 20 15:32:13 2026] [::1]:61691 Closing
[Mon Apr 20 15:32:13 2026] [::1]:61694 [200]: GET /wp-content/themes/tijus-theme/assets/images/shape/shape-3.png
[Mon Apr 20 15:32:13 2026] [::1]:61696 Accepted
[Mon Apr 20 15:32:13 2026] [::1]:61692 Closing
[Mon Apr 20 15:32:13 2026] [::1]:61695 [200]: GET /wp-content/themes/tijus-theme/assets/fonts/flaticon.ttf?655915d50ed0facf464660ba648373b0
[Mon Apr 20 15:32:13 2026] [::1]:61697 Accepted
[Mon Apr 20 15:32:13 2026] [::1]:61693 Closing
[Mon Apr 20 15:32:13 2026] [::1]:61698 Accepted
[Mon Apr 20 15:32:13 2026] [::1]:61694 Closing
[Mon Apr 20 15:32:13 2026] [::1]:61695 Closing
[Mon Apr 20 15:32:13 2026] [::1]:61696 [200]: GET /wp-content/themes/tijus-theme/assets/fonts/icofont.woff2
[Mon Apr 20 15:32:13 2026] [::1]:61697 [200]: GET /wp-content/themes/tijus-theme/assets/images/shape/shape-24.png
[Mon Apr 20 15:32:13 2026] [::1]:61698 [200]: GET /wp-content/themes/tijus-theme/assets/images/author/author-11.jpg
[Mon Apr 20 15:32:13 2026] [::1]:61697 Closing
[Mon Apr 20 15:32:13 2026] [::1]:61698 Closing
[Mon Apr 20 15:32:13 2026] [::1]:61696 Closing
[Mon Apr 20 15:32:13 2026] [::1]:61699 Accepted
[Mon Apr 20 15:32:13 2026] [::1]:61699 [200]: GET /wp-content/themes/tijus-theme/assets/js/vendor/modernizr-3.11.2.min.js?ver=3.11.2
[Mon Apr 20 15:32:13 2026] [::1]:61699 Closing
[Mon Apr 20 15:32:13 2026] [::1]:61700 Accepted
[Mon Apr 20 15:32:13 2026] [::1]:61700 [200]: GET /wp-content/themes/tijus-theme/assets/js/plugins.min.js?ver=1.0.0
[Mon Apr 20 15:32:13 2026] [::1]:61701 Accepted
[Mon Apr 20 15:32:13 2026] [::1]:61700 Closing
[Mon Apr 20 15:32:13 2026] [::1]:61702 Accepted
[Mon Apr 20 15:32:13 2026] [::1]:61701 [200]: GET /wp-content/themes/tijus-theme/assets/js/main.js?ver=1.0.0
[Mon Apr 20 15:32:13 2026] [::1]:61701 Closing
[Mon Apr 20 15:32:13 2026] [::1]:61702 [200]: GET /wp-content/themes/tijus-theme/assets/images/shape/shape-21.png
[Mon Apr 20 15:32:13 2026] [::1]:61703 Accepted
[Mon Apr 20 15:32:13 2026] [::1]:61702 Closing
[Mon Apr 20 15:32:13 2026] [::1]:61703 [200]: GET /wp-content/themes/tijus-theme/assets/images/shape/shape-22.png
[Mon Apr 20 15:32:13 2026] [::1]:61703 Closing
[Mon Apr 20 15:32:13 2026] [::1]:61704 Accepted
[Mon Apr 20 15:32:13 2026] [::1]:61704 [200]: GET /wp-includes/js/wp-emoji-release.min.js?ver=6.9.4
[Mon Apr 20 15:32:13 2026] [::1]:61704 Closing
[Mon Apr 20 15:32:13 2026] [::1]:61705 Accepted
[Mon Apr 20 15:32:13 2026] [::1]:61705 [200]: GET /wp-content/themes/tijus-theme/assets/images/favicon.ico
[Mon Apr 20 15:32:13 2026] [::1]:61705 Closing
[Mon Apr 20 15:32:13 2026] [::1]:61706 Accepted
[Mon Apr 20 15:32:13 2026] [::1]:61706 Closing
[Mon Apr 20 15:32:13 2026] [::1]:61707 Accepted
[Mon Apr 20 15:32:13 2026] [::1]:61707 [200]: GET /wp-content/themes/tijus-theme/assets/css/vendor/plugins.min.css
[Mon Apr 20 15:32:13 2026] [::1]:61707 Closing
[Mon Apr 20 15:32:13 2026] [::1]:61709 Accepted
[Mon Apr 20 15:32:13 2026] [::1]:61710 Accepted
[Mon Apr 20 15:32:13 2026] [::1]:61709 [200]: GET /wp-content/themes/tijus-theme/assets/css/style.min.css
[Mon Apr 20 15:32:13 2026] [::1]:61711 Accepted
[Mon Apr 20 15:32:13 2026] [::1]:61710 [200]: GET /wp-includes/css/dashicons.min.css?ver=6.9.4
[Mon Apr 20 15:32:13 2026] [::1]:61712 Accepted
[Mon Apr 20 15:32:13 2026] [::1]:61711 [200]: GET /wp-includes/css/admin-bar.min.css?ver=6.9.4
[Mon Apr 20 15:32:13 2026] [::1]:61713 Accepted
[Mon Apr 20 15:32:13 2026] [::1]:61712 [200]: GET /wp-content/plugins/elementor/assets/lib/eicons/css/elementor-icons.min.css?ver=5.48.0
[Mon Apr 20 15:32:13 2026] [::1]:61710 Closing
[Mon Apr 20 15:32:13 2026] [::1]:61713 [200]: GET /wp-content/plugins/elementor/assets/css/common.min.css?ver=4.0.2
[Mon Apr 20 15:32:13 2026] [::1]:61711 Closing
[Mon Apr 20 15:32:13 2026] [::1]:61709 Closing
[Mon Apr 20 15:32:13 2026] [::1]:61712 Closing
[Mon Apr 20 15:32:13 2026] [::1]:61713 Closing
[Mon Apr 20 15:32:13 2026] [::1]:61714 Accepted
[Mon Apr 20 15:32:13 2026] [::1]:61714 [200]: GET /wp-content/plugins/elementor/assets/css/theme-light.min.css?ver=4.0.2
[Mon Apr 20 15:32:13 2026] [::1]:61714 Closing
[Mon Apr 20 15:32:13 2026] [::1]:61715 Accepted
[Mon Apr 20 15:32:13 2026] [::1]:61716 Accepted
[Mon Apr 20 15:32:13 2026] [::1]:61715 [200]: GET /wp-includes/css/dist/block-library/style.min.css?ver=6.9.4
[Mon Apr 20 15:32:13 2026] [::1]:61716 [200]: GET /wp-content/themes/tijus-theme/style.css?ver=1.0.0
[Mon Apr 20 15:32:13 2026] [::1]:61717 Accepted
[Mon Apr 20 15:32:13 2026] [::1]:61715 Closing
[Mon Apr 20 15:32:13 2026] [::1]:61716 Closing
[Mon Apr 20 15:32:13 2026] [::1]:61718 Accepted
[Mon Apr 20 15:32:13 2026] [::1]:61717 [200]: GET /wp-includes/js/jquery/jquery.min.js?ver=3.7.1
[Mon Apr 20 15:32:13 2026] [::1]:61717 Closing
[Mon Apr 20 15:32:13 2026] [::1]:61718 [200]: GET /wp-includes/js/jquery/jquery-migrate.min.js?ver=3.4.1
[Mon Apr 20 15:32:13 2026] [::1]:61718 Closing
[Mon Apr 20 15:32:13 2026] [::1]:61719 Accepted
[Mon Apr 20 15:32:13 2026] [::1]:61720 Accepted
[Mon Apr 20 15:32:13 2026] [::1]:61719 [200]: GET /wp-content/uploads/2026/04/logo.webp
[Mon Apr 20 15:32:13 2026] [::1]:61720 [200]: GET /wp-content/themes/tijus-theme/assets/images/shape/shape-8.png
[Mon Apr 20 15:32:13 2026] [::1]:61719 Closing
[Mon Apr 20 15:32:13 2026] [::1]:61720 Closing
[Mon Apr 20 15:32:13 2026] [::1]:61721 Accepted
[Mon Apr 20 15:32:13 2026] [::1]:61722 Accepted
[Mon Apr 20 15:32:13 2026] [::1]:61721 [200]: GET /wp-content/themes/tijus-theme/assets/images/shape/shape-23.png
[Mon Apr 20 15:32:13 2026] [::1]:61722 [200]: GET /wp-content/themes/tijus-theme/assets/images/shape/shape-5.png
[Mon Apr 20 15:32:13 2026] [::1]:61721 Closing
[Mon Apr 20 15:32:13 2026] [::1]:61722 Closing
[Mon Apr 20 15:32:13 2026] [::1]:61723 Accepted
[Mon Apr 20 15:32:13 2026] [::1]:61723 [200]: GET /wp-content/themes/tijus-theme/assets/images/shape/shape-6.png
[Mon Apr 20 15:32:13 2026] [::1]:61724 Accepted
[Mon Apr 20 15:32:13 2026] [::1]:61725 Accepted
[Mon Apr 20 15:32:13 2026] [::1]:61724 [200]: GET /wp-includes/js/hoverintent-js.min.js?ver=2.2.1
[Mon Apr 20 15:32:13 2026] [::1]:61726 Accepted
[Mon Apr 20 15:32:13 2026] [::1]:61723 Closing
[Mon Apr 20 15:32:13 2026] [::1]:61727 Accepted
[Mon Apr 20 15:32:13 2026] [::1]:61724 Closing
[Mon Apr 20 15:32:13 2026] [::1]:61725 [200]: GET /wp-includes/js/admin-bar.min.js?ver=6.9.4
[Mon Apr 20 15:32:13 2026] [::1]:61728 Accepted
[Mon Apr 20 15:32:13 2026] [::1]:61726 [200]: GET /wp-includes/js/jquery/ui/core.min.js?ver=1.13.3
[Mon Apr 20 15:32:13 2026] [::1]:61727 [200]: GET /wp-includes/js/jquery/ui/mouse.min.js?ver=1.13.3
[Mon Apr 20 15:32:13 2026] [::1]:61728 [200]: GET /wp-includes/js/jquery/ui/draggable.min.js?ver=1.13.3
[Mon Apr 20 15:32:13 2026] [::1]:61725 Closing
[Mon Apr 20 15:32:13 2026] [::1]:61726 Closing
[Mon Apr 20 15:32:13 2026] [::1]:61727 Closing
[Mon Apr 20 15:32:13 2026] [::1]:61728 Closing
[Mon Apr 20 15:32:13 2026] [::1]:61729 Accepted
[Mon Apr 20 15:32:13 2026] [::1]:61729 [200]: GET /wp-includes/js/underscore.min.js?ver=1.13.7
[Mon Apr 20 15:32:13 2026] [::1]:61730 Accepted
[Mon Apr 20 15:32:13 2026] [::1]:61731 Accepted
[Mon Apr 20 15:32:13 2026] [::1]:61732 Accepted
[Mon Apr 20 15:32:13 2026] [::1]:61729 Closing
[Mon Apr 20 15:32:13 2026] [::1]:61730 [200]: GET /wp-includes/js/backbone.min.js?ver=1.6.0
[Mon Apr 20 15:32:13 2026] [::1]:61731 [200]: GET /wp-content/plugins/elementor/assets/lib/backbone/backbone.marionette.min.js?ver=2.4.5.e1
[Mon Apr 20 15:32:13 2026] [::1]:61733 Accepted
[Mon Apr 20 15:32:13 2026] [::1]:61732 [200]: GET /wp-content/plugins/elementor/assets/lib/backbone/backbone.radio.min.js?ver=1.0.4
[Mon Apr 20 15:32:13 2026] [::1]:61734 Accepted
[Mon Apr 20 15:32:13 2026] [::1]:61730 Closing
[Mon Apr 20 15:32:13 2026] [::1]:61731 Closing
[Mon Apr 20 15:32:13 2026] [::1]:61733 [200]: GET /wp-content/plugins/elementor/assets/js/common-modules.min.js?ver=4.0.2
[Mon Apr 20 15:32:13 2026] [::1]:61732 Closing
[Mon Apr 20 15:32:13 2026] [::1]:61733 Closing
[Mon Apr 20 15:32:13 2026] [::1]:61734 [200]: GET /wp-content/plugins/elementor/assets/js/web-cli.min.js?ver=4.0.2
[Mon Apr 20 15:32:13 2026] [::1]:61734 Closing
[Mon Apr 20 15:32:13 2026] [::1]:61735 Accepted
[Mon Apr 20 15:32:13 2026] [::1]:61736 Accepted
[Mon Apr 20 15:32:13 2026] [::1]:61735 [200]: GET /wp-content/plugins/elementor/assets/lib/dialog/dialog.min.js?ver=4.9.4
[Mon Apr 20 15:32:13 2026] [::1]:61737 Accepted
[Mon Apr 20 15:32:13 2026] [::1]:61736 [200]: GET /wp-includes/js/api-request.min.js?ver=6.9.4
[Mon Apr 20 15:32:13 2026] [::1]:61735 Closing
[Mon Apr 20 15:32:13 2026] [::1]:61736 Closing
[Mon Apr 20 15:32:13 2026] [::1]:61738 Accepted
[Mon Apr 20 15:32:13 2026] [::1]:61737 [200]: GET /wp-content/plugins/elementor/assets/js/dev-tools.min.js?ver=4.0.2
[Mon Apr 20 15:32:13 2026] [::1]:61739 Accepted
[Mon Apr 20 15:32:13 2026] [::1]:61737 Closing
[Mon Apr 20 15:32:13 2026] [::1]:61738 [200]: GET /wp-includes/js/dist/hooks.min.js?ver=dd5603f07f9220ed27f1
[Mon Apr 20 15:32:13 2026] [::1]:61739 [200]: GET /wp-includes/js/dist/i18n.min.js?ver=c26c3dc7bed366793375
[Mon Apr 20 15:32:13 2026] [::1]:61738 Closing
[Mon Apr 20 15:32:13 2026] [::1]:61739 Closing
[Mon Apr 20 15:32:13 2026] [::1]:61740 Accepted
[Mon Apr 20 15:32:13 2026] [::1]:61741 Accepted
[Mon Apr 20 15:32:13 2026] [::1]:61740 [200]: GET /wp-content/plugins/elementor/assets/js/common.min.js?ver=4.0.2
[Mon Apr 20 15:32:13 2026] [::1]:61742 Accepted
[Mon Apr 20 15:32:13 2026] [::1]:61741 [200]: GET /wp-content/themes/tijus-theme/assets/images/shape/shape-1.png
[Mon Apr 20 15:32:13 2026] [::1]:61743 Accepted
[Mon Apr 20 15:32:13 2026] [::1]:61742 [200]: GET /wp-content/themes/tijus-theme/assets/images/author/author-11.jpg
[Mon Apr 20 15:32:13 2026] [::1]:61744 Accepted
[Mon Apr 20 15:32:13 2026] [::1]:61743 [200]: GET /wp-content/themes/tijus-theme/assets/images/shape/shape-2.png
[Mon Apr 20 15:32:13 2026] [::1]:61745 Accepted
[Mon Apr 20 15:32:13 2026] [::1]:61741 Closing
[Mon Apr 20 15:32:13 2026] [::1]:61744 [200]: GET /wp-content/themes/tijus-theme/assets/images/shape/shape-24.png
[Mon Apr 20 15:32:13 2026] [::1]:61746 Accepted
[Mon Apr 20 15:32:13 2026] [::1]:61742 Closing
[Mon Apr 20 15:32:13 2026] [::1]:61745 [200]: GET /wp-content/themes/tijus-theme/assets/images/shape/shape-4.png
[Mon Apr 20 15:32:13 2026] [::1]:61747 Accepted
[Mon Apr 20 15:32:13 2026] [::1]:61746 [200]: GET /wp-content/themes/tijus-theme/assets/fonts/flaticon.ttf?655915d50ed0facf464660ba648373b0
[Mon Apr 20 15:32:13 2026] [::1]:61743 Closing
[Mon Apr 20 15:32:13 2026] [::1]:61748 Accepted
[Mon Apr 20 15:32:13 2026] [::1]:61740 Closing
[Mon Apr 20 15:32:13 2026] [::1]:61744 Closing
[Mon Apr 20 15:32:13 2026] [::1]:61745 Closing
[Mon Apr 20 15:32:13 2026] [::1]:61746 Closing
[Mon Apr 20 15:32:13 2026] [::1]:61747 [200]: GET /wp-content/themes/tijus-theme/assets/fonts/icofont.woff2
[Mon Apr 20 15:32:13 2026] [::1]:61749 Accepted
[Mon Apr 20 15:32:13 2026] [::1]:61748 [200]: GET /wp-content/themes/tijus-theme/assets/images/shape/shape-3.png
[Mon Apr 20 15:32:13 2026] [::1]:61750 Accepted
[Mon Apr 20 15:32:13 2026] [::1]:61749 [200]: GET /wp-content/themes/tijus-theme/assets/images/blog/blog-01.jpg
[Mon Apr 20 15:32:13 2026] [::1]:61750 [200]: GET /wp-content/plugins/elementor/assets/js/app-loader.min.js?ver=4.0.2
[Mon Apr 20 15:32:13 2026] [::1]:61748 Closing
[Mon Apr 20 15:32:13 2026] [::1]:61749 Closing
[Mon Apr 20 15:32:13 2026] [::1]:61750 Closing
[Mon Apr 20 15:32:13 2026] [::1]:61747 Closing
[Mon Apr 20 15:32:13 2026] [::1]:61751 Accepted
[Mon Apr 20 15:32:13 2026] [::1]:61751 [200]: GET /wp-content/themes/tijus-theme/assets/js/vendor/modernizr-3.11.2.min.js?ver=3.11.2
[Mon Apr 20 15:32:13 2026] [::1]:61751 Closing
[Mon Apr 20 15:32:13 2026] [::1]:61752 Accepted
[Mon Apr 20 15:32:13 2026] [::1]:61753 Accepted
[Mon Apr 20 15:32:13 2026] [::1]:61752 [200]: GET /wp-content/themes/tijus-theme/assets/js/plugins.min.js?ver=1.0.0
[Mon Apr 20 15:32:13 2026] [::1]:61754 Accepted
[Mon Apr 20 15:32:13 2026] [::1]:61753 [200]: GET /wp-content/themes/tijus-theme/assets/js/main.js?ver=1.0.0
[Mon Apr 20 15:32:13 2026] [::1]:61755 Accepted
[Mon Apr 20 15:32:13 2026] [::1]:61754 [200]: GET /wp-content/themes/tijus-theme/assets/images/shape/shape-21.png
[Mon Apr 20 15:32:13 2026] [::1]:61755 [200]: GET /wp-content/themes/tijus-theme/assets/images/shape/shape-22.png
[Mon Apr 20 15:32:13 2026] [::1]:61752 Closing
[Mon Apr 20 15:32:13 2026] [::1]:61753 Closing
[Mon Apr 20 15:32:13 2026] [::1]:61754 Closing
[Mon Apr 20 15:32:13 2026] [::1]:61755 Closing
[Mon Apr 20 15:32:13 2026] [::1]:61756 Accepted
[Mon Apr 20 15:32:13 2026] [::1]:61756 [200]: GET /wp-includes/js/wp-emoji-release.min.js?ver=6.9.4
[Mon Apr 20 15:32:13 2026] [::1]:61756 Closing
[Mon Apr 20 15:32:13 2026] [::1]:61757 Accepted
[Mon Apr 20 15:32:13 2026] [::1]:61757 [200]: GET /wp-content/themes/tijus-theme/assets/images/favicon.ico
[Mon Apr 20 15:32:13 2026] [::1]:61757 Closing
[Mon Apr 20 15:32:13 2026] [::1]:61758 Accepted
[Mon Apr 20 15:32:13 2026] [::1]:61759 Accepted
[Mon Apr 20 15:32:14 2026] [::1]:61758 Closing
[Mon Apr 20 15:32:14 2026] [::1]:61761 Accepted
[Mon Apr 20 15:32:14 2026] [::1]:61759 Closing
[Mon Apr 20 15:32:14 2026] [::1]:61763 Accepted
[Mon Apr 20 15:32:14 2026] [::1]:61761 Closing
[Mon Apr 20 15:32:14 2026] [::1]:61764 Accepted
[Mon Apr 20 15:32:14 2026] [::1]:61763 Closing
[Mon Apr 20 15:32:14 2026] [::1]:61767 Accepted
[Mon Apr 20 15:32:14 2026] [::1]:61764 Closing
[Mon Apr 20 15:32:14 2026] [::1]:61768 Accepted
[Mon Apr 20 15:32:14 2026] [::1]:61767 Closing
[Mon Apr 20 15:32:14 2026] [::1]:61770 Accepted
[Mon Apr 20 15:32:15 2026] [::1]:61768 Closing
[Mon Apr 20 15:32:15 2026] [::1]:61772 Accepted
[Mon Apr 20 15:32:15 2026] [::1]:61770 Closing
[Mon Apr 20 15:32:15 2026] [::1]:61774 Accepted
[Mon Apr 20 15:32:15 2026] [::1]:61772 Closing
[Mon Apr 20 15:32:15 2026] [::1]:61776 Accepted
[Mon Apr 20 15:32:15 2026] [::1]:61774 Closing
[Mon Apr 20 15:32:15 2026] [::1]:61778 Accepted
[Mon Apr 20 15:32:15 2026] [::1]:61776 Closing
[Mon Apr 20 15:32:15 2026] [::1]:61779 Accepted
[Mon Apr 20 15:32:16 2026] [::1]:61778 Closing
[Mon Apr 20 15:32:16 2026] [::1]:61781 Accepted
[Mon Apr 20 15:32:16 2026] [::1]:61779 Closing
[Mon Apr 20 15:32:16 2026] [::1]:61784 Accepted
[Mon Apr 20 15:32:16 2026] [::1]:61781 Closing
[Mon Apr 20 15:32:16 2026] [::1]:61785 Accepted
[Mon Apr 20 15:32:16 2026] [::1]:61784 Closing
[Mon Apr 20 15:32:16 2026] [::1]:61788 Accepted
[Mon Apr 20 15:32:16 2026] [::1]:61785 Closing
[Mon Apr 20 15:32:16 2026] [::1]:61790 Accepted
[Mon Apr 20 15:32:17 2026] [::1]:61788 Closing
[Mon Apr 20 15:32:17 2026] [::1]:61792 Accepted
[Mon Apr 20 15:32:17 2026] [::1]:61790 Closing
[Mon Apr 20 15:32:17 2026] [::1]:61794 Accepted
[Mon Apr 20 15:32:17 2026] [::1]:61792 Closing
[Mon Apr 20 15:32:17 2026] [::1]:61794 [200]: GET /wp-content/themes/tijus-theme/assets/css/vendor/plugins.min.css
[Mon Apr 20 15:32:17 2026] [::1]:61794 Closing
[Mon Apr 20 15:32:17 2026] [::1]:61798 Accepted
[Mon Apr 20 15:32:17 2026] [::1]:61799 Accepted
[Mon Apr 20 15:32:17 2026] [::1]:61800 Accepted
[Mon Apr 20 15:32:17 2026] [::1]:61798 [200]: GET /wp-content/themes/tijus-theme/assets/css/style.min.css
[Mon Apr 20 15:32:17 2026] [::1]:61801 Accepted
[Mon Apr 20 15:32:17 2026] [::1]:61799 [200]: GET /wp-includes/css/dashicons.min.css?ver=6.9.4
[Mon Apr 20 15:32:17 2026] [::1]:61800 [200]: GET /wp-includes/css/admin-bar.min.css?ver=6.9.4
[Mon Apr 20 15:32:17 2026] [::1]:61802 Accepted
[Mon Apr 20 15:32:17 2026] [::1]:61801 [200]: GET /wp-content/plugins/elementor/assets/lib/eicons/css/elementor-icons.min.css?ver=5.48.0
[Mon Apr 20 15:32:17 2026] [::1]:61802 [200]: GET /wp-content/plugins/elementor/assets/css/common.min.css?ver=4.0.2
[Mon Apr 20 15:32:17 2026] [::1]:61799 Closing
[Mon Apr 20 15:32:17 2026] [::1]:61800 Closing
[Mon Apr 20 15:32:17 2026] [::1]:61801 Closing
[Mon Apr 20 15:32:17 2026] [::1]:61798 Closing
[Mon Apr 20 15:32:17 2026] [::1]:61802 Closing
[Mon Apr 20 15:32:17 2026] [::1]:61803 Accepted
[Mon Apr 20 15:32:17 2026] [::1]:61804 Accepted
[Mon Apr 20 15:32:17 2026] [::1]:61803 [200]: GET /wp-content/plugins/elementor/assets/css/theme-light.min.css?ver=4.0.2
[Mon Apr 20 15:32:17 2026] [::1]:61804 [200]: GET /wp-includes/css/dist/block-library/style.min.css?ver=6.9.4
[Mon Apr 20 15:32:17 2026] [::1]:61805 Accepted
[Mon Apr 20 15:32:17 2026] [::1]:61803 Closing
[Mon Apr 20 15:32:17 2026] [::1]:61804 Closing
[Mon Apr 20 15:32:17 2026] [::1]:61806 Accepted
[Mon Apr 20 15:32:17 2026] [::1]:61805 [200]: GET /wp-content/themes/tijus-theme/style.css?ver=1.0.0
[Mon Apr 20 15:32:17 2026] [::1]:61806 [200]: GET /wp-includes/js/jquery/jquery.min.js?ver=3.7.1
[Mon Apr 20 15:32:17 2026] [::1]:61805 Closing
[Mon Apr 20 15:32:17 2026] [::1]:61806 Closing
[Mon Apr 20 15:32:17 2026] [::1]:61807 Accepted
[Mon Apr 20 15:32:17 2026] [::1]:61807 [200]: GET /wp-includes/js/jquery/jquery-migrate.min.js?ver=3.4.1
[Mon Apr 20 15:32:17 2026] [::1]:61807 Closing
[Mon Apr 20 15:32:17 2026] [::1]:61808 Accepted
[Mon Apr 20 15:32:17 2026] [::1]:61809 Accepted
[Mon Apr 20 15:32:17 2026] [::1]:61808 [200]: GET /wp-content/uploads/2026/04/logo.webp
[Mon Apr 20 15:32:17 2026] [::1]:61809 [200]: GET /wp-content/themes/tijus-theme/assets/images/shape/shape-8.png
[Mon Apr 20 15:32:17 2026] [::1]:61808 Closing
[Mon Apr 20 15:32:17 2026] [::1]:61809 Closing
[Mon Apr 20 15:32:17 2026] [::1]:61810 Accepted
[Mon Apr 20 15:32:17 2026] [::1]:61811 Accepted
[Mon Apr 20 15:32:17 2026] [::1]:61810 [200]: GET /wp-content/themes/tijus-theme/assets/images/shape/shape-23.png
[Mon Apr 20 15:32:17 2026] [::1]:61811 [200]: GET /wp-content/themes/tijus-theme/assets/images/shape/shape-5.png
[Mon Apr 20 15:32:17 2026] [::1]:61810 Closing
[Mon Apr 20 15:32:17 2026] [::1]:61811 Closing
[Mon Apr 20 15:32:17 2026] [::1]:61812 Accepted
[Mon Apr 20 15:32:17 2026] [::1]:61812 [200]: GET /wp-content/themes/tijus-theme/assets/images/shape/shape-6.png
[Mon Apr 20 15:32:17 2026] [::1]:61813 Accepted
[Mon Apr 20 15:32:17 2026] [::1]:61814 Accepted
[Mon Apr 20 15:32:17 2026] [::1]:61812 Closing
[Mon Apr 20 15:32:17 2026] [::1]:61815 Accepted
[Mon Apr 20 15:32:17 2026] [::1]:61813 [200]: GET /wp-includes/js/hoverintent-js.min.js?ver=2.2.1
[Mon Apr 20 15:32:17 2026] [::1]:61816 Accepted
[Mon Apr 20 15:32:17 2026] [::1]:61813 Closing
[Mon Apr 20 15:32:17 2026] [::1]:61814 [200]: GET /wp-includes/js/admin-bar.min.js?ver=6.9.4
[Mon Apr 20 15:32:17 2026] [::1]:61817 Accepted
[Mon Apr 20 15:32:17 2026] [::1]:61815 [200]: GET /wp-includes/js/jquery/ui/core.min.js?ver=1.13.3
[Mon Apr 20 15:32:17 2026] [::1]:61816 [200]: GET /wp-includes/js/jquery/ui/mouse.min.js?ver=1.13.3
[Mon Apr 20 15:32:17 2026] [::1]:61814 Closing
[Mon Apr 20 15:32:17 2026] [::1]:61815 Closing
[Mon Apr 20 15:32:17 2026] [::1]:61816 Closing
[Mon Apr 20 15:32:17 2026] [::1]:61817 [200]: GET /wp-includes/js/jquery/ui/draggable.min.js?ver=1.13.3
[Mon Apr 20 15:32:17 2026] [::1]:61817 Closing
[Mon Apr 20 15:32:17 2026] [::1]:61818 Accepted
[Mon Apr 20 15:32:17 2026] [::1]:61818 [200]: GET /wp-includes/js/underscore.min.js?ver=1.13.7
[Mon Apr 20 15:32:17 2026] [::1]:61818 Closing
[Mon Apr 20 15:32:17 2026] [::1]:61819 Accepted
[Mon Apr 20 15:32:17 2026] [::1]:61819 [200]: GET /wp-includes/js/backbone.min.js?ver=1.6.0
[Mon Apr 20 15:32:17 2026] [::1]:61820 Accepted
[Mon Apr 20 15:32:17 2026] [::1]:61821 Accepted
[Mon Apr 20 15:32:17 2026] [::1]:61819 Closing
[Mon Apr 20 15:32:17 2026] [::1]:61820 [200]: GET /wp-content/plugins/elementor/assets/lib/backbone/backbone.marionette.min.js?ver=2.4.5.e1
[Mon Apr 20 15:32:17 2026] [::1]:61820 Closing
[Mon Apr 20 15:32:17 2026] [::1]:61821 [200]: GET /wp-content/plugins/elementor/assets/lib/backbone/backbone.radio.min.js?ver=1.0.4
[Mon Apr 20 15:32:17 2026] [::1]:61822 Accepted
[Mon Apr 20 15:32:17 2026] [::1]:61821 Closing
[Mon Apr 20 15:32:17 2026] [::1]:61822 [200]: GET /wp-content/plugins/elementor/assets/js/common-modules.min.js?ver=4.0.2
[Mon Apr 20 15:32:17 2026] [::1]:61822 Closing
[Mon Apr 20 15:32:17 2026] [::1]:61823 Accepted
[Mon Apr 20 15:32:17 2026] [::1]:61823 [200]: GET /wp-content/plugins/elementor/assets/js/web-cli.min.js?ver=4.0.2
[Mon Apr 20 15:32:17 2026] [::1]:61823 Closing
[Mon Apr 20 15:32:17 2026] [::1]:61824 Accepted
[Mon Apr 20 15:32:17 2026] [::1]:61824 [200]: GET /wp-content/plugins/elementor/assets/lib/dialog/dialog.min.js?ver=4.9.4
[Mon Apr 20 15:32:17 2026] [::1]:61824 Closing
[Mon Apr 20 15:32:17 2026] [::1]:61825 Accepted
[Mon Apr 20 15:32:17 2026] [::1]:61826 Accepted
[Mon Apr 20 15:32:17 2026] [::1]:61825 [200]: GET /wp-includes/js/api-request.min.js?ver=6.9.4
[Mon Apr 20 15:32:17 2026] [::1]:61826 [200]: GET /wp-content/plugins/elementor/assets/js/dev-tools.min.js?ver=4.0.2
[Mon Apr 20 15:32:17 2026] [::1]:61825 Closing
[Mon Apr 20 15:32:17 2026] [::1]:61826 Closing
[Mon Apr 20 15:32:17 2026] [::1]:61827 Accepted
[Mon Apr 20 15:32:17 2026] [::1]:61827 [200]: GET /wp-includes/js/dist/hooks.min.js?ver=dd5603f07f9220ed27f1
[Mon Apr 20 15:32:17 2026] [::1]:61828 Accepted
[Mon Apr 20 15:32:17 2026] [::1]:61827 Closing
[Mon Apr 20 15:32:17 2026] [::1]:61828 [200]: GET /wp-includes/js/dist/i18n.min.js?ver=c26c3dc7bed366793375
[Mon Apr 20 15:32:17 2026] [::1]:61828 Closing
[Mon Apr 20 15:32:17 2026] [::1]:61829 Accepted
[Mon Apr 20 15:32:17 2026] [::1]:61829 [200]: GET /wp-content/plugins/elementor/assets/js/common.min.js?ver=4.0.2
[Mon Apr 20 15:32:17 2026] [::1]:61830 Accepted
[Mon Apr 20 15:32:17 2026] [::1]:61831 Accepted
[Mon Apr 20 15:32:17 2026] [::1]:61829 Closing
[Mon Apr 20 15:32:17 2026] [::1]:61830 [200]: GET /wp-content/plugins/elementor/assets/js/app-loader.min.js?ver=4.0.2
[Mon Apr 20 15:32:17 2026] [::1]:61830 Closing
[Mon Apr 20 15:32:17 2026] [::1]:61831 [200]: GET /wp-content/themes/tijus-theme/assets/js/vendor/modernizr-3.11.2.min.js?ver=3.11.2
[Mon Apr 20 15:32:17 2026] [::1]:61832 Accepted
[Mon Apr 20 15:32:17 2026] [::1]:61831 Closing
[Mon Apr 20 15:32:17 2026] [::1]:61832 [200]: GET /wp-content/themes/tijus-theme/assets/js/plugins.min.js?ver=1.0.0
[Mon Apr 20 15:32:17 2026] [::1]:61832 Closing
[Mon Apr 20 15:32:17 2026] [::1]:61833 Accepted
[Mon Apr 20 15:32:17 2026] [::1]:61833 [200]: GET /wp-content/themes/tijus-theme/assets/js/main.js?ver=1.0.0
[Mon Apr 20 15:32:17 2026] [::1]:61834 Accepted
[Mon Apr 20 15:32:17 2026] [::1]:61833 Closing
[Mon Apr 20 15:32:17 2026] [::1]:61834 [200]: GET /wp-content/themes/tijus-theme/assets/images/shape/shape-24.png
[Mon Apr 20 15:32:17 2026] [::1]:61834 Closing
[Mon Apr 20 15:32:17 2026] [::1]:61835 Accepted
[Mon Apr 20 15:32:17 2026] [::1]:61836 Accepted
[Mon Apr 20 15:32:17 2026] [::1]:61835 [200]: GET /wp-content/themes/tijus-theme/assets/images/author/author-11.jpg
[Mon Apr 20 15:32:17 2026] [::1]:61837 Accepted
[Mon Apr 20 15:32:17 2026] [::1]:61836 [200]: GET /wp-content/themes/tijus-theme/assets/images/blog/blog-01.jpg
[Mon Apr 20 15:32:17 2026] [::1]:61838 Accepted
[Mon Apr 20 15:32:17 2026] [::1]:61837 [200]: GET /wp-content/themes/tijus-theme/assets/images/shape/shape-3.png
[Mon Apr 20 15:32:17 2026] [::1]:61839 Accepted
[Mon Apr 20 15:32:17 2026] [::1]:61835 Closing
[Mon Apr 20 15:32:17 2026] [::1]:61838 [200]: GET /wp-content/themes/tijus-theme/assets/images/shape/shape-1.png
[Mon Apr 20 15:32:17 2026] [::1]:61840 Accepted
[Mon Apr 20 15:32:17 2026] [::1]:61836 Closing
[Mon Apr 20 15:32:17 2026] [::1]:61839 [200]: GET /wp-content/themes/tijus-theme/assets/images/shape/shape-2.png
[Mon Apr 20 15:32:17 2026] [::1]:61841 Accepted
[Mon Apr 20 15:32:17 2026] [::1]:61840 [200]: GET /wp-content/themes/tijus-theme/assets/fonts/flaticon.ttf?655915d50ed0facf464660ba648373b0
[Mon Apr 20 15:32:17 2026] [::1]:61837 Closing
[Mon Apr 20 15:32:17 2026] [::1]:61842 Accepted
[Mon Apr 20 15:32:17 2026] [::1]:61838 Closing
[Mon Apr 20 15:32:17 2026] [::1]:61839 Closing
[Mon Apr 20 15:32:17 2026] [::1]:61840 Closing
[Mon Apr 20 15:32:17 2026] [::1]:61841 [200]: GET /wp-content/themes/tijus-theme/assets/fonts/icofont.woff2
[Mon Apr 20 15:32:17 2026] [::1]:61842 [200]: GET /wp-content/themes/tijus-theme/assets/images/shape/shape-4.png
[Mon Apr 20 15:32:17 2026] [::1]:61842 Closing
[Mon Apr 20 15:32:17 2026] [::1]:61841 Closing
[Mon Apr 20 15:32:17 2026] [::1]:61843 Accepted
[Mon Apr 20 15:32:17 2026] [::1]:61844 Accepted
[Mon Apr 20 15:32:17 2026] [::1]:61843 [200]: GET /wp-content/themes/tijus-theme/assets/images/shape/shape-21.png
[Mon Apr 20 15:32:17 2026] [::1]:61844 [200]: GET /wp-content/themes/tijus-theme/assets/images/shape/shape-22.png
[Mon Apr 20 15:32:17 2026] [::1]:61843 Closing
[Mon Apr 20 15:32:17 2026] [::1]:61844 Closing
[Mon Apr 20 15:32:17 2026] [::1]:61845 Accepted
[Mon Apr 20 15:32:17 2026] [::1]:61845 [200]: GET /wp-includes/js/wp-emoji-release.min.js?ver=6.9.4
[Mon Apr 20 15:32:17 2026] [::1]:61845 Closing
[Mon Apr 20 15:32:17 2026] [::1]:61846 Accepted
[Mon Apr 20 15:32:17 2026] [::1]:61846 [200]: GET /wp-content/themes/tijus-theme/assets/images/favicon.ico
[Mon Apr 20 15:32:17 2026] [::1]:61846 Closing
[Mon Apr 20 15:32:18 2026] [::1]:61847 Accepted
[Mon Apr 20 15:32:18 2026] [::1]:61847 Closing
[Mon Apr 20 15:32:18 2026] [::1]:61848 Accepted
[Mon Apr 20 15:32:18 2026] [::1]:61848 [200]: GET /wp-content/themes/tijus-theme/assets/css/vendor/plugins.min.css
[Mon Apr 20 15:32:18 2026] [::1]:61848 Closing
[Mon Apr 20 15:32:18 2026] [::1]:61850 Accepted
[Mon Apr 20 15:32:18 2026] [::1]:61851 Accepted
[Mon Apr 20 15:32:18 2026] [::1]:61852 Accepted
[Mon Apr 20 15:32:18 2026] [::1]:61850 [200]: GET /wp-content/themes/tijus-theme/assets/css/style.min.css
[Mon Apr 20 15:32:18 2026] [::1]:61853 Accepted
[Mon Apr 20 15:32:18 2026] [::1]:61851 [200]: GET /wp-includes/css/dashicons.min.css?ver=6.9.4
[Mon Apr 20 15:32:18 2026] [::1]:61854 Accepted
[Mon Apr 20 15:32:18 2026] [::1]:61852 [200]: GET /wp-includes/css/admin-bar.min.css?ver=6.9.4
[Mon Apr 20 15:32:18 2026] [::1]:61853 [200]: GET /wp-content/plugins/elementor/assets/lib/eicons/css/elementor-icons.min.css?ver=5.48.0
[Mon Apr 20 15:32:18 2026] [::1]:61854 [200]: GET /wp-content/plugins/elementor/assets/css/common.min.css?ver=4.0.2
[Mon Apr 20 15:32:18 2026] [::1]:61851 Closing
[Mon Apr 20 15:32:18 2026] [::1]:61852 Closing
[Mon Apr 20 15:32:18 2026] [::1]:61850 Closing
[Mon Apr 20 15:32:18 2026] [::1]:61853 Closing
[Mon Apr 20 15:32:18 2026] [::1]:61854 Closing
[Mon Apr 20 15:32:18 2026] [::1]:61855 Accepted
[Mon Apr 20 15:32:18 2026] [::1]:61856 Accepted
[Mon Apr 20 15:32:18 2026] [::1]:61857 Accepted
[Mon Apr 20 15:32:18 2026] [::1]:61855 [200]: GET /wp-content/plugins/elementor/assets/css/theme-light.min.css?ver=4.0.2
[Mon Apr 20 15:32:18 2026] [::1]:61856 [200]: GET /wp-includes/css/dist/block-library/style.min.css?ver=6.9.4
[Mon Apr 20 15:32:18 2026] [::1]:61857 [200]: GET /wp-content/themes/tijus-theme/style.css?ver=1.0.0
[Mon Apr 20 15:32:18 2026] [::1]:61855 Closing
[Mon Apr 20 15:32:18 2026] [::1]:61856 Closing
[Mon Apr 20 15:32:18 2026] [::1]:61857 Closing
[Mon Apr 20 15:32:18 2026] [::1]:61858 Accepted
[Mon Apr 20 15:32:18 2026] [::1]:61859 Accepted
[Mon Apr 20 15:32:18 2026] [::1]:61858 [200]: GET /wp-includes/js/jquery/jquery.min.js?ver=3.7.1
[Mon Apr 20 15:32:18 2026] [::1]:61859 [200]: GET /wp-includes/js/jquery/jquery-migrate.min.js?ver=3.4.1
[Mon Apr 20 15:32:18 2026] [::1]:61858 Closing
[Mon Apr 20 15:32:18 2026] [::1]:61859 Closing
[Mon Apr 20 15:32:18 2026] [::1]:61860 Accepted
[Mon Apr 20 15:32:18 2026] [::1]:61861 Accepted
[Mon Apr 20 15:32:18 2026] [::1]:61860 [200]: GET /wp-content/uploads/2026/04/logo.webp
[Mon Apr 20 15:32:18 2026] [::1]:61860 Closing
[Mon Apr 20 15:32:18 2026] [::1]:61861 [200]: GET /wp-content/themes/tijus-theme/assets/images/shape/shape-8.png
[Mon Apr 20 15:32:18 2026] [::1]:61861 Closing
[Mon Apr 20 15:32:18 2026] [::1]:61862 Accepted
[Mon Apr 20 15:32:18 2026] [::1]:61863 Accepted
[Mon Apr 20 15:32:18 2026] [::1]:61862 [200]: GET /wp-content/themes/tijus-theme/assets/images/shape/shape-23.png
[Mon Apr 20 15:32:18 2026] [::1]:61863 [200]: GET /wp-content/themes/tijus-theme/assets/images/shape/shape-5.png
[Mon Apr 20 15:32:18 2026] [::1]:61862 Closing
[Mon Apr 20 15:32:18 2026] [::1]:61863 Closing
[Mon Apr 20 15:32:18 2026] [::1]:61864 Accepted
[Mon Apr 20 15:32:18 2026] [::1]:61864 [200]: GET /wp-content/themes/tijus-theme/assets/images/shape/shape-6.png
[Mon Apr 20 15:32:18 2026] [::1]:61865 Accepted
[Mon Apr 20 15:32:18 2026] [::1]:61866 Accepted
[Mon Apr 20 15:32:18 2026] [::1]:61864 Closing
[Mon Apr 20 15:32:18 2026] [::1]:61867 Accepted
[Mon Apr 20 15:32:18 2026] [::1]:61865 [200]: GET /wp-includes/js/hoverintent-js.min.js?ver=2.2.1
[Mon Apr 20 15:32:18 2026] [::1]:61868 Accepted
[Mon Apr 20 15:32:18 2026] [::1]:61866 [200]: GET /wp-includes/js/admin-bar.min.js?ver=6.9.4
[Mon Apr 20 15:32:18 2026] [::1]:61869 Accepted
[Mon Apr 20 15:32:18 2026] [::1]:61867 [200]: GET /wp-includes/js/jquery/ui/core.min.js?ver=1.13.3
[Mon Apr 20 15:32:18 2026] [::1]:61865 Closing
[Mon Apr 20 15:32:18 2026] [::1]:61868 [200]: GET /wp-includes/js/jquery/ui/mouse.min.js?ver=1.13.3
[Mon Apr 20 15:32:18 2026] [::1]:61866 Closing
[Mon Apr 20 15:32:18 2026] [::1]:61867 Closing
[Mon Apr 20 15:32:18 2026] [::1]:61869 [200]: GET /wp-includes/js/jquery/ui/draggable.min.js?ver=1.13.3
[Mon Apr 20 15:32:18 2026] [::1]:61868 Closing
[Mon Apr 20 15:32:18 2026] [::1]:61869 Closing
[Mon Apr 20 15:32:18 2026] [::1]:61870 Accepted
[Mon Apr 20 15:32:18 2026] [::1]:61870 [200]: GET /wp-includes/js/underscore.min.js?ver=1.13.7
[Mon Apr 20 15:32:18 2026] [::1]:61871 Accepted
[Mon Apr 20 15:32:18 2026] [::1]:61870 Closing
[Mon Apr 20 15:32:18 2026] [::1]:61871 [200]: GET /wp-includes/js/backbone.min.js?ver=1.6.0
[Mon Apr 20 15:32:18 2026] [::1]:61872 Accepted
[Mon Apr 20 15:32:18 2026] [::1]:61873 Accepted
[Mon Apr 20 15:32:18 2026] [::1]:61871 Closing
[Mon Apr 20 15:32:18 2026] [::1]:61872 [200]: GET /wp-content/plugins/elementor/assets/lib/backbone/backbone.marionette.min.js?ver=2.4.5.e1
[Mon Apr 20 15:32:18 2026] [::1]:61874 Accepted
[Mon Apr 20 15:32:18 2026] [::1]:61872 Closing
[Mon Apr 20 15:32:18 2026] [::1]:61873 [200]: GET /wp-content/plugins/elementor/assets/lib/backbone/backbone.radio.min.js?ver=1.0.4
[Mon Apr 20 15:32:18 2026] [::1]:61874 [200]: GET /wp-content/plugins/elementor/assets/js/common-modules.min.js?ver=4.0.2
[Mon Apr 20 15:32:18 2026] [::1]:61873 Closing
[Mon Apr 20 15:32:18 2026] [::1]:61875 Accepted
[Mon Apr 20 15:32:18 2026] [::1]:61874 Closing
[Mon Apr 20 15:32:18 2026] [::1]:61875 [200]: GET /wp-content/plugins/elementor/assets/js/web-cli.min.js?ver=4.0.2
[Mon Apr 20 15:32:18 2026] [::1]:61875 Closing
[Mon Apr 20 15:32:18 2026] [::1]:61876 Accepted
[Mon Apr 20 15:32:18 2026] [::1]:61876 [200]: GET /wp-content/plugins/elementor/assets/lib/dialog/dialog.min.js?ver=4.9.4
[Mon Apr 20 15:32:18 2026] [::1]:61876 Closing
[Mon Apr 20 15:32:18 2026] [::1]:61877 Accepted
[Mon Apr 20 15:32:18 2026] [::1]:61878 Accepted
[Mon Apr 20 15:32:18 2026] [::1]:61877 [200]: GET /wp-includes/js/api-request.min.js?ver=6.9.4
[Mon Apr 20 15:32:18 2026] [::1]:61878 [200]: GET /wp-content/plugins/elementor/assets/js/dev-tools.min.js?ver=4.0.2
[Mon Apr 20 15:32:18 2026] [::1]:61877 Closing
[Mon Apr 20 15:32:18 2026] [::1]:61878 Closing
[Mon Apr 20 15:32:18 2026] [::1]:61879 Accepted
[Mon Apr 20 15:32:18 2026] [::1]:61880 Accepted
[Mon Apr 20 15:32:18 2026] [::1]:61879 [200]: GET /wp-includes/js/dist/hooks.min.js?ver=dd5603f07f9220ed27f1
[Mon Apr 20 15:32:18 2026] [::1]:61879 Closing
[Mon Apr 20 15:32:18 2026] [::1]:61880 [200]: GET /wp-includes/js/dist/i18n.min.js?ver=c26c3dc7bed366793375
[Mon Apr 20 15:32:18 2026] [::1]:61880 Closing
[Mon Apr 20 15:32:18 2026] [::1]:61881 Accepted
[Mon Apr 20 15:32:18 2026] [::1]:61882 Accepted
[Mon Apr 20 15:32:18 2026] [::1]:61881 [200]: GET /wp-content/plugins/elementor/assets/js/common.min.js?ver=4.0.2
[Mon Apr 20 15:32:18 2026] [::1]:61882 [200]: GET /wp-content/plugins/elementor/assets/js/app-loader.min.js?ver=4.0.2
[Mon Apr 20 15:32:18 2026] [::1]:61882 Closing
[Mon Apr 20 15:32:18 2026] [::1]:61881 Closing
[Mon Apr 20 15:32:18 2026] [::1]:61883 Accepted
[Mon Apr 20 15:32:18 2026] [::1]:61884 Accepted
[Mon Apr 20 15:32:18 2026] [::1]:61885 Accepted
[Mon Apr 20 15:32:18 2026] [::1]:61883 [200]: GET /wp-content/themes/tijus-theme/assets/js/vendor/modernizr-3.11.2.min.js?ver=3.11.2
[Mon Apr 20 15:32:18 2026] [::1]:61884 [200]: GET /wp-content/themes/tijus-theme/assets/js/plugins.min.js?ver=1.0.0
[Mon Apr 20 15:32:18 2026] [::1]:61885 [200]: GET /wp-content/themes/tijus-theme/assets/js/main.js?ver=1.0.0
[Mon Apr 20 15:32:18 2026] [::1]:61886 Accepted
[Mon Apr 20 15:32:18 2026] [::1]:61883 Closing
[Mon Apr 20 15:32:18 2026] [::1]:61885 Closing
[Mon Apr 20 15:32:18 2026] [::1]:61884 Closing
[Mon Apr 20 15:32:18 2026] [::1]:61886 [200]: GET /wp-content/themes/tijus-theme/assets/images/shape/shape-24.png
[Mon Apr 20 15:32:18 2026] [::1]:61887 Accepted
[Mon Apr 20 15:32:18 2026] [::1]:61887 [200]: GET /wp-content/themes/tijus-theme/assets/images/author/author-11.jpg
[Mon Apr 20 15:32:18 2026] [::1]:61886 Closing
[Mon Apr 20 15:32:18 2026] [::1]:61887 Closing
[Mon Apr 20 15:32:18 2026] [::1]:61888 Accepted
[Mon Apr 20 15:32:18 2026] [::1]:61889 Accepted
[Mon Apr 20 15:32:18 2026] [::1]:61888 [200]: GET /wp-content/themes/tijus-theme/assets/images/blog/blog-01.jpg
[Mon Apr 20 15:32:18 2026] [::1]:61890 Accepted
[Mon Apr 20 15:32:18 2026] [::1]:61889 [200]: GET /wp-content/themes/tijus-theme/assets/images/shape/shape-3.png
[Mon Apr 20 15:32:18 2026] [::1]:61891 Accepted
[Mon Apr 20 15:32:18 2026] [::1]:61890 [200]: GET /wp-content/themes/tijus-theme/assets/images/shape/shape-4.png
[Mon Apr 20 15:32:18 2026] [::1]:61892 Accepted
[Mon Apr 20 15:32:18 2026] [::1]:61888 Closing
[Mon Apr 20 15:32:18 2026] [::1]:61891 [200]: GET /wp-content/themes/tijus-theme/assets/images/shape/shape-1.png
[Mon Apr 20 15:32:18 2026] [::1]:61893 Accepted
[Mon Apr 20 15:32:18 2026] [::1]:61889 Closing
[Mon Apr 20 15:32:18 2026] [::1]:61892 [200]: GET /wp-content/themes/tijus-theme/assets/images/shape/shape-2.png
[Mon Apr 20 15:32:18 2026] [::1]:61894 Accepted
[Mon Apr 20 15:32:18 2026] [::1]:61893 [200]: GET /wp-content/themes/tijus-theme/assets/fonts/flaticon.ttf?655915d50ed0facf464660ba648373b0
[Mon Apr 20 15:32:18 2026] [::1]:61890 Closing
[Mon Apr 20 15:32:18 2026] [::1]:61894 [200]: GET /wp-content/themes/tijus-theme/assets/fonts/icofont.woff2
[Mon Apr 20 15:32:18 2026] [::1]:61891 Closing
[Mon Apr 20 15:32:18 2026] [::1]:61895 Accepted
[Mon Apr 20 15:32:18 2026] [::1]:61892 Closing
[Mon Apr 20 15:32:18 2026] [::1]:61893 Closing
[Mon Apr 20 15:32:18 2026] [::1]:61895 [200]: GET /wp-content/themes/tijus-theme/assets/images/shape/shape-21.png
[Mon Apr 20 15:32:18 2026] [::1]:61896 Accepted
[Mon Apr 20 15:32:18 2026] [::1]:61895 Closing
[Mon Apr 20 15:32:18 2026] [::1]:61894 Closing
[Mon Apr 20 15:32:18 2026] [::1]:61896 [200]: GET /wp-content/themes/tijus-theme/assets/images/shape/shape-22.png
[Mon Apr 20 15:32:18 2026] [::1]:61896 Closing
[Mon Apr 20 15:32:18 2026] [::1]:61897 Accepted
[Mon Apr 20 15:32:18 2026] [::1]:61897 [200]: GET /wp-includes/js/wp-emoji-release.min.js?ver=6.9.4
[Mon Apr 20 15:32:18 2026] [::1]:61897 Closing
[Mon Apr 20 15:32:18 2026] [::1]:61898 Accepted
[Mon Apr 20 15:32:18 2026] [::1]:61898 [200]: GET /wp-content/themes/tijus-theme/assets/images/favicon.ico
[Mon Apr 20 15:32:18 2026] [::1]:61898 Closing
[Mon Apr 20 15:32:25 2026] [::1]:61899 Accepted
[Mon Apr 20 15:32:25 2026] [::1]:61899 [200]: GET /wp-admin/
[Mon Apr 20 15:32:25 2026] [::1]:61899 Closing
[Mon Apr 20 15:32:25 2026] [::1]:61900 Accepted
[Mon Apr 20 15:32:25 2026] [::1]:61901 Accepted
[Mon Apr 20 15:32:25 2026] [::1]:61900 [200]: GET /wp-includes/js/thickbox/thickbox.css?ver=6.9.4
[Mon Apr 20 15:32:25 2026] [::1]:61902 Accepted
[Mon Apr 20 15:32:25 2026] [::1]:61901 [200]: GET /wp-content/plugins/elementor/vendor/elementor/wp-one-package/assets/build/common.css?ver=1.0.59
[Mon Apr 20 15:32:25 2026] [::1]:61903 Accepted
[Mon Apr 20 15:32:25 2026] [::1]:61902 [200]: GET /wp-content/plugins/elementor/assets/css/modules/editor-one/admin-menu.min.css?ver=4.0.2
[Mon Apr 20 15:32:25 2026] [::1]:61904 Accepted
[Mon Apr 20 15:32:25 2026] [::1]:61900 Closing
[Mon Apr 20 15:32:25 2026] [::1]:61903 [200]: GET /wp-content/plugins/elementor/assets/lib/eicons/css/elementor-icons.min.css?ver=5.48.0
[Mon Apr 20 15:32:25 2026] [::1]:61905 Accepted
[Mon Apr 20 15:32:25 2026] [::1]:61901 Closing
[Mon Apr 20 15:32:25 2026] [::1]:61904 [200]: GET /wp-content/plugins/elementor/assets/css/common.min.css?ver=4.0.2
[Mon Apr 20 15:32:25 2026] [::1]:61906 Accepted
[Mon Apr 20 15:32:25 2026] [::1]:61905 [200]: GET /wp-content/plugins/elementor/assets/css/theme-light.min.css?ver=4.0.2
[Mon Apr 20 15:32:25 2026] [::1]:61902 Closing
[Mon Apr 20 15:32:25 2026] [::1]:61906 [200]: GET /wp-content/plugins/elementor/assets/css/admin.min.css?ver=4.0.2
[Mon Apr 20 15:32:25 2026] [::1]:61903 Closing
[Mon Apr 20 15:32:25 2026] [::1]:61904 Closing
[Mon Apr 20 15:32:25 2026] [::1]:61905 Closing
[Mon Apr 20 15:32:25 2026] [::1]:61907 Accepted
[Mon Apr 20 15:32:25 2026] [::1]:61907 [200]: GET /wp-includes/js/dist/i18n.min.js?ver=c26c3dc7bed366793375
[Mon Apr 20 15:32:25 2026] [::1]:61906 Closing
[Mon Apr 20 15:32:25 2026] [::1]:61907 Closing
[Mon Apr 20 15:32:25 2026] [::1]:61908 Accepted
[Mon Apr 20 15:32:25 2026] [::1]:61909 Accepted
[Mon Apr 20 15:32:25 2026] [::1]:61908 [200]: GET /wp-includes/js/dist/a11y.min.js?ver=cb460b4676c94bd228ed
[Mon Apr 20 15:32:25 2026] [::1]:61909 [200]: GET /wp-admin/js/common.min.js?ver=6.9.4
[Mon Apr 20 15:32:25 2026] [::1]:61908 Closing
[Mon Apr 20 15:32:25 2026] [::1]:61909 Closing
[Mon Apr 20 15:32:25 2026] [::1]:61910 Accepted
[Mon Apr 20 15:32:25 2026] [::1]:61910 [200]: GET /wp-includes/js/hoverintent-js.min.js?ver=2.2.1
[Mon Apr 20 15:32:25 2026] [::1]:61910 Closing
[Mon Apr 20 15:32:25 2026] [::1]:61911 Accepted
[Mon Apr 20 15:32:25 2026] [::1]:61911 [200]: GET /wp-includes/js/admin-bar.min.js?ver=6.9.4
[Mon Apr 20 15:32:25 2026] [::1]:61912 Accepted
[Mon Apr 20 15:32:25 2026] [::1]:61913 Accepted
[Mon Apr 20 15:32:25 2026] [::1]:61914 Accepted
[Mon Apr 20 15:32:25 2026] [::1]:61911 Closing
[Mon Apr 20 15:32:25 2026] [::1]:61912 [200]: GET /wp-includes/js/clipboard.min.js?ver=2.0.11
[Mon Apr 20 15:32:25 2026] [::1]:61913 [200]: GET /wp-includes/js/underscore.min.js?ver=1.13.7
[Mon Apr 20 15:32:25 2026] [::1]:61915 Accepted
[Mon Apr 20 15:32:25 2026] [::1]:61914 [200]: GET /wp-includes/js/wp-util.min.js?ver=6.9.4
[Mon Apr 20 15:32:25 2026] [::1]:61912 Closing
[Mon Apr 20 15:32:25 2026] [::1]:61913 Closing
[Mon Apr 20 15:32:25 2026] [::1]:61914 Closing
[Mon Apr 20 15:32:25 2026] [::1]:61915 [200]: GET /wp-includes/js/api-request.min.js?ver=6.9.4
[Mon Apr 20 15:32:25 2026] [::1]:61915 Closing
[Mon Apr 20 15:32:25 2026] [::1]:61916 Accepted
[Mon Apr 20 15:32:25 2026] [::1]:61916 [200]: GET /wp-includes/js/dist/url.min.js?ver=9e178c9516d1222dc834
[Mon Apr 20 15:32:25 2026] [::1]:61916 Closing
[Mon Apr 20 15:32:25 2026] [::1]:61917 Accepted
[Mon Apr 20 15:32:25 2026] [::1]:61918 Accepted
[Mon Apr 20 15:32:25 2026] [::1]:61917 [200]: GET /wp-admin/js/site-health.min.js?ver=6.9.4
[Mon Apr 20 15:32:25 2026] [::1]:61919 Accepted
[Mon Apr 20 15:32:25 2026] [::1]:61918 [200]: GET /wp-includes/js/wp-ajax-response.min.js?ver=6.9.4
[Mon Apr 20 15:32:25 2026] [::1]:61919 [200]: GET /wp-includes/js/jquery/jquery.color.min.js?ver=3.0.0
[Mon Apr 20 15:32:25 2026] [::1]:61920 Accepted
[Mon Apr 20 15:32:25 2026] [::1]:61917 Closing
[Mon Apr 20 15:32:25 2026] [::1]:61918 Closing
[Mon Apr 20 15:32:25 2026] [::1]:61920 [200]: GET /wp-includes/js/wp-lists.min.js?ver=6.9.4
[Mon Apr 20 15:32:25 2026] [::1]:61921 Accepted
[Mon Apr 20 15:32:25 2026] [::1]:61919 Closing
[Mon Apr 20 15:32:25 2026] [::1]:61921 [200]: GET /wp-includes/js/quicktags.min.js?ver=6.9.4
[Mon Apr 20 15:32:25 2026] [::1]:61920 Closing
[Mon Apr 20 15:32:25 2026] [::1]:61921 Closing
[Mon Apr 20 15:32:25 2026] [::1]:61922 Accepted
[Mon Apr 20 15:32:25 2026] [::1]:61922 [200]: GET /wp-includes/js/jquery/jquery.query.js?ver=2.2.3
[Mon Apr 20 15:32:25 2026] [::1]:61922 Closing
[Mon Apr 20 15:32:25 2026] [::1]:61923 Accepted
[Mon Apr 20 15:32:25 2026] [::1]:61924 Accepted
[Mon Apr 20 15:32:25 2026] [::1]:61923 [200]: GET /wp-admin/js/edit-comments.min.js?ver=6.9.4
[Mon Apr 20 15:32:25 2026] [::1]:61925 Accepted
[Mon Apr 20 15:32:25 2026] [::1]:61924 [200]: GET /wp-includes/js/jquery/ui/core.min.js?ver=1.13.3
[Mon Apr 20 15:32:25 2026] [::1]:61926 Accepted
[Mon Apr 20 15:32:25 2026] [::1]:61925 [200]: GET /wp-includes/js/jquery/ui/mouse.min.js?ver=1.13.3
[Mon Apr 20 15:32:25 2026] [::1]:61927 Accepted
[Mon Apr 20 15:32:25 2026] [::1]:61923 Closing
[Mon Apr 20 15:32:25 2026] [::1]:61926 [200]: GET /wp-includes/js/jquery/ui/sortable.min.js?ver=1.13.3
[Mon Apr 20 15:32:25 2026] [::1]:61928 Accepted
[Mon Apr 20 15:32:25 2026] [::1]:61924 Closing
[Mon Apr 20 15:32:25 2026] [::1]:61927 [200]: GET /wp-admin/js/postbox.min.js?ver=6.9.4
[Mon Apr 20 15:32:25 2026] [::1]:61928 [200]: GET /wp-includes/js/dist/vendor/moment.min.js?ver=2.30.1
[Mon Apr 20 15:32:25 2026] [::1]:61925 Closing
[Mon Apr 20 15:32:25 2026] [::1]:61926 Closing
[Mon Apr 20 15:32:25 2026] [::1]:61927 Closing
[Mon Apr 20 15:32:25 2026] [::1]:61928 Closing
[Mon Apr 20 15:32:25 2026] [::1]:61929 Accepted
[Mon Apr 20 15:32:25 2026] [::1]:61930 Accepted
[Mon Apr 20 15:32:25 2026] [::1]:61929 [200]: GET /wp-includes/js/dist/deprecated.min.js?ver=e1f84915c5e8ae38964c
[Mon Apr 20 15:32:25 2026] [::1]:61929 Closing
[Mon Apr 20 15:32:25 2026] [::1]:61930 [200]: GET /wp-includes/js/dist/date.min.js?ver=795a56839718d3ff7eae
[Mon Apr 20 15:32:25 2026] [::1]:61931 Accepted
[Mon Apr 20 15:32:25 2026] [::1]:61932 Accepted
[Mon Apr 20 15:32:25 2026] [::1]:61931 [200]: GET /wp-admin/js/dashboard.min.js?ver=6.9.4
[Mon Apr 20 15:32:25 2026] [::1]:61933 Accepted
[Mon Apr 20 15:32:25 2026] [::1]:61932 [200]: GET /wp-includes/js/thickbox/thickbox.js?ver=3.1-20121105
[Mon Apr 20 15:32:25 2026] [::1]:61934 Accepted
[Mon Apr 20 15:32:25 2026] [::1]:61933 [200]: GET /wp-admin/js/plugin-install.min.js?ver=6.9.4
[Mon Apr 20 15:32:25 2026] [::1]:61931 Closing
[Mon Apr 20 15:32:25 2026] [::1]:61934 [200]: GET /wp-includes/js/wp-sanitize.min.js?ver=6.9.4
[Mon Apr 20 15:32:25 2026] [::1]:61935 Accepted
[Mon Apr 20 15:32:25 2026] [::1]:61932 Closing
[Mon Apr 20 15:32:25 2026] [::1]:61935 [200]: GET /wp-admin/js/updates.min.js?ver=6.9.4
[Mon Apr 20 15:32:25 2026] [::1]:61933 Closing
[Mon Apr 20 15:32:25 2026] [::1]:61930 Closing
[Mon Apr 20 15:32:25 2026] [::1]:61934 Closing
[Mon Apr 20 15:32:25 2026] [::1]:61936 Accepted
[Mon Apr 20 15:32:25 2026] [::1]:61937 Accepted
[Mon Apr 20 15:32:25 2026] [::1]:61935 Closing
[Mon Apr 20 15:32:25 2026] [::1]:61936 [200]: GET /wp-includes/js/shortcode.min.js?ver=6.9.4
[Mon Apr 20 15:32:25 2026] [::1]:61936 Closing
[Mon Apr 20 15:32:25 2026] [::1]:61937 [200]: GET /wp-admin/js/media-upload.min.js?ver=6.9.4
[Mon Apr 20 15:32:25 2026] [::1]:61938 Accepted
[Mon Apr 20 15:32:25 2026] [::1]:61937 Closing
[Mon Apr 20 15:32:25 2026] [::1]:61938 [200]: GET /wp-admin/js/svg-painter.js?ver=6.9.4
[Mon Apr 20 15:32:25 2026] [::1]:61938 Closing
[Mon Apr 20 15:32:25 2026] [::1]:61939 Accepted
[Mon Apr 20 15:32:25 2026] [::1]:61939 [200]: GET /wp-includes/js/jquery/ui/draggable.min.js?ver=1.13.3
[Mon Apr 20 15:32:25 2026] [::1]:61940 Accepted
[Mon Apr 20 15:32:25 2026] [::1]:61940 [200]: GET /wp-includes/js/backbone.min.js?ver=1.6.0
[Mon Apr 20 15:32:25 2026] [::1]:61939 Closing
[Mon Apr 20 15:32:25 2026] [::1]:61940 Closing
[Mon Apr 20 15:32:25 2026] [::1]:61941 Accepted
[Mon Apr 20 15:32:25 2026] [::1]:61941 [200]: GET /wp-content/plugins/elementor/assets/lib/backbone/backbone.marionette.min.js?ver=2.4.5.e1
[Mon Apr 20 15:32:25 2026] [::1]:61941 Closing
[Mon Apr 20 15:32:25 2026] [::1]:61942 Accepted
[Mon Apr 20 15:32:25 2026] [::1]:61942 [200]: GET /wp-content/plugins/elementor/assets/lib/backbone/backbone.radio.min.js?ver=1.0.4
[Mon Apr 20 15:32:25 2026] [::1]:61942 Closing
[Mon Apr 20 15:32:25 2026] [::1]:61943 Accepted
[Mon Apr 20 15:32:25 2026] [::1]:61944 Accepted
[Mon Apr 20 15:32:25 2026] [::1]:61943 [200]: GET /wp-content/plugins/elementor/assets/js/common-modules.min.js?ver=4.0.2
[Mon Apr 20 15:32:25 2026] [::1]:61944 [200]: GET /wp-content/plugins/elementor/assets/js/web-cli.min.js?ver=4.0.2
[Mon Apr 20 15:32:25 2026] [::1]:61945 Accepted
[Mon Apr 20 15:32:25 2026] [::1]:61946 Accepted
[Mon Apr 20 15:32:25 2026] [::1]:61943 Closing
[Mon Apr 20 15:32:25 2026] [::1]:61944 Closing
[Mon Apr 20 15:32:25 2026] [::1]:61945 [200]: GET /wp-content/plugins/elementor/assets/lib/dialog/dialog.min.js?ver=4.9.0
[Mon Apr 20 15:32:25 2026] [::1]:61946 [200]: GET /wp-content/plugins/elementor/assets/js/dev-tools.min.js?ver=4.0.2
[Mon Apr 20 15:32:25 2026] [::1]:61945 Closing
[Mon Apr 20 15:32:25 2026] [::1]:61947 Accepted
[Mon Apr 20 15:32:25 2026] [::1]:61946 Closing
[Mon Apr 20 15:32:25 2026] [::1]:61948 Accepted
[Mon Apr 20 15:32:25 2026] [::1]:61947 [200]: GET /wp-content/plugins/elementor/assets/js/common.min.js?ver=4.0.2
[Mon Apr 20 15:32:25 2026] [::1]:61947 Closing
[Mon Apr 20 15:32:25 2026] [::1]:61948 [200]: GET /wp-content/plugins/elementor/assets/js/app-loader.min.js?ver=4.0.2
[Mon Apr 20 15:32:25 2026] [::1]:61948 Closing
[Mon Apr 20 15:32:25 2026] [::1]:61949 Accepted
[Mon Apr 20 15:32:25 2026] [::1]:61949 [200]: GET /wp-includes/js/heartbeat.min.js?ver=6.9.4
[Mon Apr 20 15:32:25 2026] [::1]:61950 Accepted
[Mon Apr 20 15:32:25 2026] [::1]:61949 Closing
[Mon Apr 20 15:32:25 2026] [::1]:61951 Accepted
[Mon Apr 20 15:32:25 2026] [::1]:61950 [200]: GET /wp-includes/js/wp-auth-check.min.js?ver=6.9.4
[Mon Apr 20 15:32:25 2026] [::1]:61950 Closing
[Mon Apr 20 15:32:25 2026] [::1]:61952 Accepted
[Mon Apr 20 15:32:25 2026] [::1]:61951 [200]: GET /wp-includes/js/dist/vendor/react.min.js?ver=18.3.1.1
[Mon Apr 20 15:32:25 2026] [::1]:61952 [200]: GET /wp-includes/js/dist/vendor/react-dom.min.js?ver=18.3.1.1
[Mon Apr 20 15:32:25 2026] [::1]:61951 Closing
[Mon Apr 20 15:32:25 2026] [::1]:61952 Closing
[Mon Apr 20 15:32:25 2026] [::1]:61953 Accepted
[Mon Apr 20 15:32:25 2026] [::1]:61953 [200]: GET /wp-includes/js/dist/vendor/react-jsx-runtime.min.js?ver=18.3.1
[Mon Apr 20 15:32:25 2026] [::1]:61954 Accepted
[Mon Apr 20 15:32:25 2026] [::1]:61955 Accepted
[Mon Apr 20 15:32:25 2026] [::1]:61956 Accepted
[Mon Apr 20 15:32:25 2026] [::1]:61953 Closing
[Mon Apr 20 15:32:25 2026] [::1]:61954 [200]: GET /wp-includes/js/dist/dom.min.js?ver=26edef3be6483da3de2e
[Mon Apr 20 15:32:25 2026] [::1]:61957 Accepted
[Mon Apr 20 15:32:25 2026] [::1]:61954 Closing
[Mon Apr 20 15:32:25 2026] [::1]:61955 [200]: GET /wp-includes/js/dist/escape-html.min.js?ver=6561a406d2d232a6fbd2
[Mon Apr 20 15:32:25 2026] [::1]:61956 [200]: GET /wp-includes/js/dist/element.min.js?ver=6a582b0c827fa25df3dd
[Mon Apr 20 15:32:25 2026] [::1]:61958 Accepted
[Mon Apr 20 15:32:25 2026] [::1]:61957 [200]: GET /wp-includes/js/dist/is-shallow-equal.min.js?ver=e0f9f1d78d83f5196979
[Mon Apr 20 15:32:25 2026] [::1]:61958 [200]: GET /wp-includes/js/dist/keycodes.min.js?ver=34c8fb5e7a594a1c8037
[Mon Apr 20 15:32:25 2026] [::1]:61955 Closing
[Mon Apr 20 15:32:25 2026] [::1]:61956 Closing
[Mon Apr 20 15:32:25 2026] [::1]:61959 Accepted
[Mon Apr 20 15:32:25 2026] [::1]:61957 Closing
[Mon Apr 20 15:32:25 2026] [::1]:61960 Accepted
[Mon Apr 20 15:32:25 2026] [::1]:61959 [200]: GET /wp-includes/js/dist/priority-queue.min.js?ver=2d59d091223ee9a33838
[Mon Apr 20 15:32:25 2026] [::1]:61958 Closing
[Mon Apr 20 15:32:25 2026] [::1]:61960 [200]: GET /wp-includes/js/dist/compose.min.js?ver=7a9b375d8c19cf9d3d9b
[Mon Apr 20 15:32:25 2026] [::1]:61959 Closing
[Mon Apr 20 15:32:25 2026] [::1]:61960 Closing
[Mon Apr 20 15:32:25 2026] [::1]:61961 Accepted
[Mon Apr 20 15:32:25 2026] [::1]:61962 Accepted
[Mon Apr 20 15:32:25 2026] [::1]:61961 [200]: GET /wp-includes/js/dist/html-entities.min.js?ver=e8b78b18a162491d5e5f
[Mon Apr 20 15:32:25 2026] [::1]:61963 Accepted
[Mon Apr 20 15:32:25 2026] [::1]:61962 [200]: GET /wp-includes/js/dist/primitives.min.js?ver=0b5dcc337aa7cbf75570
[Mon Apr 20 15:32:25 2026] [::1]:61964 Accepted
[Mon Apr 20 15:32:25 2026] [::1]:61963 [200]: GET /wp-includes/js/dist/private-apis.min.js?ver=4f465748bda624774139
[Mon Apr 20 15:32:25 2026] [::1]:61965 Accepted
[Mon Apr 20 15:32:25 2026] [::1]:61961 Closing
[Mon Apr 20 15:32:25 2026] [::1]:61964 [200]: GET /wp-includes/js/dist/redux-routine.min.js?ver=8bb92d45458b29590f53
[Mon Apr 20 15:32:25 2026] [::1]:61962 Closing
[Mon Apr 20 15:32:25 2026] [::1]:61963 Closing
[Mon Apr 20 15:32:25 2026] [::1]:61965 [200]: GET /wp-includes/js/dist/data.min.js?ver=f940198280891b0b6318
[Mon Apr 20 15:32:25 2026] [::1]:61966 Accepted
[Mon Apr 20 15:32:25 2026] [::1]:61964 Closing
[Mon Apr 20 15:32:25 2026] [::1]:61967 Accepted
[Mon Apr 20 15:32:25 2026] [::1]:61966 [200]: GET /wp-includes/js/dist/rich-text.min.js?ver=5bdbb44f3039529e3645
[Mon Apr 20 15:32:25 2026] [::1]:61965 Closing
[Mon Apr 20 15:32:25 2026] [::1]:61967 [200]: GET /wp-includes/js/dist/warning.min.js?ver=d69bc18c456d01c11d5a
[Mon Apr 20 15:32:25 2026] [::1]:61966 Closing
[Mon Apr 20 15:32:25 2026] [::1]:61968 Accepted
[Mon Apr 20 15:32:25 2026] [::1]:61967 Closing
[Mon Apr 20 15:32:25 2026] [::1]:61968 [200]: GET /wp-includes/js/dist/components.min.js?ver=0d72a218dfea8f6f442f
[Mon Apr 20 15:32:25 2026] [::1]:61969 Accepted
[Mon Apr 20 15:32:25 2026] [::1]:61969 [200]: GET /wp-includes/js/dist/keyboard-shortcuts.min.js?ver=fbc45a34ce65c5723afa
[Mon Apr 20 15:32:25 2026] [::1]:61970 Accepted
[Mon Apr 20 15:32:25 2026] [::1]:61971 Accepted
[Mon Apr 20 15:32:25 2026] [::1]:61970 [200]: GET /wp-includes/js/dist/commands.min.js?ver=cac8f4817ab7cea0ac49
[Mon Apr 20 15:32:25 2026] [::1]:61969 Closing
[Mon Apr 20 15:32:25 2026] [::1]:61971 [200]: GET /wp-includes/js/dist/api-fetch.min.js?ver=3a4d9af2b423048b0dee
[Mon Apr 20 15:32:25 2026] [::1]:61972 Accepted
[Mon Apr 20 15:32:25 2026] [::1]:61970 Closing
[Mon Apr 20 15:32:25 2026] [::1]:61973 Accepted
[Mon Apr 20 15:32:25 2026] [::1]:61968 Closing
[Mon Apr 20 15:32:25 2026] [::1]:61972 [200]: GET /wp-includes/js/dist/blob.min.js?ver=9113eed771d446f4a556
[Mon Apr 20 15:32:25 2026] [::1]:61971 Closing
[Mon Apr 20 15:32:25 2026] [::1]:61974 Accepted
[Mon Apr 20 15:32:25 2026] [::1]:61972 Closing
[Mon Apr 20 15:32:25 2026] [::1]:61973 [200]: GET /wp-includes/js/dist/block-serialization-default-parser.min.js?ver=14d44daebf663d05d330
[Mon Apr 20 15:32:25 2026] [::1]:61974 [200]: GET /wp-includes/js/dist/autop.min.js?ver=9fb50649848277dd318d
[Mon Apr 20 15:32:25 2026] [::1]:61975 Accepted
[Mon Apr 20 15:32:25 2026] [::1]:61973 Closing
[Mon Apr 20 15:32:25 2026] [::1]:61974 Closing
[Mon Apr 20 15:32:25 2026] [::1]:61975 [200]: GET /wp-includes/js/dist/shortcode.min.js?ver=0b3174183b858f2df320
[Mon Apr 20 15:32:25 2026] [::1]:61976 Accepted
[Mon Apr 20 15:32:25 2026] [::1]:61977 Accepted
[Mon Apr 20 15:32:25 2026] [::1]:61976 [200]: GET /wp-includes/js/dist/blocks.min.js?ver=57eca4d23daac7159d88
[Mon Apr 20 15:32:25 2026] [::1]:61975 Closing
[Mon Apr 20 15:32:25 2026] [::1]:61977 [200]: GET /wp-includes/js/dist/notices.min.js?ver=f62fbf15dcc23301922f
[Mon Apr 20 15:32:25 2026] [::1]:61976 Closing
[Mon Apr 20 15:32:25 2026] [::1]:61977 Closing
[Mon Apr 20 15:32:25 2026] [::1]:61978 Accepted
[Mon Apr 20 15:32:25 2026] [::1]:61978 [200]: GET /wp-includes/js/dist/preferences-persistence.min.js?ver=e954d3a4426d311f7d1a
[Mon Apr 20 15:32:25 2026] [::1]:61979 Accepted
[Mon Apr 20 15:32:25 2026] [::1]:61978 Closing
[Mon Apr 20 15:32:25 2026] [::1]:61979 [200]: GET /wp-includes/js/dist/preferences.min.js?ver=2ca086aed510c242a1ed
[Mon Apr 20 15:32:25 2026] [::1]:61979 Closing
[Mon Apr 20 15:32:25 2026] [::1]:61980 Accepted
[Mon Apr 20 15:32:25 2026] [::1]:61980 [200]: GET /wp-includes/js/dist/style-engine.min.js?ver=7c6fcedc37dadafb8a81
[Mon Apr 20 15:32:25 2026] [::1]:61981 Accepted
[Mon Apr 20 15:32:25 2026] [::1]:61981 [200]: GET /wp-includes/js/dist/token-list.min.js?ver=cfdf635a436c3953a965
[Mon Apr 20 15:32:25 2026] [::1]:61980 Closing
[Mon Apr 20 15:32:25 2026] [::1]:61981 Closing
[Mon Apr 20 15:32:25 2026] [::1]:61982 Accepted
[Mon Apr 20 15:32:25 2026] [::1]:61983 Accepted
[Mon Apr 20 15:32:25 2026] [::1]:61982 [200]: GET /wp-includes/js/dist/block-editor.min.js?ver=addf558a422e2ee57920
[Mon Apr 20 15:32:25 2026] [::1]:61983 [200]: GET /wp-includes/js/dist/core-data.min.js?ver=15baadfe6e1374188072
[Mon Apr 20 15:32:25 2026] [::1]:61984 Accepted
[Mon Apr 20 15:32:25 2026] [::1]:61985 Accepted
[Mon Apr 20 15:32:25 2026] [::1]:61984 [200]: GET /wp-includes/js/dist/router.min.js?ver=2dfc4b954318a03e6a76
[Mon Apr 20 15:32:25 2026] [::1]:61986 Accepted
[Mon Apr 20 15:32:25 2026] [::1]:61983 Closing
[Mon Apr 20 15:32:25 2026] [::1]:61985 [200]: GET /wp-includes/js/dist/core-commands.min.js?ver=effe2d88d7f0c50a8ce9
[Mon Apr 20 15:32:25 2026] [::1]:61987 Accepted
[Mon Apr 20 15:32:25 2026] [::1]:61986 [200]: GET /wp-content/plugins/elementor/vendor/elementor/wp-one-package/assets/build/common.js?ver=71fc09ea1a9e23155639
[Mon Apr 20 15:32:25 2026] [::1]:61987 [200]: GET /wp-content/plugins/elementor/assets/js/editor-one-menu.min.js?ver=4.0.2
[Mon Apr 20 15:32:25 2026] [::1]:61984 Closing
[Mon Apr 20 15:32:25 2026] [::1]:61982 Closing
[Mon Apr 20 15:32:25 2026] [::1]:61985 Closing
[Mon Apr 20 15:32:25 2026] [::1]:61986 Closing
[Mon Apr 20 15:32:25 2026] [::1]:61988 Accepted
[Mon Apr 20 15:32:25 2026] [::1]:61987 Closing
[Mon Apr 20 15:32:25 2026] [::1]:61988 [200]: GET /wp-content/plugins/elementor/assets/js/import-export-admin.min.js?ver=4.0.2
[Mon Apr 20 15:32:25 2026] [::1]:61988 Closing
[Mon Apr 20 15:32:25 2026] [::1]:61989 Accepted
[Mon Apr 20 15:32:25 2026] [::1]:61990 Accepted
[Mon Apr 20 15:32:25 2026] [::1]:61989 [200]: GET /wp-content/plugins/elementor/assets/js/import-export-customization-admin.min.js?ver=4.0.2
[Mon Apr 20 15:32:25 2026] [::1]:61991 Accepted
[Mon Apr 20 15:32:25 2026] [::1]:61990 [200]: GET /wp-content/plugins/elementor/assets/js/admin-modules.min.js?ver=4.0.2
[Mon Apr 20 15:32:25 2026] [::1]:61992 Accepted
[Mon Apr 20 15:32:25 2026] [::1]:61991 [200]: GET /wp-content/plugins/elementor/assets/js/admin.min.js?ver=4.0.2
[Mon Apr 20 15:32:25 2026] [::1]:61989 Closing
[Mon Apr 20 15:32:25 2026] [::1]:61992 [200]: GET /wp-content/plugins/elementor/assets/js/media-hints.min.js?ver=4.0.2
[Mon Apr 20 15:32:25 2026] [::1]:61990 Closing
[Mon Apr 20 15:32:25 2026] [::1]:61991 Closing
[Mon Apr 20 15:32:25 2026] [::1]:61992 Closing
[Mon Apr 20 15:32:25 2026] [::1]:61993 Accepted
[Mon Apr 20 15:32:25 2026] [::1]:61993 [200]: GET /wp-includes/js/thickbox/loadingAnimation.gif
[Mon Apr 20 15:32:25 2026] [::1]:61993 Closing
[Mon Apr 20 15:32:28 2026] [::1]:61994 Accepted
[Mon Apr 20 15:32:28 2026] [::1]:61994 [200]: GET /wp-admin/nav-menus.php
[Mon Apr 20 15:32:28 2026] [::1]:61994 Closing
[Mon Apr 20 15:32:28 2026] [::1]:61995 Accepted
[Mon Apr 20 15:32:28 2026] [::1]:61996 Accepted
[Mon Apr 20 15:32:28 2026] [::1]:61995 [200]: GET /wp-content/plugins/elementor/vendor/elementor/wp-one-package/assets/build/common.css?ver=1.0.59
[Mon Apr 20 15:32:28 2026] [::1]:61997 Accepted
[Mon Apr 20 15:32:28 2026] [::1]:61996 [200]: GET /wp-content/plugins/elementor/assets/css/modules/editor-one/admin-menu.min.css?ver=4.0.2
[Mon Apr 20 15:32:28 2026] [::1]:61998 Accepted
[Mon Apr 20 15:32:28 2026] [::1]:61997 [200]: GET /wp-content/plugins/elementor/assets/lib/eicons/css/elementor-icons.min.css?ver=5.48.0
[Mon Apr 20 15:32:28 2026] [::1]:61999 Accepted
[Mon Apr 20 15:32:28 2026] [::1]:61995 Closing
[Mon Apr 20 15:32:28 2026] [::1]:61998 [200]: GET /wp-content/plugins/elementor/assets/css/common.min.css?ver=4.0.2
[Mon Apr 20 15:32:28 2026] [::1]:62000 Accepted
[Mon Apr 20 15:32:28 2026] [::1]:61996 Closing
[Mon Apr 20 15:32:28 2026] [::1]:61999 [200]: GET /wp-content/plugins/elementor/assets/css/theme-light.min.css?ver=4.0.2
[Mon Apr 20 15:32:28 2026] [::1]:62001 Accepted
[Mon Apr 20 15:32:28 2026] [::1]:62000 [200]: GET /wp-content/plugins/elementor/assets/css/admin.min.css?ver=4.0.2
[Mon Apr 20 15:32:28 2026] [::1]:61997 Closing
[Mon Apr 20 15:32:28 2026] [::1]:61998 Closing
[Mon Apr 20 15:32:28 2026] [::1]:61999 Closing
[Mon Apr 20 15:32:28 2026] [::1]:62002 Accepted
[Mon Apr 20 15:32:28 2026] [::1]:62000 Closing
[Mon Apr 20 15:32:28 2026] [::1]:62001 [200]: GET /wp-includes/js/thickbox/thickbox.css?ver=6.9.4
[Mon Apr 20 15:32:28 2026] [::1]:62001 Closing
[Mon Apr 20 15:32:28 2026] [::1]:62003 Accepted
[Mon Apr 20 15:32:28 2026] [::1]:62002 [200]: GET /wp-includes/js/dist/i18n.min.js?ver=c26c3dc7bed366793375
[Mon Apr 20 15:32:28 2026] [::1]:62002 Closing
[Mon Apr 20 15:32:28 2026] [::1]:62004 Accepted
[Mon Apr 20 15:32:28 2026] [::1]:62003 [200]: GET /wp-includes/js/dist/a11y.min.js?ver=cb460b4676c94bd228ed
[Mon Apr 20 15:32:28 2026] [::1]:62003 Closing
[Mon Apr 20 15:32:28 2026] [::1]:62005 Accepted
[Mon Apr 20 15:32:28 2026] [::1]:62004 [200]: GET /wp-includes/js/jquery/ui/core.min.js?ver=1.13.3
[Mon Apr 20 15:32:28 2026] [::1]:62004 Closing
[Mon Apr 20 15:32:28 2026] [::1]:62005 [200]: GET /wp-includes/js/jquery/ui/mouse.min.js?ver=1.13.3
[Mon Apr 20 15:32:28 2026] [::1]:62005 Closing
[Mon Apr 20 15:32:28 2026] [::1]:62006 Accepted
[Mon Apr 20 15:32:28 2026] [::1]:62006 [200]: GET /wp-includes/js/jquery/ui/sortable.min.js?ver=1.13.3
[Mon Apr 20 15:32:28 2026] [::1]:62007 Accepted
[Mon Apr 20 15:32:28 2026] [::1]:62006 Closing
[Mon Apr 20 15:32:28 2026] [::1]:62008 Accepted
[Mon Apr 20 15:32:28 2026] [::1]:62009 Accepted
[Mon Apr 20 15:32:28 2026] [::1]:62007 [200]: GET /wp-includes/js/jquery/ui/draggable.min.js?ver=1.13.3
[Mon Apr 20 15:32:28 2026] [::1]:62008 [200]: GET /wp-includes/js/jquery/ui/droppable.min.js?ver=1.13.3
[Mon Apr 20 15:32:28 2026] [::1]:62010 Accepted
[Mon Apr 20 15:32:28 2026] [::1]:62007 Closing
[Mon Apr 20 15:32:28 2026] [::1]:62011 Accepted
[Mon Apr 20 15:32:28 2026] [::1]:62008 Closing
[Mon Apr 20 15:32:28 2026] [::1]:62009 [200]: GET /wp-includes/js/wp-ajax-response.min.js?ver=6.9.4
[Mon Apr 20 15:32:28 2026] [::1]:62009 Closing
[Mon Apr 20 15:32:28 2026] [::1]:62010 [200]: GET /wp-includes/js/jquery/jquery.color.min.js?ver=3.0.0
[Mon Apr 20 15:32:28 2026] [::1]:62011 [200]: GET /wp-includes/js/wp-lists.min.js?ver=6.9.4
[Mon Apr 20 15:32:28 2026] [::1]:62012 Accepted
[Mon Apr 20 15:32:28 2026] [::1]:62010 Closing
[Mon Apr 20 15:32:28 2026] [::1]:62011 Closing
[Mon Apr 20 15:32:28 2026] [::1]:62012 [200]: GET /wp-admin/js/postbox.min.js?ver=6.9.4
[Mon Apr 20 15:32:28 2026] [::1]:62013 Accepted
[Mon Apr 20 15:32:28 2026] [::1]:62014 Accepted
[Mon Apr 20 15:32:28 2026] [::1]:62012 Closing
[Mon Apr 20 15:32:28 2026] [::1]:62013 [200]: GET /wp-includes/js/underscore.min.js?ver=1.13.7
[Mon Apr 20 15:32:28 2026] [::1]:62014 [200]: GET /wp-admin/js/nav-menu.min.js?ver=6.9.4
[Mon Apr 20 15:32:28 2026] [::1]:62013 Closing
[Mon Apr 20 15:32:28 2026] [::1]:62014 Closing
[Mon Apr 20 15:32:28 2026] [::1]:62015 Accepted
[Mon Apr 20 15:32:28 2026] [::1]:62015 [200]: GET /wp-admin/js/common.min.js?ver=6.9.4
[Mon Apr 20 15:32:28 2026] [::1]:62015 Closing
[Mon Apr 20 15:32:28 2026] [::1]:62016 Accepted
[Mon Apr 20 15:32:28 2026] [::1]:62017 Accepted
[Mon Apr 20 15:32:28 2026] [::1]:62016 [200]: GET /wp-includes/js/hoverintent-js.min.js?ver=2.2.1
[Mon Apr 20 15:32:28 2026] [::1]:62017 [200]: GET /wp-includes/js/admin-bar.min.js?ver=6.9.4
[Mon Apr 20 15:32:28 2026] [::1]:62016 Closing
[Mon Apr 20 15:32:28 2026] [::1]:62017 Closing
[Mon Apr 20 15:32:28 2026] [::1]:62018 Accepted
[Mon Apr 20 15:32:28 2026] [::1]:62018 [200]: GET /wp-admin/js/svg-painter.js?ver=6.9.4
[Mon Apr 20 15:32:28 2026] [::1]:62018 Closing
[Mon Apr 20 15:32:28 2026] [::1]:62019 Accepted
[Mon Apr 20 15:32:28 2026] [::1]:62020 Accepted
[Mon Apr 20 15:32:28 2026] [::1]:62019 [200]: GET /wp-includes/js/backbone.min.js?ver=1.6.0
[Mon Apr 20 15:32:28 2026] [::1]:62021 Accepted
[Mon Apr 20 15:32:28 2026] [::1]:62020 [200]: GET /wp-content/plugins/elementor/assets/lib/backbone/backbone.marionette.min.js?ver=2.4.5.e1
[Mon Apr 20 15:32:28 2026] [::1]:62022 Accepted
[Mon Apr 20 15:32:28 2026] [::1]:62021 [200]: GET /wp-content/plugins/elementor/assets/lib/backbone/backbone.radio.min.js?ver=1.0.4
[Mon Apr 20 15:32:28 2026] [::1]:62023 Accepted
[Mon Apr 20 15:32:28 2026] [::1]:62019 Closing
[Mon Apr 20 15:32:28 2026] [::1]:62022 [200]: GET /wp-content/plugins/elementor/assets/js/common-modules.min.js?ver=4.0.2
[Mon Apr 20 15:32:28 2026] [::1]:62020 Closing
[Mon Apr 20 15:32:28 2026] [::1]:62021 Closing
[Mon Apr 20 15:32:28 2026] [::1]:62023 [200]: GET /wp-content/plugins/elementor/assets/js/web-cli.min.js?ver=4.0.2
[Mon Apr 20 15:32:28 2026] [::1]:62022 Closing
[Mon Apr 20 15:32:28 2026] [::1]:62023 Closing
[Mon Apr 20 15:32:28 2026] [::1]:62024 Accepted
[Mon Apr 20 15:32:28 2026] [::1]:62024 [200]: GET /wp-content/plugins/elementor/assets/lib/dialog/dialog.min.js?ver=4.9.0
[Mon Apr 20 15:32:28 2026] [::1]:62024 Closing
[Mon Apr 20 15:32:28 2026] [::1]:62025 Accepted
[Mon Apr 20 15:32:28 2026] [::1]:62026 Accepted
[Mon Apr 20 15:32:28 2026] [::1]:62025 [200]: GET /wp-includes/js/api-request.min.js?ver=6.9.4
[Mon Apr 20 15:32:28 2026] [::1]:62027 Accepted
[Mon Apr 20 15:32:28 2026] [::1]:62026 [200]: GET /wp-content/plugins/elementor/assets/js/dev-tools.min.js?ver=4.0.2
[Mon Apr 20 15:32:28 2026] [::1]:62025 Closing
[Mon Apr 20 15:32:28 2026] [::1]:62026 Closing
[Mon Apr 20 15:32:28 2026] [::1]:62027 [200]: GET /wp-content/plugins/elementor/assets/js/common.min.js?ver=4.0.2
[Mon Apr 20 15:32:28 2026] [::1]:62028 Accepted
[Mon Apr 20 15:32:28 2026] [::1]:62027 Closing
[Mon Apr 20 15:32:28 2026] [::1]:62029 Accepted
[Mon Apr 20 15:32:28 2026] [::1]:62028 [200]: GET /wp-content/plugins/elementor/assets/js/app-loader.min.js?ver=4.0.2
[Mon Apr 20 15:32:28 2026] [::1]:62028 Closing
[Mon Apr 20 15:32:28 2026] [::1]:62029 [200]: GET /wp-includes/js/heartbeat.min.js?ver=6.9.4
[Mon Apr 20 15:32:28 2026] [::1]:62029 Closing
[Mon Apr 20 15:32:28 2026] [::1]:62030 Accepted
[Mon Apr 20 15:32:28 2026] [::1]:62030 [200]: GET /wp-admin/images/spinner-2x.gif
[Mon Apr 20 15:32:28 2026] [::1]:62030 Closing
[Mon Apr 20 15:32:28 2026] [::1]:62031 Accepted
[Mon Apr 20 15:32:28 2026] [::1]:62031 [200]: GET /wp-includes/js/wp-auth-check.min.js?ver=6.9.4
[Mon Apr 20 15:32:28 2026] [::1]:62032 Accepted
[Mon Apr 20 15:32:28 2026] [::1]:62033 Accepted
[Mon Apr 20 15:32:28 2026] [::1]:62032 [200]: GET /wp-includes/js/dist/vendor/react.min.js?ver=18.3.1.1
[Mon Apr 20 15:32:28 2026] [::1]:62034 Accepted
[Mon Apr 20 15:32:28 2026] [::1]:62031 Closing
[Mon Apr 20 15:32:28 2026] [::1]:62033 [200]: GET /wp-includes/js/dist/vendor/react-dom.min.js?ver=18.3.1.1
[Mon Apr 20 15:32:28 2026] [::1]:62032 Closing
[Mon Apr 20 15:32:28 2026] [::1]:62033 Closing
[Mon Apr 20 15:32:28 2026] [::1]:62034 [200]: GET /wp-includes/js/dist/vendor/react-jsx-runtime.min.js?ver=18.3.1
[Mon Apr 20 15:32:28 2026] [::1]:62035 Accepted
[Mon Apr 20 15:32:28 2026] [::1]:62034 Closing
[Mon Apr 20 15:32:28 2026] [::1]:62035 [200]: GET /wp-includes/js/dist/deprecated.min.js?ver=e1f84915c5e8ae38964c
[Mon Apr 20 15:32:28 2026] [::1]:62035 Closing
[Mon Apr 20 15:32:29 2026] [::1]:62036 Accepted
[Mon Apr 20 15:32:29 2026] [::1]:62036 [200]: GET /wp-includes/js/dist/dom.min.js?ver=26edef3be6483da3de2e
[Mon Apr 20 15:32:29 2026] [::1]:62037 Accepted
[Mon Apr 20 15:32:29 2026] [::1]:62038 Accepted
[Mon Apr 20 15:32:29 2026] [::1]:62037 [200]: GET /wp-includes/js/dist/escape-html.min.js?ver=6561a406d2d232a6fbd2
[Mon Apr 20 15:32:29 2026] [::1]:62039 Accepted
[Mon Apr 20 15:32:29 2026] [::1]:62036 Closing
[Mon Apr 20 15:32:29 2026] [::1]:62038 [200]: GET /wp-includes/js/dist/element.min.js?ver=6a582b0c827fa25df3dd
[Mon Apr 20 15:32:29 2026] [::1]:62040 Accepted
[Mon Apr 20 15:32:29 2026] [::1]:62039 [200]: GET /wp-includes/js/dist/is-shallow-equal.min.js?ver=e0f9f1d78d83f5196979
[Mon Apr 20 15:32:29 2026] [::1]:62041 Accepted
[Mon Apr 20 15:32:29 2026] [::1]:62040 [200]: GET /wp-includes/js/dist/keycodes.min.js?ver=34c8fb5e7a594a1c8037
[Mon Apr 20 15:32:29 2026] [::1]:62037 Closing
[Mon Apr 20 15:32:29 2026] [::1]:62038 Closing
[Mon Apr 20 15:32:29 2026] [::1]:62041 [200]: GET /wp-includes/js/dist/priority-queue.min.js?ver=2d59d091223ee9a33838
[Mon Apr 20 15:32:29 2026] [::1]:62039 Closing
[Mon Apr 20 15:32:29 2026] [::1]:62040 Closing
[Mon Apr 20 15:32:29 2026] [::1]:62041 Closing
[Mon Apr 20 15:32:29 2026] [::1]:62042 Accepted
[Mon Apr 20 15:32:29 2026] [::1]:62042 [200]: GET /wp-includes/js/dist/compose.min.js?ver=7a9b375d8c19cf9d3d9b
[Mon Apr 20 15:32:29 2026] [::1]:62042 Closing
[Mon Apr 20 15:32:29 2026] [::1]:62043 Accepted
[Mon Apr 20 15:32:29 2026] [::1]:62044 Accepted
[Mon Apr 20 15:32:29 2026] [::1]:62043 [200]: GET /wp-includes/js/dist/vendor/moment.min.js?ver=2.30.1
[Mon Apr 20 15:32:29 2026] [::1]:62045 Accepted
[Mon Apr 20 15:32:29 2026] [::1]:62044 [200]: GET /wp-includes/js/dist/date.min.js?ver=795a56839718d3ff7eae
[Mon Apr 20 15:32:29 2026] [::1]:62046 Accepted
[Mon Apr 20 15:32:29 2026] [::1]:62045 [200]: GET /wp-includes/js/dist/html-entities.min.js?ver=e8b78b18a162491d5e5f
[Mon Apr 20 15:32:29 2026] [::1]:62047 Accepted
[Mon Apr 20 15:32:29 2026] [::1]:62043 Closing
[Mon Apr 20 15:32:29 2026] [::1]:62046 [200]: GET /wp-includes/js/dist/primitives.min.js?ver=0b5dcc337aa7cbf75570
[Mon Apr 20 15:32:29 2026] [::1]:62047 [200]: GET /wp-includes/js/dist/private-apis.min.js?ver=4f465748bda624774139
[Mon Apr 20 15:32:29 2026] [::1]:62045 Closing
[Mon Apr 20 15:32:29 2026] [::1]:62046 Closing
[Mon Apr 20 15:32:29 2026] [::1]:62048 Accepted
[Mon Apr 20 15:32:29 2026] [::1]:62047 Closing
[Mon Apr 20 15:32:29 2026] [::1]:62049 Accepted
[Mon Apr 20 15:32:29 2026] [::1]:62048 [200]: GET /wp-includes/js/dist/redux-routine.min.js?ver=8bb92d45458b29590f53
[Mon Apr 20 15:32:29 2026] [::1]:62044 Closing
[Mon Apr 20 15:32:29 2026] [::1]:62049 [200]: GET /wp-includes/js/dist/data.min.js?ver=f940198280891b0b6318
[Mon Apr 20 15:32:29 2026] [::1]:62048 Closing
[Mon Apr 20 15:32:29 2026] [::1]:62049 Closing
[Mon Apr 20 15:32:29 2026] [::1]:62050 Accepted
[Mon Apr 20 15:32:29 2026] [::1]:62050 [200]: GET /wp-includes/js/dist/rich-text.min.js?ver=5bdbb44f3039529e3645
[Mon Apr 20 15:32:29 2026] [::1]:62051 Accepted
[Mon Apr 20 15:32:29 2026] [::1]:62052 Accepted
[Mon Apr 20 15:32:29 2026] [::1]:62050 Closing
[Mon Apr 20 15:32:29 2026] [::1]:62051 [200]: GET /wp-includes/js/dist/warning.min.js?ver=d69bc18c456d01c11d5a
[Mon Apr 20 15:32:29 2026] [::1]:62051 Closing
[Mon Apr 20 15:32:29 2026] [::1]:62053 Accepted
[Mon Apr 20 15:32:29 2026] [::1]:62052 [200]: GET /wp-includes/js/dist/components.min.js?ver=0d72a218dfea8f6f442f
[Mon Apr 20 15:32:29 2026] [::1]:62054 Accepted
[Mon Apr 20 15:32:29 2026] [::1]:62053 [200]: GET /wp-includes/js/dist/keyboard-shortcuts.min.js?ver=fbc45a34ce65c5723afa
[Mon Apr 20 15:32:29 2026] [::1]:62055 Accepted
[Mon Apr 20 15:32:29 2026] [::1]:62054 [200]: GET /wp-includes/js/dist/commands.min.js?ver=cac8f4817ab7cea0ac49
[Mon Apr 20 15:32:29 2026] [::1]:62055 [200]: GET /wp-includes/js/dist/url.min.js?ver=9e178c9516d1222dc834
[Mon Apr 20 15:32:29 2026] [::1]:62053 Closing
[Mon Apr 20 15:32:29 2026] [::1]:62054 Closing
[Mon Apr 20 15:32:29 2026] [::1]:62055 Closing
[Mon Apr 20 15:32:29 2026] [::1]:62052 Closing
[Mon Apr 20 15:32:29 2026] [::1]:62056 Accepted
[Mon Apr 20 15:32:29 2026] [::1]:62056 [200]: GET /wp-includes/js/dist/api-fetch.min.js?ver=3a4d9af2b423048b0dee
[Mon Apr 20 15:32:29 2026] [::1]:62056 Closing
[Mon Apr 20 15:32:29 2026] [::1]:62057 Accepted
[Mon Apr 20 15:32:29 2026] [::1]:62057 [200]: GET /wp-includes/js/dist/blob.min.js?ver=9113eed771d446f4a556
[Mon Apr 20 15:32:29 2026] [::1]:62057 Closing
[Mon Apr 20 15:32:29 2026] [::1]:62058 Accepted
[Mon Apr 20 15:32:29 2026] [::1]:62058 [200]: GET /wp-includes/js/dist/block-serialization-default-parser.min.js?ver=14d44daebf663d05d330
[Mon Apr 20 15:32:29 2026] [::1]:62058 Closing
[Mon Apr 20 15:32:29 2026] [::1]:62059 Accepted
[Mon Apr 20 15:32:29 2026] [::1]:62059 [200]: GET /wp-includes/js/dist/autop.min.js?ver=9fb50649848277dd318d
[Mon Apr 20 15:32:29 2026] [::1]:62059 Closing
[Mon Apr 20 15:32:29 2026] [::1]:62060 Accepted
[Mon Apr 20 15:32:29 2026] [::1]:62061 Accepted
[Mon Apr 20 15:32:29 2026] [::1]:62060 [200]: GET /wp-includes/js/dist/shortcode.min.js?ver=0b3174183b858f2df320
[Mon Apr 20 15:32:29 2026] [::1]:62062 Accepted
[Mon Apr 20 15:32:29 2026] [::1]:62061 [200]: GET /wp-includes/js/dist/blocks.min.js?ver=57eca4d23daac7159d88
[Mon Apr 20 15:32:29 2026] [::1]:62060 Closing
[Mon Apr 20 15:32:29 2026] [::1]:62061 Closing
[Mon Apr 20 15:32:29 2026] [::1]:62062 [200]: GET /wp-includes/js/dist/notices.min.js?ver=f62fbf15dcc23301922f
[Mon Apr 20 15:32:29 2026] [::1]:62063 Accepted
[Mon Apr 20 15:32:29 2026] [::1]:62062 Closing
[Mon Apr 20 15:32:29 2026] [::1]:62063 [200]: GET /wp-includes/js/dist/preferences-persistence.min.js?ver=e954d3a4426d311f7d1a
[Mon Apr 20 15:32:29 2026] [::1]:62064 Accepted
[Mon Apr 20 15:32:29 2026] [::1]:62064 [200]: GET /wp-includes/js/dist/preferences.min.js?ver=2ca086aed510c242a1ed
[Mon Apr 20 15:32:29 2026] [::1]:62063 Closing
[Mon Apr 20 15:32:29 2026] [::1]:62064 Closing
[Mon Apr 20 15:32:29 2026] [::1]:62065 Accepted
[Mon Apr 20 15:32:29 2026] [::1]:62066 Accepted
[Mon Apr 20 15:32:29 2026] [::1]:62065 [200]: GET /wp-includes/js/dist/style-engine.min.js?ver=7c6fcedc37dadafb8a81
[Mon Apr 20 15:32:29 2026] [::1]:62067 Accepted
[Mon Apr 20 15:32:29 2026] [::1]:62065 Closing
[Mon Apr 20 15:32:29 2026] [::1]:62066 [200]: GET /wp-includes/js/dist/token-list.min.js?ver=cfdf635a436c3953a965
[Mon Apr 20 15:32:29 2026] [::1]:62067 [200]: GET /wp-includes/js/dist/block-editor.min.js?ver=addf558a422e2ee57920
[Mon Apr 20 15:32:29 2026] [::1]:62066 Closing
[Mon Apr 20 15:32:29 2026] [::1]:62068 Accepted
[Mon Apr 20 15:32:29 2026] [::1]:62069 Accepted
[Mon Apr 20 15:32:29 2026] [::1]:62070 Accepted
[Mon Apr 20 15:32:29 2026] [::1]:62068 [200]: GET /wp-includes/js/dist/core-data.min.js?ver=15baadfe6e1374188072
[Mon Apr 20 15:32:29 2026] [::1]:62069 [200]: GET /wp-includes/js/dist/router.min.js?ver=2dfc4b954318a03e6a76
[Mon Apr 20 15:32:29 2026] [::1]:62070 [200]: GET /wp-includes/js/dist/core-commands.min.js?ver=effe2d88d7f0c50a8ce9
[Mon Apr 20 15:32:29 2026] [::1]:62071 Accepted
[Mon Apr 20 15:32:29 2026] [::1]:62068 Closing
[Mon Apr 20 15:32:29 2026] [::1]:62069 Closing
[Mon Apr 20 15:32:29 2026] [::1]:62072 Accepted
[Mon Apr 20 15:32:29 2026] [::1]:62070 Closing
[Mon Apr 20 15:32:29 2026] [::1]:62071 [200]: GET /wp-content/plugins/elementor/vendor/elementor/wp-one-package/assets/build/common.js?ver=71fc09ea1a9e23155639
[Mon Apr 20 15:32:29 2026] [::1]:62072 [200]: GET /wp-content/plugins/elementor/assets/js/editor-one-menu.min.js?ver=4.0.2
[Mon Apr 20 15:32:29 2026] [::1]:62067 Closing
[Mon Apr 20 15:32:29 2026] [::1]:62071 Closing
[Mon Apr 20 15:32:29 2026] [::1]:62072 Closing
[Mon Apr 20 15:32:29 2026] [::1]:62073 Accepted
[Mon Apr 20 15:32:29 2026] [::1]:62074 Accepted
[Mon Apr 20 15:32:29 2026] [::1]:62073 [200]: GET /wp-content/plugins/elementor/assets/js/import-export-admin.min.js?ver=4.0.2
[Mon Apr 20 15:32:29 2026] [::1]:62075 Accepted
[Mon Apr 20 15:32:29 2026] [::1]:62074 [200]: GET /wp-content/plugins/elementor/assets/js/import-export-customization-admin.min.js?ver=4.0.2
[Mon Apr 20 15:32:29 2026] [::1]:62073 Closing
[Mon Apr 20 15:32:29 2026] [::1]:62074 Closing
[Mon Apr 20 15:32:29 2026] [::1]:62075 [200]: GET /wp-content/plugins/elementor/assets/js/admin-modules.min.js?ver=4.0.2
[Mon Apr 20 15:32:29 2026] [::1]:62075 Closing
[Mon Apr 20 15:32:29 2026] [::1]:62076 Accepted
[Mon Apr 20 15:32:29 2026] [::1]:62076 [200]: GET /wp-content/plugins/elementor/assets/js/admin.min.js?ver=4.0.2
[Mon Apr 20 15:32:29 2026] [::1]:62076 Closing
[Mon Apr 20 15:32:29 2026] [::1]:62077 Accepted
[Mon Apr 20 15:32:29 2026] [::1]:62077 [200]: GET /wp-content/plugins/elementor/assets/js/media-hints.min.js?ver=4.0.2
[Mon Apr 20 15:32:29 2026] [::1]:62077 Closing
[Mon Apr 20 15:32:29 2026] [::1]:62078 Accepted
[Mon Apr 20 15:32:29 2026] [::1]:62079 Accepted
[Mon Apr 20 15:32:29 2026] [::1]:62078 [200]: GET /wp-includes/js/thickbox/thickbox.js?ver=3.1-20121105
[Mon Apr 20 15:32:29 2026] [::1]:62079 [200]: GET /wp-admin/js/accordion.min.js?ver=6.9.4
[Mon Apr 20 15:32:29 2026] [::1]:62078 Closing
[Mon Apr 20 15:32:29 2026] [::1]:62079 Closing
[Mon Apr 20 15:32:29 2026] [::1]:62080 Accepted
[Mon Apr 20 15:32:29 2026] [::1]:62080 [200]: GET /wp-includes/js/thickbox/loadingAnimation.gif
[Mon Apr 20 15:32:29 2026] [::1]:62080 Closing
[Mon Apr 20 15:32:31 2026] [::1]:62081 Accepted
[Mon Apr 20 15:32:39 2026] [::1]:62081 [200]: GET /wp-admin/edit.php?post_type=page
[Mon Apr 20 15:32:39 2026] [::1]:62081 Closing
[Mon Apr 20 15:32:39 2026] [::1]:62084 Accepted
[Mon Apr 20 15:32:39 2026] [::1]:62085 Accepted
[Mon Apr 20 15:32:39 2026] [::1]:62084 [200]: GET /wp-content/plugins/elementor/vendor/elementor/wp-one-package/assets/build/common.css?ver=1.0.59
[Mon Apr 20 15:32:39 2026] [::1]:62086 Accepted
[Mon Apr 20 15:32:39 2026] [::1]:62085 [200]: GET /wp-content/plugins/elementor/assets/css/modules/editor-one/admin-menu.min.css?ver=4.0.2
[Mon Apr 20 15:32:39 2026] [::1]:62086 [200]: GET /wp-content/plugins/elementor/assets/lib/eicons/css/elementor-icons.min.css?ver=5.48.0
[Mon Apr 20 15:32:39 2026] [::1]:62084 Closing
[Mon Apr 20 15:32:39 2026] [::1]:62085 Closing
[Mon Apr 20 15:32:39 2026] [::1]:62086 Closing
[Mon Apr 20 15:32:39 2026] [::1]:62087 Accepted
[Mon Apr 20 15:32:39 2026] [::1]:62087 [200]: GET /wp-content/plugins/elementor/assets/css/common.min.css?ver=4.0.2
[Mon Apr 20 15:32:39 2026] [::1]:62088 Accepted
[Mon Apr 20 15:32:39 2026] [::1]:62088 [200]: GET /wp-content/plugins/elementor/assets/css/theme-light.min.css?ver=4.0.2
[Mon Apr 20 15:32:39 2026] [::1]:62087 Closing
[Mon Apr 20 15:32:39 2026] [::1]:62088 Closing
[Mon Apr 20 15:32:39 2026] [::1]:62089 Accepted
[Mon Apr 20 15:32:39 2026] [::1]:62089 [200]: GET /wp-content/plugins/elementor/assets/css/admin.min.css?ver=4.0.2
[Mon Apr 20 15:32:39 2026] [::1]:62089 Closing
[Mon Apr 20 15:32:39 2026] [::1]:62090 Accepted
[Mon Apr 20 15:32:39 2026] [::1]:62090 [200]: GET /wp-includes/js/thickbox/thickbox.css?ver=6.9.4
[Mon Apr 20 15:32:39 2026] [::1]:62090 Closing
[Mon Apr 20 15:32:39 2026] [::1]:62091 Accepted
[Mon Apr 20 15:32:39 2026] [::1]:62091 [200]: GET /wp-includes/js/dist/i18n.min.js?ver=c26c3dc7bed366793375
[Mon Apr 20 15:32:39 2026] [::1]:62091 Closing
[Mon Apr 20 15:32:39 2026] [::1]:62092 Accepted
[Mon Apr 20 15:32:39 2026] [::1]:62093 Accepted
[Mon Apr 20 15:32:39 2026] [::1]:62092 [200]: GET /wp-includes/js/dist/a11y.min.js?ver=cb460b4676c94bd228ed
[Mon Apr 20 15:32:39 2026] [::1]:62093 [200]: GET /wp-admin/js/common.min.js?ver=6.9.4
[Mon Apr 20 15:32:39 2026] [::1]:62092 Closing
[Mon Apr 20 15:32:39 2026] [::1]:62093 Closing
[Mon Apr 20 15:32:39 2026] [::1]:62094 Accepted
[Mon Apr 20 15:32:39 2026] [::1]:62094 [200]: GET /wp-includes/js/hoverintent-js.min.js?ver=2.2.1
[Mon Apr 20 15:32:39 2026] [::1]:62094 Closing
[Mon Apr 20 15:32:39 2026] [::1]:62095 Accepted
[Mon Apr 20 15:32:39 2026] [::1]:62096 Accepted
[Mon Apr 20 15:32:39 2026] [::1]:62097 Accepted
[Mon Apr 20 15:32:39 2026] [::1]:62095 [200]: GET /wp-includes/js/admin-bar.min.js?ver=6.9.4
[Mon Apr 20 15:32:39 2026] [::1]:62096 [200]: GET /wp-includes/js/jquery/ui/core.min.js?ver=1.13.3
[Mon Apr 20 15:32:39 2026] [::1]:62097 [200]: GET /wp-includes/js/jquery/ui/menu.min.js?ver=1.13.3
[Mon Apr 20 15:32:39 2026] [::1]:62095 Closing
[Mon Apr 20 15:32:39 2026] [::1]:62096 Closing
[Mon Apr 20 15:32:39 2026] [::1]:62097 Closing
[Mon Apr 20 15:32:39 2026] [::1]:62098 Accepted
[Mon Apr 20 15:32:39 2026] [::1]:62098 [200]: GET /wp-includes/js/jquery/ui/autocomplete.min.js?ver=1.13.3
[Mon Apr 20 15:32:39 2026] [::1]:62099 Accepted
[Mon Apr 20 15:32:39 2026] [::1]:62098 Closing
[Mon Apr 20 15:32:39 2026] [::1]:62099 [200]: GET /wp-admin/js/tags-suggest.min.js?ver=6.9.4
[Mon Apr 20 15:32:39 2026] [::1]:62100 Accepted
[Mon Apr 20 15:32:39 2026] [::1]:62099 Closing
[Mon Apr 20 15:32:39 2026] [::1]:62100 [200]: GET /wp-admin/js/inline-edit-post.min.js?ver=6.9.4
[Mon Apr 20 15:32:39 2026] [::1]:62100 Closing
[Mon Apr 20 15:32:39 2026] [::1]:62101 Accepted
[Mon Apr 20 15:32:39 2026] [::1]:62101 [200]: GET /wp-includes/js/heartbeat.min.js?ver=6.9.4
[Mon Apr 20 15:32:39 2026] [::1]:62101 Closing
[Mon Apr 20 15:32:39 2026] [::1]:62102 Accepted
[Mon Apr 20 15:32:39 2026] [::1]:62102 [200]: GET /wp-admin/js/svg-painter.js?ver=6.9.4
[Mon Apr 20 15:32:39 2026] [::1]:62102 Closing
[Mon Apr 20 15:32:39 2026] [::1]:62103 Accepted
[Mon Apr 20 15:32:39 2026] [::1]:62104 Accepted
[Mon Apr 20 15:32:39 2026] [::1]:62103 [200]: GET /wp-includes/js/jquery/ui/mouse.min.js?ver=1.13.3
[Mon Apr 20 15:32:39 2026] [::1]:62104 [200]: GET /wp-includes/js/jquery/ui/draggable.min.js?ver=1.13.3
[Mon Apr 20 15:32:39 2026] [::1]:62103 Closing
[Mon Apr 20 15:32:39 2026] [::1]:62104 Closing
[Mon Apr 20 15:32:39 2026] [::1]:62105 Accepted
[Mon Apr 20 15:32:39 2026] [::1]:62105 [200]: GET /wp-includes/js/underscore.min.js?ver=1.13.7
[Mon Apr 20 15:32:39 2026] [::1]:62106 Accepted
[Mon Apr 20 15:32:39 2026] [::1]:62105 Closing
[Mon Apr 20 15:32:39 2026] [::1]:62107 Accepted
[Mon Apr 20 15:32:39 2026] [::1]:62106 [200]: GET /wp-includes/js/backbone.min.js?ver=1.6.0
[Mon Apr 20 15:32:39 2026] [::1]:62107 [200]: GET /wp-content/plugins/elementor/assets/lib/backbone/backbone.marionette.min.js?ver=2.4.5.e1
[Mon Apr 20 15:32:39 2026] [::1]:62106 Closing
[Mon Apr 20 15:32:39 2026] [::1]:62107 Closing
[Mon Apr 20 15:32:39 2026] [::1]:62108 Accepted
[Mon Apr 20 15:32:39 2026] [::1]:62108 [200]: GET /wp-content/plugins/elementor/assets/lib/backbone/backbone.radio.min.js?ver=1.0.4
[Mon Apr 20 15:32:39 2026] [::1]:62109 Accepted
[Mon Apr 20 15:32:39 2026] [::1]:62109 [200]: GET /wp-content/plugins/elementor/assets/js/common-modules.min.js?ver=4.0.2
[Mon Apr 20 15:32:39 2026] [::1]:62108 Closing
[Mon Apr 20 15:32:39 2026] [::1]:62109 Closing
[Mon Apr 20 15:32:39 2026] [::1]:62110 Accepted
[Mon Apr 20 15:32:39 2026] [::1]:62110 [200]: GET /wp-content/plugins/elementor/assets/js/web-cli.min.js?ver=4.0.2
[Mon Apr 20 15:32:39 2026] [::1]:62110 Closing
[Mon Apr 20 15:32:39 2026] [::1]:62111 Accepted
[Mon Apr 20 15:32:39 2026] [::1]:62111 [200]: GET /wp-content/plugins/elementor/assets/lib/dialog/dialog.min.js?ver=4.9.0
[Mon Apr 20 15:32:39 2026] [::1]:62111 Closing
[Mon Apr 20 15:32:39 2026] [::1]:62112 Accepted
[Mon Apr 20 15:32:39 2026] [::1]:62112 [200]: GET /wp-includes/js/api-request.min.js?ver=6.9.4
[Mon Apr 20 15:32:39 2026] [::1]:62112 Closing
[Mon Apr 20 15:32:39 2026] [::1]:62113 Accepted
[Mon Apr 20 15:32:39 2026] [::1]:62113 [200]: GET /wp-content/plugins/elementor/assets/js/dev-tools.min.js?ver=4.0.2
[Mon Apr 20 15:32:39 2026] [::1]:62114 Accepted
[Mon Apr 20 15:32:39 2026] [::1]:62115 Accepted
[Mon Apr 20 15:32:39 2026] [::1]:62113 Closing
[Mon Apr 20 15:32:39 2026] [::1]:62114 [200]: GET /wp-content/plugins/elementor/assets/js/common.min.js?ver=4.0.2
[Mon Apr 20 15:32:39 2026] [::1]:62115 [200]: GET /wp-content/plugins/elementor/assets/js/app-loader.min.js?ver=4.0.2
[Mon Apr 20 15:32:39 2026] [::1]:62115 Closing
[Mon Apr 20 15:32:39 2026] [::1]:62114 Closing
[Mon Apr 20 15:32:39 2026] [::1]:62116 Accepted
[Mon Apr 20 15:32:39 2026] [::1]:62117 Accepted
[Mon Apr 20 15:32:39 2026] [::1]:62116 [200]: GET /wp-includes/js/wp-auth-check.min.js?ver=6.9.4
[Mon Apr 20 15:32:39 2026] [::1]:62117 [200]: GET /wp-includes/js/dist/vendor/react.min.js?ver=18.3.1.1
[Mon Apr 20 15:32:39 2026] [::1]:62116 Closing
[Mon Apr 20 15:32:39 2026] [::1]:62117 Closing
[Mon Apr 20 15:32:39 2026] [::1]:62118 Accepted
[Mon Apr 20 15:32:39 2026] [::1]:62118 [200]: GET /wp-includes/js/dist/vendor/react-dom.min.js?ver=18.3.1.1
[Mon Apr 20 15:32:39 2026] [::1]:62118 Closing
[Mon Apr 20 15:32:39 2026] [::1]:62119 Accepted
[Mon Apr 20 15:32:39 2026] [::1]:62120 Accepted
[Mon Apr 20 15:32:39 2026] [::1]:62119 [200]: GET /wp-includes/js/dist/vendor/react-jsx-runtime.min.js?ver=18.3.1
[Mon Apr 20 15:32:39 2026] [::1]:62121 Accepted
[Mon Apr 20 15:32:39 2026] [::1]:62120 [200]: GET /wp-includes/js/dist/deprecated.min.js?ver=e1f84915c5e8ae38964c
[Mon Apr 20 15:32:39 2026] [::1]:62121 [200]: GET /wp-includes/js/dist/dom.min.js?ver=26edef3be6483da3de2e
[Mon Apr 20 15:32:39 2026] [::1]:62119 Closing
[Mon Apr 20 15:32:39 2026] [::1]:62120 Closing
[Mon Apr 20 15:32:39 2026] [::1]:62121 Closing
[Mon Apr 20 15:32:39 2026] [::1]:62122 Accepted
[Mon Apr 20 15:32:39 2026] [::1]:62123 Accepted
[Mon Apr 20 15:32:39 2026] [::1]:62122 [200]: GET /wp-includes/js/dist/escape-html.min.js?ver=6561a406d2d232a6fbd2
[Mon Apr 20 15:32:39 2026] [::1]:62122 Closing
[Mon Apr 20 15:32:39 2026] [::1]:62123 [200]: GET /wp-includes/js/dist/element.min.js?ver=6a582b0c827fa25df3dd
[Mon Apr 20 15:32:39 2026] [::1]:62124 Accepted
[Mon Apr 20 15:32:39 2026] [::1]:62124 [200]: GET /wp-includes/js/dist/is-shallow-equal.min.js?ver=e0f9f1d78d83f5196979
[Mon Apr 20 15:32:39 2026] [::1]:62123 Closing
[Mon Apr 20 15:32:39 2026] [::1]:62124 Closing
[Mon Apr 20 15:32:39 2026] [::1]:62125 Accepted
[Mon Apr 20 15:32:39 2026] [::1]:62125 [200]: GET /wp-includes/js/dist/keycodes.min.js?ver=34c8fb5e7a594a1c8037
[Mon Apr 20 15:32:39 2026] [::1]:62126 Accepted
[Mon Apr 20 15:32:39 2026] [::1]:62125 Closing
[Mon Apr 20 15:32:39 2026] [::1]:62127 Accepted
[Mon Apr 20 15:32:39 2026] [::1]:62126 [200]: GET /wp-includes/js/dist/priority-queue.min.js?ver=2d59d091223ee9a33838
[Mon Apr 20 15:32:39 2026] [::1]:62127 [200]: GET /wp-includes/js/dist/compose.min.js?ver=7a9b375d8c19cf9d3d9b
[Mon Apr 20 15:32:39 2026] [::1]:62126 Closing
[Mon Apr 20 15:32:39 2026] [::1]:62127 Closing
[Mon Apr 20 15:32:39 2026] [::1]:62128 Accepted
[Mon Apr 20 15:32:39 2026] [::1]:62128 [200]: GET /wp-includes/js/dist/vendor/moment.min.js?ver=2.30.1
[Mon Apr 20 15:32:39 2026] [::1]:62128 Closing
[Mon Apr 20 15:32:39 2026] [::1]:62129 Accepted
[Mon Apr 20 15:32:39 2026] [::1]:62129 [200]: GET /wp-includes/js/dist/date.min.js?ver=795a56839718d3ff7eae
[Mon Apr 20 15:32:39 2026] [::1]:62130 Accepted
[Mon Apr 20 15:32:39 2026] [::1]:62130 [200]: GET /wp-includes/js/dist/html-entities.min.js?ver=e8b78b18a162491d5e5f
[Mon Apr 20 15:32:39 2026] [::1]:62130 Closing
[Mon Apr 20 15:32:39 2026] [::1]:62131 Accepted
[Mon Apr 20 15:32:39 2026] [::1]:62129 Closing
[Mon Apr 20 15:32:39 2026] [::1]:62131 [200]: GET /wp-includes/js/dist/primitives.min.js?ver=0b5dcc337aa7cbf75570
[Mon Apr 20 15:32:39 2026] [::1]:62131 Closing
[Mon Apr 20 15:32:39 2026] [::1]:62132 Accepted
[Mon Apr 20 15:32:39 2026] [::1]:62132 [200]: GET /wp-includes/js/dist/private-apis.min.js?ver=4f465748bda624774139
[Mon Apr 20 15:32:39 2026] [::1]:62132 Closing
[Mon Apr 20 15:32:39 2026] [::1]:62133 Accepted
[Mon Apr 20 15:32:39 2026] [::1]:62133 [200]: GET /wp-includes/js/dist/redux-routine.min.js?ver=8bb92d45458b29590f53
[Mon Apr 20 15:32:39 2026] [::1]:62134 Accepted
[Mon Apr 20 15:32:39 2026] [::1]:62133 Closing
[Mon Apr 20 15:32:39 2026] [::1]:62134 [200]: GET /wp-includes/js/dist/data.min.js?ver=f940198280891b0b6318
[Mon Apr 20 15:32:39 2026] [::1]:62135 Accepted
[Mon Apr 20 15:32:39 2026] [::1]:62134 Closing
[Mon Apr 20 15:32:39 2026] [::1]:62136 Accepted
[Mon Apr 20 15:32:39 2026] [::1]:62135 [200]: GET /wp-includes/js/dist/rich-text.min.js?ver=5bdbb44f3039529e3645
[Mon Apr 20 15:32:39 2026] [::1]:62136 [200]: GET /wp-includes/js/dist/warning.min.js?ver=d69bc18c456d01c11d5a
[Mon Apr 20 15:32:39 2026] [::1]:62135 Closing
[Mon Apr 20 15:32:39 2026] [::1]:62136 Closing
[Mon Apr 20 15:32:39 2026] [::1]:62137 Accepted
[Mon Apr 20 15:32:39 2026] [::1]:62138 Accepted
[Mon Apr 20 15:32:39 2026] [::1]:62139 Accepted
[Mon Apr 20 15:32:39 2026] [::1]:62137 [200]: GET /wp-includes/js/dist/components.min.js?ver=0d72a218dfea8f6f442f
[Mon Apr 20 15:32:39 2026] [::1]:62138 [200]: GET /wp-includes/js/dist/keyboard-shortcuts.min.js?ver=fbc45a34ce65c5723afa
[Mon Apr 20 15:32:39 2026] [::1]:62139 [200]: GET /wp-includes/js/dist/commands.min.js?ver=cac8f4817ab7cea0ac49
[Mon Apr 20 15:32:39 2026] [::1]:62138 Closing
[Mon Apr 20 15:32:39 2026] [::1]:62139 Closing
[Mon Apr 20 15:32:39 2026] [::1]:62137 Closing
[Mon Apr 20 15:32:39 2026] [::1]:62140 Accepted
[Mon Apr 20 15:32:39 2026] [::1]:62140 [200]: GET /wp-includes/js/dist/url.min.js?ver=9e178c9516d1222dc834
[Mon Apr 20 15:32:39 2026] [::1]:62140 Closing
[Mon Apr 20 15:32:39 2026] [::1]:62141 Accepted
[Mon Apr 20 15:32:39 2026] [::1]:62141 [200]: GET /wp-includes/js/dist/api-fetch.min.js?ver=3a4d9af2b423048b0dee
[Mon Apr 20 15:32:39 2026] [::1]:62141 Closing
[Mon Apr 20 15:32:39 2026] [::1]:62142 Accepted
[Mon Apr 20 15:32:39 2026] [::1]:62143 Accepted
[Mon Apr 20 15:32:39 2026] [::1]:62142 [200]: GET /wp-includes/js/dist/blob.min.js?ver=9113eed771d446f4a556
[Mon Apr 20 15:32:39 2026] [::1]:62143 [200]: GET /wp-includes/js/dist/block-serialization-default-parser.min.js?ver=14d44daebf663d05d330
[Mon Apr 20 15:32:39 2026] [::1]:62142 Closing
[Mon Apr 20 15:32:39 2026] [::1]:62143 Closing
[Mon Apr 20 15:32:39 2026] [::1]:62144 Accepted
[Mon Apr 20 15:32:39 2026] [::1]:62145 Accepted
[Mon Apr 20 15:32:39 2026] [::1]:62144 [200]: GET /wp-includes/js/dist/autop.min.js?ver=9fb50649848277dd318d
[Mon Apr 20 15:32:39 2026] [::1]:62145 [200]: GET /wp-includes/js/dist/shortcode.min.js?ver=0b3174183b858f2df320
[Mon Apr 20 15:32:39 2026] [::1]:62144 Closing
[Mon Apr 20 15:32:39 2026] [::1]:62145 Closing
[Mon Apr 20 15:32:39 2026] [::1]:62146 Accepted
[Mon Apr 20 15:32:39 2026] [::1]:62146 [200]: GET /wp-includes/js/dist/blocks.min.js?ver=57eca4d23daac7159d88
[Mon Apr 20 15:32:39 2026] [::1]:62147 Accepted
[Mon Apr 20 15:32:39 2026] [::1]:62147 [200]: GET /wp-includes/js/dist/notices.min.js?ver=f62fbf15dcc23301922f
[Mon Apr 20 15:32:39 2026] [::1]:62146 Closing
[Mon Apr 20 15:32:39 2026] [::1]:62147 Closing
[Mon Apr 20 15:32:39 2026] [::1]:62148 Accepted
[Mon Apr 20 15:32:39 2026] [::1]:62148 [200]: GET /wp-includes/js/dist/preferences-persistence.min.js?ver=e954d3a4426d311f7d1a
[Mon Apr 20 15:32:39 2026] [::1]:62148 Closing
[Mon Apr 20 15:32:39 2026] [::1]:62149 Accepted
[Mon Apr 20 15:32:39 2026] [::1]:62150 Accepted
[Mon Apr 20 15:32:39 2026] [::1]:62149 [200]: GET /wp-includes/js/dist/preferences.min.js?ver=2ca086aed510c242a1ed
[Mon Apr 20 15:32:39 2026] [::1]:62150 [200]: GET /wp-includes/js/dist/style-engine.min.js?ver=7c6fcedc37dadafb8a81
[Mon Apr 20 15:32:39 2026] [::1]:62149 Closing
[Mon Apr 20 15:32:39 2026] [::1]:62150 Closing
[Mon Apr 20 15:32:39 2026] [::1]:62151 Accepted
[Mon Apr 20 15:32:39 2026] [::1]:62151 [200]: GET /wp-includes/js/dist/token-list.min.js?ver=cfdf635a436c3953a965
[Mon Apr 20 15:32:39 2026] [::1]:62152 Accepted
[Mon Apr 20 15:32:39 2026] [::1]:62151 Closing
[Mon Apr 20 15:32:39 2026] [::1]:62152 [200]: GET /wp-includes/js/dist/block-editor.min.js?ver=addf558a422e2ee57920
[Mon Apr 20 15:32:39 2026] [::1]:62152 Closing
[Mon Apr 20 15:32:39 2026] [::1]:62153 Accepted
[Mon Apr 20 15:32:39 2026] [::1]:62153 [200]: GET /wp-includes/js/dist/core-data.min.js?ver=15baadfe6e1374188072
[Mon Apr 20 15:32:39 2026] [::1]:62153 Closing
[Mon Apr 20 15:32:39 2026] [::1]:62154 Accepted
[Mon Apr 20 15:32:39 2026] [::1]:62154 [200]: GET /wp-includes/js/dist/router.min.js?ver=2dfc4b954318a03e6a76
[Mon Apr 20 15:32:39 2026] [::1]:62154 Closing
[Mon Apr 20 15:32:39 2026] [::1]:62155 Accepted
[Mon Apr 20 15:32:39 2026] [::1]:62156 Accepted
[Mon Apr 20 15:32:39 2026] [::1]:62155 [200]: GET /wp-includes/js/dist/core-commands.min.js?ver=effe2d88d7f0c50a8ce9
[Mon Apr 20 15:32:39 2026] [::1]:62156 [200]: GET /wp-content/plugins/elementor/vendor/elementor/wp-one-package/assets/build/common.js?ver=71fc09ea1a9e23155639
[Mon Apr 20 15:32:39 2026] [::1]:62155 Closing
[Mon Apr 20 15:32:39 2026] [::1]:62156 Closing
[Mon Apr 20 15:32:39 2026] [::1]:62157 Accepted
[Mon Apr 20 15:32:39 2026] [::1]:62158 Accepted
[Mon Apr 20 15:32:39 2026] [::1]:62157 [200]: GET /wp-content/plugins/elementor/assets/js/editor-one-menu.min.js?ver=4.0.2
[Mon Apr 20 15:32:39 2026] [::1]:62158 [200]: GET /wp-content/plugins/elementor/assets/js/import-export-admin.min.js?ver=4.0.2
[Mon Apr 20 15:32:39 2026] [::1]:62157 Closing
[Mon Apr 20 15:32:39 2026] [::1]:62158 Closing
[Mon Apr 20 15:32:39 2026] [::1]:62159 Accepted
[Mon Apr 20 15:32:39 2026] [::1]:62160 Accepted
[Mon Apr 20 15:32:39 2026] [::1]:62159 [200]: GET /wp-content/plugins/elementor/assets/js/import-export-customization-admin.min.js?ver=4.0.2
[Mon Apr 20 15:32:39 2026] [::1]:62160 [200]: GET /wp-content/plugins/elementor/assets/js/admin-modules.min.js?ver=4.0.2
[Mon Apr 20 15:32:39 2026] [::1]:62161 Accepted
[Mon Apr 20 15:32:39 2026] [::1]:62159 Closing
[Mon Apr 20 15:32:39 2026] [::1]:62160 Closing
[Mon Apr 20 15:32:39 2026] [::1]:62161 [200]: GET /wp-content/plugins/elementor/assets/js/admin.min.js?ver=4.0.2
[Mon Apr 20 15:32:39 2026] [::1]:62161 Closing
[Mon Apr 20 15:32:39 2026] [::1]:62162 Accepted
[Mon Apr 20 15:32:39 2026] [::1]:62163 Accepted
[Mon Apr 20 15:32:39 2026] [::1]:62162 [200]: GET /wp-content/plugins/elementor/assets/js/media-hints.min.js?ver=4.0.2
[Mon Apr 20 15:32:39 2026] [::1]:62163 [200]: GET /wp-includes/js/thickbox/thickbox.js?ver=3.1-20121105
[Mon Apr 20 15:32:39 2026] [::1]:62162 Closing
[Mon Apr 20 15:32:39 2026] [::1]:62163 Closing
[Mon Apr 20 15:32:39 2026] [::1]:62164 Accepted
[Mon Apr 20 15:32:39 2026] [::1]:62164 [200]: POST /wp-admin/admin-ajax.php
[Mon Apr 20 15:32:39 2026] [::1]:62164 Closing
[Mon Apr 20 15:32:39 2026] [::1]:62165 Accepted
[Mon Apr 20 15:32:39 2026] [::1]:62165 [200]: GET /wp-includes/js/thickbox/loadingAnimation.gif
[Mon Apr 20 15:32:39 2026] [::1]:62165 Closing
[Mon Apr 20 15:32:43 2026] [::1]:62167 Accepted
[Mon Apr 20 15:32:43 2026] [::1]:62167 [200]: GET /wp-admin/images/spinner-2x.gif
[Mon Apr 20 15:32:43 2026] [::1]:62167 Closing
[Mon Apr 20 15:32:46 2026] [::1]:62168 Accepted
[Mon Apr 20 15:32:46 2026] [::1]:62168 [200]: POST /wp-admin/admin-ajax.php
[Mon Apr 20 15:32:46 2026] [::1]:62168 Closing
[Mon Apr 20 15:32:49 2026] [::1]:62169 Accepted
[Mon Apr 20 15:32:49 2026] [::1]:62169 [200]: POST /wp-admin/admin-ajax.php
[Mon Apr 20 15:32:49 2026] [::1]:62169 Closing
[Mon Apr 20 15:32:51 2026] [::1]:62170 Accepted
[Mon Apr 20 15:32:51 2026] [::1]:62171 Accepted
[Mon Apr 20 15:32:51 2026] [::1]:62170 Closing
[Mon Apr 20 15:32:51 2026] [::1]:62171 [200]: GET /wp-content/themes/tijus-theme/assets/css/vendor/plugins.min.css
[Mon Apr 20 15:32:51 2026] [::1]:62173 Accepted
[Mon Apr 20 15:32:51 2026] [::1]:62174 Accepted
[Mon Apr 20 15:32:51 2026] [::1]:62175 Accepted
[Mon Apr 20 15:32:51 2026] [::1]:62173 [200]: GET /wp-content/themes/tijus-theme/assets/css/style.min.css
[Mon Apr 20 15:32:51 2026] [::1]:62174 [200]: GET /wp-includes/css/dashicons.min.css?ver=6.9.4
[Mon Apr 20 15:32:51 2026] [::1]:62176 Accepted
[Mon Apr 20 15:32:51 2026] [::1]:62171 Closing
[Mon Apr 20 15:32:51 2026] [::1]:62175 [200]: GET /wp-includes/css/admin-bar.min.css?ver=6.9.4
[Mon Apr 20 15:32:51 2026] [::1]:62177 Accepted
[Mon Apr 20 15:32:51 2026] [::1]:62176 [200]: GET /wp-content/plugins/elementor/assets/lib/eicons/css/elementor-icons.min.css?ver=5.48.0
[Mon Apr 20 15:32:51 2026] [::1]:62178 Accepted
[Mon Apr 20 15:32:51 2026] [::1]:62177 [200]: GET /wp-content/plugins/elementor/assets/css/common.min.css?ver=4.0.2
[Mon Apr 20 15:32:51 2026] [::1]:62174 Closing
[Mon Apr 20 15:32:51 2026] [::1]:62179 Accepted
[Mon Apr 20 15:32:51 2026] [::1]:62175 Closing
[Mon Apr 20 15:32:51 2026] [::1]:62178 [200]: GET /wp-content/plugins/elementor/assets/css/theme-light.min.css?ver=4.0.2
[Mon Apr 20 15:32:51 2026] [::1]:62180 Accepted
[Mon Apr 20 15:32:51 2026] [::1]:62179 [200]: GET /wp-includes/css/dist/block-library/style.min.css?ver=6.9.4
[Mon Apr 20 15:32:51 2026] [::1]:62176 Closing
[Mon Apr 20 15:32:51 2026] [::1]:62177 Closing
[Mon Apr 20 15:32:51 2026] [::1]:62173 Closing
[Mon Apr 20 15:32:51 2026] [::1]:62180 [200]: GET /wp-content/themes/tijus-theme/style.css?ver=1.0.0
[Mon Apr 20 15:32:51 2026] [::1]:62178 Closing
[Mon Apr 20 15:32:51 2026] [::1]:62181 Accepted
[Mon Apr 20 15:32:51 2026] [::1]:62179 Closing
[Mon Apr 20 15:32:51 2026] [::1]:62182 Accepted
[Mon Apr 20 15:32:51 2026] [::1]:62180 Closing
[Mon Apr 20 15:32:51 2026] [::1]:62181 [200]: GET /wp-includes/js/jquery/jquery.min.js?ver=3.7.1
[Mon Apr 20 15:32:51 2026] [::1]:62181 Closing
[Mon Apr 20 15:32:51 2026] [::1]:62182 [200]: GET /wp-includes/js/jquery/jquery-migrate.min.js?ver=3.4.1
[Mon Apr 20 15:32:51 2026] [::1]:62183 Accepted
[Mon Apr 20 15:32:51 2026] [::1]:62182 Closing
[Mon Apr 20 15:32:51 2026] [::1]:62183 [200]: GET /wp-content/uploads/2026/04/logo.webp
[Mon Apr 20 15:32:51 2026] [::1]:62184 Accepted
[Mon Apr 20 15:32:51 2026] [::1]:62183 Closing
[Mon Apr 20 15:32:51 2026] [::1]:62184 [200]: GET /wp-content/themes/tijus-theme/assets/images/shape/shape-8.png
[Mon Apr 20 15:32:51 2026] [::1]:62184 Closing
[Mon Apr 20 15:32:51 2026] [::1]:62185 Accepted
[Mon Apr 20 15:32:51 2026] [::1]:62186 Accepted
[Mon Apr 20 15:32:51 2026] [::1]:62185 [200]: GET /wp-content/themes/tijus-theme/assets/images/shape/shape-23.png
[Mon Apr 20 15:32:51 2026] [::1]:62186 [200]: GET /wp-content/themes/tijus-theme/assets/images/shape/shape-5.png
[Mon Apr 20 15:32:51 2026] [::1]:62185 Closing
[Mon Apr 20 15:32:51 2026] [::1]:62186 Closing
[Mon Apr 20 15:32:51 2026] [::1]:62187 Accepted
[Mon Apr 20 15:32:51 2026] [::1]:62188 Accepted
[Mon Apr 20 15:32:51 2026] [::1]:62187 [200]: GET /wp-content/themes/tijus-theme/assets/images/shape/shape-6.png
[Mon Apr 20 15:32:51 2026] [::1]:62188 [200]: GET /wp-includes/js/hoverintent-js.min.js?ver=2.2.1
[Mon Apr 20 15:32:51 2026] [::1]:62187 Closing
[Mon Apr 20 15:32:51 2026] [::1]:62188 Closing
[Mon Apr 20 15:32:51 2026] [::1]:62189 Accepted
[Mon Apr 20 15:32:51 2026] [::1]:62190 Accepted
[Mon Apr 20 15:32:51 2026] [::1]:62189 [200]: GET /wp-includes/js/admin-bar.min.js?ver=6.9.4
[Mon Apr 20 15:32:51 2026] [::1]:62191 Accepted
[Mon Apr 20 15:32:51 2026] [::1]:62190 [200]: GET /wp-includes/js/jquery/ui/core.min.js?ver=1.13.3
[Mon Apr 20 15:32:51 2026] [::1]:62192 Accepted
[Mon Apr 20 15:32:51 2026] [::1]:62191 [200]: GET /wp-includes/js/jquery/ui/mouse.min.js?ver=1.13.3
[Mon Apr 20 15:32:51 2026] [::1]:62193 Accepted
[Mon Apr 20 15:32:51 2026] [::1]:62189 Closing
[Mon Apr 20 15:32:51 2026] [::1]:62192 [200]: GET /wp-includes/js/jquery/ui/draggable.min.js?ver=1.13.3
[Mon Apr 20 15:32:51 2026] [::1]:62194 Accepted
[Mon Apr 20 15:32:51 2026] [::1]:62190 Closing
[Mon Apr 20 15:32:51 2026] [::1]:62193 [200]: GET /wp-includes/js/underscore.min.js?ver=1.13.7
[Mon Apr 20 15:32:51 2026] [::1]:62195 Accepted
[Mon Apr 20 15:32:51 2026] [::1]:62194 [200]: GET /wp-includes/js/backbone.min.js?ver=1.6.0
[Mon Apr 20 15:32:51 2026] [::1]:62191 Closing
[Mon Apr 20 15:32:51 2026] [::1]:62196 Accepted
[Mon Apr 20 15:32:51 2026] [::1]:62195 [200]: GET /wp-content/themes/tijus-theme/assets/images/shape/shape-3.png
[Mon Apr 20 15:32:51 2026] [::1]:62192 Closing
[Mon Apr 20 15:32:51 2026] [::1]:62197 Accepted
[Mon Apr 20 15:32:51 2026] [::1]:62196 [200]: GET /wp-content/themes/tijus-theme/assets/images/shape/shape-24.png
[Mon Apr 20 15:32:51 2026] [::1]:62193 Closing
[Mon Apr 20 15:32:51 2026] [::1]:62198 Accepted
[Mon Apr 20 15:32:51 2026] [::1]:62197 [200]: GET /wp-content/themes/tijus-theme/assets/images/shape/shape-1.png
[Mon Apr 20 15:32:51 2026] [::1]:62194 Closing
[Mon Apr 20 15:32:51 2026] [::1]:62198 [200]: GET /wp-content/themes/tijus-theme/assets/fonts/flaticon.ttf?655915d50ed0facf464660ba648373b0
[Mon Apr 20 15:32:51 2026] [::1]:62195 Closing
[Mon Apr 20 15:32:51 2026] [::1]:62199 Accepted
[Mon Apr 20 15:32:51 2026] [::1]:62196 Closing
[Mon Apr 20 15:32:51 2026] [::1]:62200 Accepted
[Mon Apr 20 15:32:51 2026] [::1]:62197 Closing
[Mon Apr 20 15:32:51 2026] [::1]:62201 Accepted
[Mon Apr 20 15:32:51 2026] [::1]:62198 Closing
[Mon Apr 20 15:32:51 2026] [::1]:62202 Accepted
[Mon Apr 20 15:32:51 2026] [::1]:62199 [200]: GET /wp-content/themes/tijus-theme/assets/fonts/icofont.woff2
[Mon Apr 20 15:32:51 2026] [::1]:62201 [200]: GET /wp-content/themes/tijus-theme/assets/images/blog/blog-01.jpg
[Mon Apr 20 15:32:51 2026] [::1]:62200 [200]: GET /wp-content/themes/tijus-theme/assets/images/shape/shape-4.png
[Mon Apr 20 15:32:51 2026] [::1]:62202 [200]: GET /wp-content/themes/tijus-theme/assets/images/shape/shape-2.png
[Mon Apr 20 15:32:51 2026] [::1]:62203 Accepted
[Mon Apr 20 15:32:51 2026] [::1]:62204 Accepted
[Mon Apr 20 15:32:51 2026] [::1]:62201 Closing
[Mon Apr 20 15:32:51 2026] [::1]:62200 Closing
[Mon Apr 20 15:32:51 2026] [::1]:62203 [200]: GET /wp-content/plugins/elementor/assets/lib/backbone/backbone.marionette.min.js?ver=2.4.5.e1
[Mon Apr 20 15:32:51 2026] [::1]:62202 Closing
[Mon Apr 20 15:32:51 2026] [::1]:62204 [200]: GET /wp-content/plugins/elementor/assets/lib/backbone/backbone.radio.min.js?ver=1.0.4
[Mon Apr 20 15:32:51 2026] [::1]:62199 Closing
[Mon Apr 20 15:32:51 2026] [::1]:62203 Closing
[Mon Apr 20 15:32:51 2026] [::1]:62204 Closing
[Mon Apr 20 15:32:51 2026] [::1]:62205 Accepted
[Mon Apr 20 15:32:51 2026] [::1]:62206 Accepted
[Mon Apr 20 15:32:51 2026] [::1]:62205 [200]: GET /wp-content/plugins/elementor/assets/js/common-modules.min.js?ver=4.0.2
[Mon Apr 20 15:32:51 2026] [::1]:62206 [200]: GET /wp-content/plugins/elementor/assets/js/web-cli.min.js?ver=4.0.2
[Mon Apr 20 15:32:51 2026] [::1]:62205 Closing
[Mon Apr 20 15:32:51 2026] [::1]:62206 Closing
[Mon Apr 20 15:32:51 2026] [::1]:62207 Accepted
[Mon Apr 20 15:32:51 2026] [::1]:62208 Accepted
[Mon Apr 20 15:32:51 2026] [::1]:62207 [200]: GET /wp-content/plugins/elementor/assets/lib/dialog/dialog.min.js?ver=4.9.4
[Mon Apr 20 15:32:51 2026] [::1]:62209 Accepted
[Mon Apr 20 15:32:51 2026] [::1]:62208 [200]: GET /wp-includes/js/api-request.min.js?ver=6.9.4
[Mon Apr 20 15:32:51 2026] [::1]:62209 [200]: GET /wp-content/plugins/elementor/assets/js/dev-tools.min.js?ver=4.0.2
[Mon Apr 20 15:32:51 2026] [::1]:62207 Closing
[Mon Apr 20 15:32:51 2026] [::1]:62208 Closing
[Mon Apr 20 15:32:51 2026] [::1]:62210 Accepted
[Mon Apr 20 15:32:51 2026] [::1]:62209 Closing
[Mon Apr 20 15:32:51 2026] [::1]:62211 Accepted
[Mon Apr 20 15:32:51 2026] [::1]:62210 [200]: GET /wp-includes/js/dist/hooks.min.js?ver=dd5603f07f9220ed27f1
[Mon Apr 20 15:32:51 2026] [::1]:62212 Accepted
[Mon Apr 20 15:32:51 2026] [::1]:62211 [200]: GET /wp-includes/js/dist/i18n.min.js?ver=c26c3dc7bed366793375
[Mon Apr 20 15:32:51 2026] [::1]:62213 Accepted
[Mon Apr 20 15:32:51 2026] [::1]:62212 [200]: GET /wp-content/plugins/elementor/assets/js/common.min.js?ver=4.0.2
[Mon Apr 20 15:32:51 2026] [::1]:62214 Accepted
[Mon Apr 20 15:32:51 2026] [::1]:62210 Closing
[Mon Apr 20 15:32:51 2026] [::1]:62213 [200]: GET /wp-content/plugins/elementor/assets/js/app-loader.min.js?ver=4.0.2
[Mon Apr 20 15:32:51 2026] [::1]:62215 Accepted
[Mon Apr 20 15:32:51 2026] [::1]:62211 Closing
[Mon Apr 20 15:32:51 2026] [::1]:62214 [200]: GET /wp-content/themes/tijus-theme/assets/js/vendor/modernizr-3.11.2.min.js?ver=3.11.2
[Mon Apr 20 15:32:51 2026] [::1]:62215 [200]: GET /wp-content/themes/tijus-theme/assets/js/plugins.min.js?ver=1.0.0
[Mon Apr 20 15:32:51 2026] [::1]:62213 Closing
[Mon Apr 20 15:32:51 2026] [::1]:62214 Closing
[Mon Apr 20 15:32:51 2026] [::1]:62216 Accepted
[Mon Apr 20 15:32:51 2026] [::1]:62215 Closing
[Mon Apr 20 15:32:51 2026] [::1]:62212 Closing
[Mon Apr 20 15:32:51 2026] [::1]:62216 [200]: GET /wp-content/themes/tijus-theme/assets/js/main.js?ver=1.0.0
[Mon Apr 20 15:32:51 2026] [::1]:62217 Accepted
[Mon Apr 20 15:32:51 2026] [::1]:62216 Closing
[Mon Apr 20 15:32:51 2026] [::1]:62218 Accepted
[Mon Apr 20 15:32:51 2026] [::1]:62217 [200]: GET /wp-content/themes/tijus-theme/assets/images/shape/shape-21.png
[Mon Apr 20 15:32:51 2026] [::1]:62218 [200]: GET /wp-content/themes/tijus-theme/assets/images/shape/shape-22.png
[Mon Apr 20 15:32:51 2026] [::1]:62217 Closing
[Mon Apr 20 15:32:51 2026] [::1]:62218 Closing
[Mon Apr 20 15:32:51 2026] [::1]:62219 Accepted
[Mon Apr 20 15:32:51 2026] [::1]:62219 [200]: GET /wp-content/themes/tijus-theme/assets/images/favicon.ico
[Mon Apr 20 15:32:51 2026] [::1]:62219 Closing
[Mon Apr 20 15:32:51 2026] [::1]:62220 Accepted
[Mon Apr 20 15:32:51 2026] [::1]:62220 [200]: GET /wp-includes/js/wp-emoji-release.min.js?ver=6.9.4
[Mon Apr 20 15:32:51 2026] [::1]:62220 Closing
[Mon Apr 20 15:32:56 2026] [::1]:62221 Accepted
[Mon Apr 20 15:32:56 2026] [::1]:62221 [200]: GET /wp-admin/nav-menus.php
[Mon Apr 20 15:32:56 2026] [::1]:62221 Closing
[Mon Apr 20 15:32:56 2026] [::1]:62222 Accepted
[Mon Apr 20 15:32:56 2026] [::1]:62223 Accepted
[Mon Apr 20 15:32:56 2026] [::1]:62222 [200]: GET /wp-content/plugins/elementor/vendor/elementor/wp-one-package/assets/build/common.css?ver=1.0.59
[Mon Apr 20 15:32:56 2026] [::1]:62224 Accepted
[Mon Apr 20 15:32:56 2026] [::1]:62223 [200]: GET /wp-content/plugins/elementor/assets/css/modules/editor-one/admin-menu.min.css?ver=4.0.2
[Mon Apr 20 15:32:56 2026] [::1]:62225 Accepted
[Mon Apr 20 15:32:56 2026] [::1]:62224 [200]: GET /wp-content/plugins/elementor/assets/lib/eicons/css/elementor-icons.min.css?ver=5.48.0
[Mon Apr 20 15:32:56 2026] [::1]:62226 Accepted
[Mon Apr 20 15:32:56 2026] [::1]:62222 Closing
[Mon Apr 20 15:32:56 2026] [::1]:62225 [200]: GET /wp-content/plugins/elementor/assets/css/common.min.css?ver=4.0.2
[Mon Apr 20 15:32:56 2026] [::1]:62227 Accepted
[Mon Apr 20 15:32:56 2026] [::1]:62223 Closing
[Mon Apr 20 15:32:56 2026] [::1]:62226 [200]: GET /wp-content/plugins/elementor/assets/css/theme-light.min.css?ver=4.0.2
[Mon Apr 20 15:32:56 2026] [::1]:62228 Accepted
[Mon Apr 20 15:32:56 2026] [::1]:62227 [200]: GET /wp-content/plugins/elementor/assets/css/admin.min.css?ver=4.0.2
[Mon Apr 20 15:32:56 2026] [::1]:62224 Closing
[Mon Apr 20 15:32:56 2026] [::1]:62229 Accepted
[Mon Apr 20 15:32:56 2026] [::1]:62228 [200]: GET /wp-includes/js/thickbox/thickbox.css?ver=6.9.4
[Mon Apr 20 15:32:56 2026] [::1]:62225 Closing
[Mon Apr 20 15:32:56 2026] [::1]:62230 Accepted
[Mon Apr 20 15:32:56 2026] [::1]:62226 Closing
[Mon Apr 20 15:32:56 2026] [::1]:62231 Accepted
[Mon Apr 20 15:32:56 2026] [::1]:62229 [200]: GET /wp-includes/js/dist/i18n.min.js?ver=c26c3dc7bed366793375
[Mon Apr 20 15:32:56 2026] [::1]:62232 Accepted
[Mon Apr 20 15:32:56 2026] [::1]:62230 [200]: GET /wp-includes/js/dist/a11y.min.js?ver=cb460b4676c94bd228ed
[Mon Apr 20 15:32:56 2026] [::1]:62231 [200]: GET /wp-includes/js/jquery/ui/core.min.js?ver=1.13.3
[Mon Apr 20 15:32:56 2026] [::1]:62227 Closing
[Mon Apr 20 15:32:56 2026] [::1]:62228 Closing
[Mon Apr 20 15:32:56 2026] [::1]:62233 Accepted
[Mon Apr 20 15:32:56 2026] [::1]:62232 [200]: GET /wp-includes/js/jquery/ui/mouse.min.js?ver=1.13.3
[Mon Apr 20 15:32:56 2026] [::1]:62234 Accepted
[Mon Apr 20 15:32:56 2026] [::1]:62233 [200]: GET /wp-includes/js/jquery/ui/sortable.min.js?ver=1.13.3
[Mon Apr 20 15:32:56 2026] [::1]:62229 Closing
[Mon Apr 20 15:32:56 2026] [::1]:62235 Accepted
[Mon Apr 20 15:32:56 2026] [::1]:62230 Closing
[Mon Apr 20 15:32:56 2026] [::1]:62231 Closing
[Mon Apr 20 15:32:56 2026] [::1]:62234 [200]: GET /wp-includes/js/jquery/ui/draggable.min.js?ver=1.13.3
[Mon Apr 20 15:32:56 2026] [::1]:62232 Closing
[Mon Apr 20 15:32:56 2026] [::1]:62236 Accepted
[Mon Apr 20 15:32:56 2026] [::1]:62233 Closing
[Mon Apr 20 15:32:56 2026] [::1]:62235 [200]: GET /wp-includes/js/jquery/ui/droppable.min.js?ver=1.13.3
[Mon Apr 20 15:32:56 2026] [::1]:62237 Accepted
[Mon Apr 20 15:32:56 2026] [::1]:62234 Closing
[Mon Apr 20 15:32:56 2026] [::1]:62236 [200]: GET /wp-includes/js/wp-ajax-response.min.js?ver=6.9.4
[Mon Apr 20 15:32:56 2026] [::1]:62238 Accepted
[Mon Apr 20 15:32:56 2026] [::1]:62235 Closing
[Mon Apr 20 15:32:56 2026] [::1]:62237 [200]: GET /wp-includes/js/jquery/jquery.color.min.js?ver=3.0.0
[Mon Apr 20 15:32:56 2026] [::1]:62238 [200]: GET /wp-includes/js/wp-lists.min.js?ver=6.9.4
[Mon Apr 20 15:32:56 2026] [::1]:62239 Accepted
[Mon Apr 20 15:32:56 2026] [::1]:62236 Closing
[Mon Apr 20 15:32:56 2026] [::1]:62240 Accepted
[Mon Apr 20 15:32:56 2026] [::1]:62237 Closing
[Mon Apr 20 15:32:56 2026] [::1]:62241 Accepted
[Mon Apr 20 15:32:56 2026] [::1]:62238 Closing
[Mon Apr 20 15:32:56 2026] [::1]:62239 [200]: GET /wp-admin/js/postbox.min.js?ver=6.9.4
[Mon Apr 20 15:32:56 2026] [::1]:62240 [200]: GET /wp-includes/js/underscore.min.js?ver=1.13.7
[Mon Apr 20 15:32:56 2026] [::1]:62241 [200]: GET /wp-admin/js/nav-menu.min.js?ver=6.9.4
[Mon Apr 20 15:32:56 2026] [::1]:62239 Closing
[Mon Apr 20 15:32:56 2026] [::1]:62240 Closing
[Mon Apr 20 15:32:56 2026] [::1]:62241 Closing
[Mon Apr 20 15:32:56 2026] [::1]:62242 Accepted
[Mon Apr 20 15:32:56 2026] [::1]:62242 [200]: GET /wp-admin/js/common.min.js?ver=6.9.4
[Mon Apr 20 15:32:56 2026] [::1]:62242 Closing
[Mon Apr 20 15:32:56 2026] [::1]:62243 Accepted
[Mon Apr 20 15:32:56 2026] [::1]:62243 [200]: GET /wp-includes/js/hoverintent-js.min.js?ver=2.2.1
[Mon Apr 20 15:32:56 2026] [::1]:62243 Closing
[Mon Apr 20 15:32:56 2026] [::1]:62244 Accepted
[Mon Apr 20 15:32:56 2026] [::1]:62244 [200]: GET /wp-includes/js/admin-bar.min.js?ver=6.9.4
[Mon Apr 20 15:32:56 2026] [::1]:62244 Closing
[Mon Apr 20 15:32:56 2026] [::1]:62245 Accepted
[Mon Apr 20 15:32:56 2026] [::1]:62246 Accepted
[Mon Apr 20 15:32:56 2026] [::1]:62245 [200]: GET /wp-admin/js/svg-painter.js?ver=6.9.4
[Mon Apr 20 15:32:56 2026] [::1]:62247 Accepted
[Mon Apr 20 15:32:56 2026] [::1]:62246 [200]: GET /wp-includes/js/backbone.min.js?ver=1.6.0
[Mon Apr 20 15:32:56 2026] [::1]:62248 Accepted
[Mon Apr 20 15:32:56 2026] [::1]:62247 [200]: GET /wp-content/plugins/elementor/assets/lib/backbone/backbone.marionette.min.js?ver=2.4.5.e1
[Mon Apr 20 15:32:56 2026] [::1]:62249 Accepted
[Mon Apr 20 15:32:56 2026] [::1]:62245 Closing
[Mon Apr 20 15:32:56 2026] [::1]:62248 [200]: GET /wp-content/plugins/elementor/assets/lib/backbone/backbone.radio.min.js?ver=1.0.4
[Mon Apr 20 15:32:56 2026] [::1]:62246 Closing
[Mon Apr 20 15:32:56 2026] [::1]:62249 [200]: GET /wp-content/plugins/elementor/assets/js/common-modules.min.js?ver=4.0.2
[Mon Apr 20 15:32:56 2026] [::1]:62247 Closing
[Mon Apr 20 15:32:56 2026] [::1]:62248 Closing
[Mon Apr 20 15:32:56 2026] [::1]:62249 Closing
[Mon Apr 20 15:32:56 2026] [::1]:62250 Accepted
[Mon Apr 20 15:32:56 2026] [::1]:62250 [200]: GET /wp-content/plugins/elementor/assets/js/web-cli.min.js?ver=4.0.2
[Mon Apr 20 15:32:56 2026] [::1]:62250 Closing
[Mon Apr 20 15:32:56 2026] [::1]:62251 Accepted
[Mon Apr 20 15:32:56 2026] [::1]:62252 Accepted
[Mon Apr 20 15:32:56 2026] [::1]:62251 [200]: GET /wp-content/plugins/elementor/assets/lib/dialog/dialog.min.js?ver=4.9.0
[Mon Apr 20 15:32:56 2026] [::1]:62253 Accepted
[Mon Apr 20 15:32:56 2026] [::1]:62252 [200]: GET /wp-includes/js/api-request.min.js?ver=6.9.4
[Mon Apr 20 15:32:56 2026] [::1]:62254 Accepted
[Mon Apr 20 15:32:56 2026] [::1]:62253 [200]: GET /wp-content/plugins/elementor/assets/js/dev-tools.min.js?ver=4.0.2
[Mon Apr 20 15:32:56 2026] [::1]:62255 Accepted
[Mon Apr 20 15:32:56 2026] [::1]:62251 Closing
[Mon Apr 20 15:32:56 2026] [::1]:62254 [200]: GET /wp-content/plugins/elementor/assets/js/common.min.js?ver=4.0.2
[Mon Apr 20 15:32:56 2026] [::1]:62252 Closing
[Mon Apr 20 15:32:56 2026] [::1]:62253 Closing
[Mon Apr 20 15:32:56 2026] [::1]:62255 [200]: GET /wp-content/plugins/elementor/assets/js/app-loader.min.js?ver=4.0.2
[Mon Apr 20 15:32:56 2026] [::1]:62254 Closing
[Mon Apr 20 15:32:56 2026] [::1]:62255 Closing
[Mon Apr 20 15:32:56 2026] [::1]:62256 Accepted
[Mon Apr 20 15:32:56 2026] [::1]:62256 [200]: GET /wp-includes/js/heartbeat.min.js?ver=6.9.4
[Mon Apr 20 15:32:56 2026] [::1]:62256 Closing
[Mon Apr 20 15:32:56 2026] [::1]:62257 Accepted
[Mon Apr 20 15:32:56 2026] [::1]:62258 Accepted
[Mon Apr 20 15:32:56 2026] [::1]:62257 [200]: GET /wp-includes/js/wp-auth-check.min.js?ver=6.9.4
[Mon Apr 20 15:32:56 2026] [::1]:62258 [200]: GET /wp-includes/js/dist/vendor/react.min.js?ver=18.3.1.1
[Mon Apr 20 15:32:56 2026] [::1]:62259 Accepted
[Mon Apr 20 15:32:56 2026] [::1]:62257 Closing
[Mon Apr 20 15:32:56 2026] [::1]:62258 Closing
[Mon Apr 20 15:32:56 2026] [::1]:62259 [200]: GET /wp-includes/js/dist/vendor/react-dom.min.js?ver=18.3.1.1
[Mon Apr 20 15:32:56 2026] [::1]:62259 Closing
[Mon Apr 20 15:32:56 2026] [::1]:62260 Accepted
[Mon Apr 20 15:32:56 2026] [::1]:62261 Accepted
[Mon Apr 20 15:32:56 2026] [::1]:62260 [200]: GET /wp-includes/js/dist/vendor/react-jsx-runtime.min.js?ver=18.3.1
[Mon Apr 20 15:32:56 2026] [::1]:62262 Accepted
[Mon Apr 20 15:32:56 2026] [::1]:62261 [200]: GET /wp-includes/js/dist/deprecated.min.js?ver=e1f84915c5e8ae38964c
[Mon Apr 20 15:32:56 2026] [::1]:62263 Accepted
[Mon Apr 20 15:32:56 2026] [::1]:62262 [200]: GET /wp-includes/js/dist/dom.min.js?ver=26edef3be6483da3de2e
[Mon Apr 20 15:32:56 2026] [::1]:62260 Closing
[Mon Apr 20 15:32:56 2026] [::1]:62264 Accepted
[Mon Apr 20 15:32:56 2026] [::1]:62261 Closing
[Mon Apr 20 15:32:56 2026] [::1]:62265 Accepted
[Mon Apr 20 15:32:56 2026] [::1]:62262 Closing
[Mon Apr 20 15:32:56 2026] [::1]:62263 [200]: GET /wp-includes/js/dist/escape-html.min.js?ver=6561a406d2d232a6fbd2
[Mon Apr 20 15:32:56 2026] [::1]:62264 [200]: GET /wp-includes/js/dist/element.min.js?ver=6a582b0c827fa25df3dd
[Mon Apr 20 15:32:56 2026] [::1]:62265 [200]: GET /wp-includes/js/dist/is-shallow-equal.min.js?ver=e0f9f1d78d83f5196979
[Mon Apr 20 15:32:56 2026] [::1]:62263 Closing
[Mon Apr 20 15:32:56 2026] [::1]:62264 Closing
[Mon Apr 20 15:32:56 2026] [::1]:62265 Closing
[Mon Apr 20 15:32:56 2026] [::1]:62266 Accepted
[Mon Apr 20 15:32:56 2026] [::1]:62266 [200]: GET /wp-includes/js/dist/keycodes.min.js?ver=34c8fb5e7a594a1c8037
[Mon Apr 20 15:32:56 2026] [::1]:62266 Closing
[Mon Apr 20 15:32:56 2026] [::1]:62267 Accepted
[Mon Apr 20 15:32:56 2026] [::1]:62267 [200]: GET /wp-includes/js/dist/priority-queue.min.js?ver=2d59d091223ee9a33838
[Mon Apr 20 15:32:56 2026] [::1]:62268 Accepted
[Mon Apr 20 15:32:56 2026] [::1]:62269 Accepted
[Mon Apr 20 15:32:56 2026] [::1]:62267 Closing
[Mon Apr 20 15:32:56 2026] [::1]:62268 [200]: GET /wp-includes/js/dist/compose.min.js?ver=7a9b375d8c19cf9d3d9b
[Mon Apr 20 15:32:56 2026] [::1]:62270 Accepted
[Mon Apr 20 15:32:56 2026] [::1]:62269 [200]: GET /wp-includes/js/dist/vendor/moment.min.js?ver=2.30.1
[Mon Apr 20 15:32:56 2026] [::1]:62271 Accepted
[Mon Apr 20 15:32:56 2026] [::1]:62270 [200]: GET /wp-includes/js/dist/date.min.js?ver=795a56839718d3ff7eae
[Mon Apr 20 15:32:56 2026] [::1]:62268 Closing
[Mon Apr 20 15:32:56 2026] [::1]:62272 Accepted
[Mon Apr 20 15:32:56 2026] [::1]:62269 Closing
[Mon Apr 20 15:32:56 2026] [::1]:62271 [200]: GET /wp-includes/js/dist/html-entities.min.js?ver=e8b78b18a162491d5e5f
[Mon Apr 20 15:32:56 2026] [::1]:62272 [200]: GET /wp-includes/js/dist/primitives.min.js?ver=0b5dcc337aa7cbf75570
[Mon Apr 20 15:32:56 2026] [::1]:62273 Accepted
[Mon Apr 20 15:32:56 2026] [::1]:62274 Accepted
[Mon Apr 20 15:32:56 2026] [::1]:62273 [200]: GET /wp-includes/js/dist/private-apis.min.js?ver=4f465748bda624774139
[Mon Apr 20 15:32:56 2026] [::1]:62271 Closing
[Mon Apr 20 15:32:56 2026] [::1]:62275 Accepted
[Mon Apr 20 15:32:56 2026] [::1]:62272 Closing
[Mon Apr 20 15:32:56 2026] [::1]:62274 [200]: GET /wp-includes/js/dist/redux-routine.min.js?ver=8bb92d45458b29590f53
[Mon Apr 20 15:32:56 2026] [::1]:62273 Closing
[Mon Apr 20 15:32:56 2026] [::1]:62276 Accepted
[Mon Apr 20 15:32:56 2026] [::1]:62270 Closing
[Mon Apr 20 15:32:56 2026] [::1]:62275 [200]: GET /wp-includes/js/dist/data.min.js?ver=f940198280891b0b6318
[Mon Apr 20 15:32:56 2026] [::1]:62274 Closing
[Mon Apr 20 15:32:56 2026] [::1]:62275 Closing
[Mon Apr 20 15:32:56 2026] [::1]:62276 [200]: GET /wp-includes/js/dist/rich-text.min.js?ver=5bdbb44f3039529e3645
[Mon Apr 20 15:32:56 2026] [::1]:62277 Accepted
[Mon Apr 20 15:32:56 2026] [::1]:62277 [200]: GET /wp-includes/js/dist/warning.min.js?ver=d69bc18c456d01c11d5a
[Mon Apr 20 15:32:56 2026] [::1]:62276 Closing
[Mon Apr 20 15:32:56 2026] [::1]:62278 Accepted
[Mon Apr 20 15:32:56 2026] [::1]:62277 Closing
[Mon Apr 20 15:32:56 2026] [::1]:62278 [200]: GET /wp-includes/js/dist/components.min.js?ver=0d72a218dfea8f6f442f
[Mon Apr 20 15:32:56 2026] [::1]:62279 Accepted
[Mon Apr 20 15:32:56 2026] [::1]:62279 [200]: GET /wp-includes/js/dist/keyboard-shortcuts.min.js?ver=fbc45a34ce65c5723afa
[Mon Apr 20 15:32:56 2026] [::1]:62278 Closing
[Mon Apr 20 15:32:56 2026] [::1]:62279 Closing
[Mon Apr 20 15:32:56 2026] [::1]:62280 Accepted
[Mon Apr 20 15:32:56 2026] [::1]:62280 [200]: GET /wp-includes/js/dist/commands.min.js?ver=cac8f4817ab7cea0ac49
[Mon Apr 20 15:32:56 2026] [::1]:62281 Accepted
[Mon Apr 20 15:32:56 2026] [::1]:62282 Accepted
[Mon Apr 20 15:32:56 2026] [::1]:62280 Closing
[Mon Apr 20 15:32:56 2026] [::1]:62281 [200]: GET /wp-includes/js/dist/url.min.js?ver=9e178c9516d1222dc834
[Mon Apr 20 15:32:56 2026] [::1]:62282 [200]: GET /wp-includes/js/dist/api-fetch.min.js?ver=3a4d9af2b423048b0dee
[Mon Apr 20 15:32:56 2026] [::1]:62283 Accepted
[Mon Apr 20 15:32:56 2026] [::1]:62281 Closing
[Mon Apr 20 15:32:56 2026] [::1]:62282 Closing
[Mon Apr 20 15:32:56 2026] [::1]:62283 [200]: GET /wp-includes/js/dist/blob.min.js?ver=9113eed771d446f4a556
[Mon Apr 20 15:32:56 2026] [::1]:62283 Closing
[Mon Apr 20 15:32:56 2026] [::1]:62284 Accepted
[Mon Apr 20 15:32:56 2026] [::1]:62284 [200]: GET /wp-includes/js/dist/block-serialization-default-parser.min.js?ver=14d44daebf663d05d330
[Mon Apr 20 15:32:56 2026] [::1]:62284 Closing
[Mon Apr 20 15:32:56 2026] [::1]:62285 Accepted
[Mon Apr 20 15:32:56 2026] [::1]:62286 Accepted
[Mon Apr 20 15:32:56 2026] [::1]:62287 Accepted
[Mon Apr 20 15:32:56 2026] [::1]:62285 [200]: GET /wp-includes/js/dist/autop.min.js?ver=9fb50649848277dd318d
[Mon Apr 20 15:32:56 2026] [::1]:62288 Accepted
[Mon Apr 20 15:32:56 2026] [::1]:62286 [200]: GET /wp-includes/js/dist/shortcode.min.js?ver=0b3174183b858f2df320
[Mon Apr 20 15:32:56 2026] [::1]:62287 [200]: GET /wp-includes/js/dist/blocks.min.js?ver=57eca4d23daac7159d88
[Mon Apr 20 15:32:56 2026] [::1]:62289 Accepted
[Mon Apr 20 15:32:56 2026] [::1]:62288 [200]: GET /wp-includes/js/dist/notices.min.js?ver=f62fbf15dcc23301922f
[Mon Apr 20 15:32:56 2026] [::1]:62290 Accepted
[Mon Apr 20 15:32:56 2026] [::1]:62285 Closing
[Mon Apr 20 15:32:56 2026] [::1]:62289 [200]: GET /wp-includes/js/dist/preferences-persistence.min.js?ver=e954d3a4426d311f7d1a
[Mon Apr 20 15:32:56 2026] [::1]:62291 Accepted
[Mon Apr 20 15:32:56 2026] [::1]:62286 Closing
[Mon Apr 20 15:32:56 2026] [::1]:62290 [200]: GET /wp-includes/js/dist/preferences.min.js?ver=2ca086aed510c242a1ed
[Mon Apr 20 15:32:56 2026] [::1]:62287 Closing
[Mon Apr 20 15:32:56 2026] [::1]:62291 [200]: GET /wp-includes/js/dist/style-engine.min.js?ver=7c6fcedc37dadafb8a81
[Mon Apr 20 15:32:56 2026] [::1]:62288 Closing
[Mon Apr 20 15:32:56 2026] [::1]:62289 Closing
[Mon Apr 20 15:32:56 2026] [::1]:62290 Closing
[Mon Apr 20 15:32:56 2026] [::1]:62292 Accepted
[Mon Apr 20 15:32:56 2026] [::1]:62291 Closing
[Mon Apr 20 15:32:56 2026] [::1]:62292 [200]: GET /wp-includes/js/dist/token-list.min.js?ver=cfdf635a436c3953a965
[Mon Apr 20 15:32:56 2026] [::1]:62292 Closing
[Mon Apr 20 15:32:56 2026] [::1]:62293 Accepted
[Mon Apr 20 15:32:56 2026] [::1]:62294 Accepted
[Mon Apr 20 15:32:56 2026] [::1]:62293 [200]: GET /wp-includes/js/dist/block-editor.min.js?ver=addf558a422e2ee57920
[Mon Apr 20 15:32:56 2026] [::1]:62294 [200]: GET /wp-includes/js/dist/core-data.min.js?ver=15baadfe6e1374188072
[Mon Apr 20 15:32:56 2026] [::1]:62295 Accepted
[Mon Apr 20 15:32:56 2026] [::1]:62296 Accepted
[Mon Apr 20 15:32:56 2026] [::1]:62294 Closing
[Mon Apr 20 15:32:56 2026] [::1]:62295 [200]: GET /wp-includes/js/dist/router.min.js?ver=2dfc4b954318a03e6a76
[Mon Apr 20 15:32:56 2026] [::1]:62297 Accepted
[Mon Apr 20 15:32:56 2026] [::1]:62296 [200]: GET /wp-includes/js/dist/core-commands.min.js?ver=effe2d88d7f0c50a8ce9
[Mon Apr 20 15:32:56 2026] [::1]:62297 [200]: GET /wp-content/plugins/elementor/vendor/elementor/wp-one-package/assets/build/common.js?ver=71fc09ea1a9e23155639
[Mon Apr 20 15:32:56 2026] [::1]:62295 Closing
[Mon Apr 20 15:32:56 2026] [::1]:62296 Closing
[Mon Apr 20 15:32:56 2026] [::1]:62293 Closing
[Mon Apr 20 15:32:56 2026] [::1]:62297 Closing
[Mon Apr 20 15:32:56 2026] [::1]:62298 Accepted
[Mon Apr 20 15:32:56 2026] [::1]:62298 [200]: GET /wp-content/plugins/elementor/assets/js/editor-one-menu.min.js?ver=4.0.2
[Mon Apr 20 15:32:56 2026] [::1]:62299 Accepted
[Mon Apr 20 15:32:56 2026] [::1]:62298 Closing
[Mon Apr 20 15:32:56 2026] [::1]:62300 Accepted
[Mon Apr 20 15:32:56 2026] [::1]:62299 [200]: GET /wp-content/plugins/elementor/assets/js/import-export-admin.min.js?ver=4.0.2
[Mon Apr 20 15:32:56 2026] [::1]:62301 Accepted
[Mon Apr 20 15:32:56 2026] [::1]:62300 [200]: GET /wp-content/plugins/elementor/assets/js/import-export-customization-admin.min.js?ver=4.0.2
[Mon Apr 20 15:32:56 2026] [::1]:62302 Accepted
[Mon Apr 20 15:32:56 2026] [::1]:62301 [200]: GET /wp-content/plugins/elementor/assets/js/admin-modules.min.js?ver=4.0.2
[Mon Apr 20 15:32:56 2026] [::1]:62303 Accepted
[Mon Apr 20 15:32:56 2026] [::1]:62299 Closing
[Mon Apr 20 15:32:56 2026] [::1]:62302 [200]: GET /wp-content/plugins/elementor/assets/js/admin.min.js?ver=4.0.2
[Mon Apr 20 15:32:56 2026] [::1]:62304 Accepted
[Mon Apr 20 15:32:56 2026] [::1]:62300 Closing
[Mon Apr 20 15:32:56 2026] [::1]:62303 [200]: GET /wp-content/plugins/elementor/assets/js/media-hints.min.js?ver=4.0.2
[Mon Apr 20 15:32:56 2026] [::1]:62305 Accepted
[Mon Apr 20 15:32:56 2026] [::1]:62304 [200]: GET /wp-includes/js/thickbox/thickbox.js?ver=3.1-20121105
[Mon Apr 20 15:32:56 2026] [::1]:62301 Closing
[Mon Apr 20 15:32:56 2026] [::1]:62305 [200]: GET /wp-admin/js/accordion.min.js?ver=6.9.4
[Mon Apr 20 15:32:56 2026] [::1]:62302 Closing
[Mon Apr 20 15:32:56 2026] [::1]:62303 Closing
[Mon Apr 20 15:32:56 2026] [::1]:62304 Closing
[Mon Apr 20 15:32:56 2026] [::1]:62305 Closing
[Mon Apr 20 15:32:56 2026] [::1]:62306 Accepted
[Mon Apr 20 15:32:56 2026] [::1]:62306 [200]: GET /wp-includes/js/thickbox/loadingAnimation.gif
[Mon Apr 20 15:32:56 2026] [::1]:62306 Closing
[Mon Apr 20 15:32:59 2026] [::1]:62307 Accepted
[Mon Apr 20 15:33:07 2026] [::1]:62307 [200]: POST /wp-admin/admin-ajax.php
[Mon Apr 20 15:33:07 2026] [::1]:62307 Closing
[Mon Apr 20 15:33:13 2026] [::1]:62313 Accepted
[Mon Apr 20 15:33:13 2026] [::1]:62313 [200]: POST /wp-admin/nav-menus.php
[Mon Apr 20 15:33:13 2026] [::1]:62313 Closing
[Mon Apr 20 15:33:13 2026] [::1]:62314 Accepted
[Mon Apr 20 15:33:13 2026] [::1]:62315 Accepted
[Mon Apr 20 15:33:13 2026] [::1]:62314 [200]: GET /wp-content/plugins/elementor/vendor/elementor/wp-one-package/assets/build/common.css?ver=1.0.59
[Mon Apr 20 15:33:13 2026] [::1]:62316 Accepted
[Mon Apr 20 15:33:13 2026] [::1]:62315 [200]: GET /wp-content/plugins/elementor/assets/css/modules/editor-one/admin-menu.min.css?ver=4.0.2
[Mon Apr 20 15:33:13 2026] [::1]:62317 Accepted
[Mon Apr 20 15:33:13 2026] [::1]:62316 [200]: GET /wp-content/plugins/elementor/assets/lib/eicons/css/elementor-icons.min.css?ver=5.48.0
[Mon Apr 20 15:33:13 2026] [::1]:62318 Accepted
[Mon Apr 20 15:33:13 2026] [::1]:62314 Closing
[Mon Apr 20 15:33:13 2026] [::1]:62317 [200]: GET /wp-content/plugins/elementor/assets/css/common.min.css?ver=4.0.2
[Mon Apr 20 15:33:13 2026] [::1]:62319 Accepted
[Mon Apr 20 15:33:13 2026] [::1]:62315 Closing
[Mon Apr 20 15:33:13 2026] [::1]:62318 [200]: GET /wp-content/plugins/elementor/assets/css/theme-light.min.css?ver=4.0.2
[Mon Apr 20 15:33:13 2026] [::1]:62320 Accepted
[Mon Apr 20 15:33:13 2026] [::1]:62319 [200]: GET /wp-content/plugins/elementor/assets/css/admin.min.css?ver=4.0.2
[Mon Apr 20 15:33:13 2026] [::1]:62316 Closing
[Mon Apr 20 15:33:13 2026] [::1]:62321 Accepted
[Mon Apr 20 15:33:13 2026] [::1]:62320 [200]: GET /wp-includes/js/thickbox/thickbox.css?ver=6.9.4
[Mon Apr 20 15:33:13 2026] [::1]:62317 Closing
[Mon Apr 20 15:33:13 2026] [::1]:62322 Accepted
[Mon Apr 20 15:33:13 2026] [::1]:62321 [200]: GET /wp-includes/js/dist/i18n.min.js?ver=c26c3dc7bed366793375
[Mon Apr 20 15:33:13 2026] [::1]:62318 Closing
[Mon Apr 20 15:33:13 2026] [::1]:62323 Accepted
[Mon Apr 20 15:33:13 2026] [::1]:62322 [200]: GET /wp-includes/js/dist/a11y.min.js?ver=cb460b4676c94bd228ed
[Mon Apr 20 15:33:13 2026] [::1]:62324 Accepted
[Mon Apr 20 15:33:13 2026] [::1]:62323 [200]: GET /wp-includes/js/jquery/ui/core.min.js?ver=1.13.3
[Mon Apr 20 15:33:13 2026] [::1]:62319 Closing
[Mon Apr 20 15:33:13 2026] [::1]:62320 Closing
[Mon Apr 20 15:33:13 2026] [::1]:62321 Closing
[Mon Apr 20 15:33:13 2026] [::1]:62322 Closing
[Mon Apr 20 15:33:13 2026] [::1]:62324 [200]: GET /wp-includes/js/jquery/ui/mouse.min.js?ver=1.13.3
[Mon Apr 20 15:33:13 2026] [::1]:62325 Accepted
[Mon Apr 20 15:33:13 2026] [::1]:62323 Closing
[Mon Apr 20 15:33:13 2026] [::1]:62324 Closing
[Mon Apr 20 15:33:13 2026] [::1]:62326 Accepted
[Mon Apr 20 15:33:13 2026] [::1]:62327 Accepted
[Mon Apr 20 15:33:13 2026] [::1]:62325 [200]: GET /wp-includes/js/jquery/ui/sortable.min.js?ver=1.13.3
[Mon Apr 20 15:33:13 2026] [::1]:62326 [200]: GET /wp-includes/js/jquery/ui/draggable.min.js?ver=1.13.3
[Mon Apr 20 15:33:13 2026] [::1]:62328 Accepted
[Mon Apr 20 15:33:13 2026] [::1]:62327 [200]: GET /wp-includes/js/jquery/ui/droppable.min.js?ver=1.13.3
[Mon Apr 20 15:33:13 2026] [::1]:62325 Closing
[Mon Apr 20 15:33:13 2026] [::1]:62328 [200]: GET /wp-includes/js/wp-ajax-response.min.js?ver=6.9.4
[Mon Apr 20 15:33:13 2026] [::1]:62329 Accepted
[Mon Apr 20 15:33:13 2026] [::1]:62326 Closing
[Mon Apr 20 15:33:13 2026] [::1]:62330 Accepted
[Mon Apr 20 15:33:13 2026] [::1]:62331 Accepted
[Mon Apr 20 15:33:13 2026] [::1]:62330 [200]: GET /wp-includes/js/wp-lists.min.js?ver=6.9.4
[Mon Apr 20 15:33:13 2026] [::1]:62327 Closing
[Mon Apr 20 15:33:13 2026] [::1]:62329 [200]: GET /wp-includes/js/jquery/jquery.color.min.js?ver=3.0.0
[Mon Apr 20 15:33:13 2026] [::1]:62328 Closing
[Mon Apr 20 15:33:13 2026] [::1]:62332 Accepted
[Mon Apr 20 15:33:13 2026] [::1]:62331 [200]: GET /wp-admin/js/postbox.min.js?ver=6.9.4
[Mon Apr 20 15:33:13 2026] [::1]:62332 [200]: GET /wp-includes/js/underscore.min.js?ver=1.13.7
[Mon Apr 20 15:33:13 2026] [::1]:62333 Accepted
[Mon Apr 20 15:33:13 2026] [::1]:62330 Closing
[Mon Apr 20 15:33:13 2026] [::1]:62329 Closing
[Mon Apr 20 15:33:13 2026] [::1]:62331 Closing
[Mon Apr 20 15:33:13 2026] [::1]:62333 [200]: GET /wp-admin/js/nav-menu.min.js?ver=6.9.4
[Mon Apr 20 15:33:13 2026] [::1]:62332 Closing
[Mon Apr 20 15:33:13 2026] [::1]:62333 Closing
[Mon Apr 20 15:33:13 2026] [::1]:62334 Accepted
[Mon Apr 20 15:33:13 2026] [::1]:62334 [200]: GET /wp-admin/js/common.min.js?ver=6.9.4
[Mon Apr 20 15:33:13 2026] [::1]:62335 Accepted
[Mon Apr 20 15:33:13 2026] [::1]:62335 [200]: GET /wp-includes/js/hoverintent-js.min.js?ver=2.2.1
[Mon Apr 20 15:33:13 2026] [::1]:62334 Closing
[Mon Apr 20 15:33:13 2026] [::1]:62335 Closing
[Mon Apr 20 15:33:13 2026] [::1]:62336 Accepted
[Mon Apr 20 15:33:13 2026] [::1]:62337 Accepted
[Mon Apr 20 15:33:13 2026] [::1]:62336 [200]: GET /wp-includes/js/admin-bar.min.js?ver=6.9.4
[Mon Apr 20 15:33:13 2026] [::1]:62337 [200]: GET /wp-admin/js/svg-painter.js?ver=6.9.4
[Mon Apr 20 15:33:13 2026] [::1]:62336 Closing
[Mon Apr 20 15:33:13 2026] [::1]:62337 Closing
[Mon Apr 20 15:33:13 2026] [::1]:62338 Accepted
[Mon Apr 20 15:33:13 2026] [::1]:62338 [200]: GET /wp-includes/js/backbone.min.js?ver=1.6.0
[Mon Apr 20 15:33:13 2026] [::1]:62338 Closing
[Mon Apr 20 15:33:13 2026] [::1]:62339 Accepted
[Mon Apr 20 15:33:13 2026] [::1]:62340 Accepted
[Mon Apr 20 15:33:13 2026] [::1]:62341 Accepted
[Mon Apr 20 15:33:13 2026] [::1]:62339 [200]: GET /wp-content/plugins/elementor/assets/lib/backbone/backbone.marionette.min.js?ver=2.4.5.e1
[Mon Apr 20 15:33:13 2026] [::1]:62342 Accepted
[Mon Apr 20 15:33:13 2026] [::1]:62340 [200]: GET /wp-content/plugins/elementor/assets/lib/backbone/backbone.radio.min.js?ver=1.0.4
[Mon Apr 20 15:33:13 2026] [::1]:62341 [200]: GET /wp-content/plugins/elementor/assets/js/common-modules.min.js?ver=4.0.2
[Mon Apr 20 15:33:13 2026] [::1]:62343 Accepted
[Mon Apr 20 15:33:13 2026] [::1]:62342 [200]: GET /wp-content/plugins/elementor/assets/js/web-cli.min.js?ver=4.0.2
[Mon Apr 20 15:33:13 2026] [::1]:62339 Closing
[Mon Apr 20 15:33:13 2026] [::1]:62340 Closing
[Mon Apr 20 15:33:13 2026] [::1]:62341 Closing
[Mon Apr 20 15:33:13 2026] [::1]:62343 [200]: GET /wp-content/plugins/elementor/assets/lib/dialog/dialog.min.js?ver=4.9.0
[Mon Apr 20 15:33:13 2026] [::1]:62342 Closing
[Mon Apr 20 15:33:13 2026] [::1]:62343 Closing
[Mon Apr 20 15:33:13 2026] [::1]:62344 Accepted
[Mon Apr 20 15:33:13 2026] [::1]:62344 [200]: GET /wp-includes/js/api-request.min.js?ver=6.9.4
[Mon Apr 20 15:33:13 2026] [::1]:62344 Closing
[Mon Apr 20 15:33:13 2026] [::1]:62345 Accepted
[Mon Apr 20 15:33:13 2026] [::1]:62345 [200]: GET /wp-content/plugins/elementor/assets/js/dev-tools.min.js?ver=4.0.2
[Mon Apr 20 15:33:13 2026] [::1]:62346 Accepted
[Mon Apr 20 15:33:13 2026] [::1]:62345 Closing
[Mon Apr 20 15:33:13 2026] [::1]:62346 [200]: GET /wp-content/plugins/elementor/assets/js/common.min.js?ver=4.0.2
[Mon Apr 20 15:33:13 2026] [::1]:62346 Closing
[Mon Apr 20 15:33:13 2026] [::1]:62347 Accepted
[Mon Apr 20 15:33:13 2026] [::1]:62348 Accepted
[Mon Apr 20 15:33:13 2026] [::1]:62347 [200]: GET /wp-content/plugins/elementor/assets/js/app-loader.min.js?ver=4.0.2
[Mon Apr 20 15:33:13 2026] [::1]:62349 Accepted
[Mon Apr 20 15:33:13 2026] [::1]:62348 [200]: GET /wp-includes/js/heartbeat.min.js?ver=6.9.4
[Mon Apr 20 15:33:13 2026] [::1]:62350 Accepted
[Mon Apr 20 15:33:13 2026] [::1]:62349 [200]: GET /wp-includes/js/wp-auth-check.min.js?ver=6.9.4
[Mon Apr 20 15:33:13 2026] [::1]:62347 Closing
[Mon Apr 20 15:33:13 2026] [::1]:62350 [200]: GET /wp-includes/js/dist/vendor/react.min.js?ver=18.3.1.1
[Mon Apr 20 15:33:13 2026] [::1]:62348 Closing
[Mon Apr 20 15:33:13 2026] [::1]:62349 Closing
[Mon Apr 20 15:33:13 2026] [::1]:62350 Closing
[Mon Apr 20 15:33:13 2026] [::1]:62351 Accepted
[Mon Apr 20 15:33:13 2026] [::1]:62351 [200]: GET /wp-includes/js/dist/vendor/react-dom.min.js?ver=18.3.1.1
[Mon Apr 20 15:33:13 2026] [::1]:62352 Accepted
[Mon Apr 20 15:33:13 2026] [::1]:62353 Accepted
[Mon Apr 20 15:33:13 2026] [::1]:62351 Closing
[Mon Apr 20 15:33:13 2026] [::1]:62352 [200]: GET /wp-includes/js/dist/vendor/react-jsx-runtime.min.js?ver=18.3.1
[Mon Apr 20 15:33:13 2026] [::1]:62352 Closing
[Mon Apr 20 15:33:13 2026] [::1]:62353 [200]: GET /wp-includes/js/dist/deprecated.min.js?ver=e1f84915c5e8ae38964c
[Mon Apr 20 15:33:13 2026] [::1]:62354 Accepted
[Mon Apr 20 15:33:13 2026] [::1]:62354 [200]: GET /wp-includes/js/dist/dom.min.js?ver=26edef3be6483da3de2e
[Mon Apr 20 15:33:13 2026] [::1]:62353 Closing
[Mon Apr 20 15:33:13 2026] [::1]:62354 Closing
[Mon Apr 20 15:33:13 2026] [::1]:62355 Accepted
[Mon Apr 20 15:33:13 2026] [::1]:62356 Accepted
[Mon Apr 20 15:33:13 2026] [::1]:62355 [200]: GET /wp-includes/js/dist/escape-html.min.js?ver=6561a406d2d232a6fbd2
[Mon Apr 20 15:33:13 2026] [::1]:62357 Accepted
[Mon Apr 20 15:33:13 2026] [::1]:62356 [200]: GET /wp-includes/js/dist/element.min.js?ver=6a582b0c827fa25df3dd
[Mon Apr 20 15:33:13 2026] [::1]:62358 Accepted
[Mon Apr 20 15:33:13 2026] [::1]:62357 [200]: GET /wp-includes/js/dist/is-shallow-equal.min.js?ver=e0f9f1d78d83f5196979
[Mon Apr 20 15:33:13 2026] [::1]:62355 Closing
[Mon Apr 20 15:33:13 2026] [::1]:62358 [200]: GET /wp-includes/js/dist/keycodes.min.js?ver=34c8fb5e7a594a1c8037
[Mon Apr 20 15:33:13 2026] [::1]:62359 Accepted
[Mon Apr 20 15:33:13 2026] [::1]:62356 Closing
[Mon Apr 20 15:33:13 2026] [::1]:62359 [200]: GET /wp-includes/js/dist/priority-queue.min.js?ver=2d59d091223ee9a33838
[Mon Apr 20 15:33:13 2026] [::1]:62357 Closing
[Mon Apr 20 15:33:13 2026] [::1]:62358 Closing
[Mon Apr 20 15:33:13 2026] [::1]:62359 Closing
[Mon Apr 20 15:33:13 2026] [::1]:62360 Accepted
[Mon Apr 20 15:33:13 2026] [::1]:62361 Accepted
[Mon Apr 20 15:33:13 2026] [::1]:62360 [200]: GET /wp-includes/js/dist/compose.min.js?ver=7a9b375d8c19cf9d3d9b
[Mon Apr 20 15:33:13 2026] [::1]:62360 Closing
[Mon Apr 20 15:33:13 2026] [::1]:62361 [200]: GET /wp-includes/js/dist/vendor/moment.min.js?ver=2.30.1
[Mon Apr 20 15:33:13 2026] [::1]:62362 Accepted
[Mon Apr 20 15:33:13 2026] [::1]:62361 Closing
[Mon Apr 20 15:33:13 2026] [::1]:62363 Accepted
[Mon Apr 20 15:33:13 2026] [::1]:62364 Accepted
[Mon Apr 20 15:33:13 2026] [::1]:62362 [200]: GET /wp-includes/js/dist/date.min.js?ver=795a56839718d3ff7eae
[Mon Apr 20 15:33:13 2026] [::1]:62363 [200]: GET /wp-includes/js/dist/html-entities.min.js?ver=e8b78b18a162491d5e5f
[Mon Apr 20 15:33:13 2026] [::1]:62365 Accepted
[Mon Apr 20 15:33:13 2026] [::1]:62364 [200]: GET /wp-includes/js/dist/primitives.min.js?ver=0b5dcc337aa7cbf75570
[Mon Apr 20 15:33:13 2026] [::1]:62366 Accepted
[Mon Apr 20 15:33:13 2026] [::1]:62363 Closing
[Mon Apr 20 15:33:13 2026] [::1]:62365 [200]: GET /wp-includes/js/dist/private-apis.min.js?ver=4f465748bda624774139
[Mon Apr 20 15:33:13 2026] [::1]:62364 Closing
[Mon Apr 20 15:33:13 2026] [::1]:62366 [200]: GET /wp-includes/js/dist/redux-routine.min.js?ver=8bb92d45458b29590f53
[Mon Apr 20 15:33:13 2026] [::1]:62367 Accepted
[Mon Apr 20 15:33:13 2026] [::1]:62365 Closing
[Mon Apr 20 15:33:13 2026] [::1]:62368 Accepted
[Mon Apr 20 15:33:13 2026] [::1]:62362 Closing
[Mon Apr 20 15:33:13 2026] [::1]:62367 [200]: GET /wp-includes/js/dist/data.min.js?ver=f940198280891b0b6318
[Mon Apr 20 15:33:13 2026] [::1]:62366 Closing
[Mon Apr 20 15:33:13 2026] [::1]:62368 [200]: GET /wp-includes/js/dist/rich-text.min.js?ver=5bdbb44f3039529e3645
[Mon Apr 20 15:33:13 2026] [::1]:62367 Closing
[Mon Apr 20 15:33:13 2026] [::1]:62368 Closing
[Mon Apr 20 15:33:13 2026] [::1]:62369 Accepted
[Mon Apr 20 15:33:13 2026] [::1]:62370 Accepted
[Mon Apr 20 15:33:13 2026] [::1]:62369 [200]: GET /wp-includes/js/dist/warning.min.js?ver=d69bc18c456d01c11d5a
[Mon Apr 20 15:33:13 2026] [::1]:62369 Closing
[Mon Apr 20 15:33:13 2026] [::1]:62370 [200]: GET /wp-includes/js/dist/components.min.js?ver=0d72a218dfea8f6f442f
[Mon Apr 20 15:33:13 2026] [::1]:62371 Accepted
[Mon Apr 20 15:33:13 2026] [::1]:62371 [200]: GET /wp-includes/js/dist/keyboard-shortcuts.min.js?ver=fbc45a34ce65c5723afa
[Mon Apr 20 15:33:13 2026] [::1]:62372 Accepted
[Mon Apr 20 15:33:13 2026] [::1]:62373 Accepted
[Mon Apr 20 15:33:13 2026] [::1]:62371 Closing
[Mon Apr 20 15:33:13 2026] [::1]:62370 Closing
[Mon Apr 20 15:33:13 2026] [::1]:62372 [200]: GET /wp-includes/js/dist/commands.min.js?ver=cac8f4817ab7cea0ac49
[Mon Apr 20 15:33:13 2026] [::1]:62374 Accepted
[Mon Apr 20 15:33:13 2026] [::1]:62372 Closing
[Mon Apr 20 15:33:13 2026] [::1]:62373 [200]: GET /wp-includes/js/dist/url.min.js?ver=9e178c9516d1222dc834
[Mon Apr 20 15:33:13 2026] [::1]:62375 Accepted
[Mon Apr 20 15:33:13 2026] [::1]:62374 [200]: GET /wp-includes/js/dist/api-fetch.min.js?ver=3a4d9af2b423048b0dee
[Mon Apr 20 15:33:13 2026] [::1]:62375 [200]: GET /wp-includes/js/dist/blob.min.js?ver=9113eed771d446f4a556
[Mon Apr 20 15:33:13 2026] [::1]:62376 Accepted
[Mon Apr 20 15:33:13 2026] [::1]:62373 Closing
[Mon Apr 20 15:33:13 2026] [::1]:62377 Accepted
[Mon Apr 20 15:33:13 2026] [::1]:62374 Closing
[Mon Apr 20 15:33:13 2026] [::1]:62376 [200]: GET /wp-includes/js/dist/block-serialization-default-parser.min.js?ver=14d44daebf663d05d330
[Mon Apr 20 15:33:13 2026] [::1]:62377 [200]: GET /wp-includes/js/dist/autop.min.js?ver=9fb50649848277dd318d
[Mon Apr 20 15:33:13 2026] [::1]:62375 Closing
[Mon Apr 20 15:33:13 2026] [::1]:62376 Closing
[Mon Apr 20 15:33:13 2026] [::1]:62378 Accepted
[Mon Apr 20 15:33:13 2026] [::1]:62377 Closing
[Mon Apr 20 15:33:13 2026] [::1]:62378 [200]: GET /wp-includes/js/dist/shortcode.min.js?ver=0b3174183b858f2df320
[Mon Apr 20 15:33:13 2026] [::1]:62379 Accepted
[Mon Apr 20 15:33:13 2026] [::1]:62378 Closing
[Mon Apr 20 15:33:13 2026] [::1]:62379 [200]: GET /wp-includes/js/dist/blocks.min.js?ver=57eca4d23daac7159d88
[Mon Apr 20 15:33:13 2026] [::1]:62379 Closing
[Mon Apr 20 15:33:13 2026] [::1]:62380 Accepted
[Mon Apr 20 15:33:13 2026] [::1]:62380 [200]: GET /wp-includes/js/dist/notices.min.js?ver=f62fbf15dcc23301922f
[Mon Apr 20 15:33:13 2026] [::1]:62381 Accepted
[Mon Apr 20 15:33:13 2026] [::1]:62381 [200]: GET /wp-includes/js/dist/preferences-persistence.min.js?ver=e954d3a4426d311f7d1a
[Mon Apr 20 15:33:13 2026] [::1]:62382 Accepted
[Mon Apr 20 15:33:13 2026] [::1]:62380 Closing
[Mon Apr 20 15:33:13 2026] [::1]:62381 Closing
[Mon Apr 20 15:33:13 2026] [::1]:62383 Accepted
[Mon Apr 20 15:33:13 2026] [::1]:62382 [200]: GET /wp-includes/js/dist/preferences.min.js?ver=2ca086aed510c242a1ed
[Mon Apr 20 15:33:13 2026] [::1]:62383 [200]: GET /wp-includes/js/dist/style-engine.min.js?ver=7c6fcedc37dadafb8a81
[Mon Apr 20 15:33:13 2026] [::1]:62382 Closing
[Mon Apr 20 15:33:13 2026] [::1]:62383 Closing
[Mon Apr 20 15:33:13 2026] [::1]:62384 Accepted
[Mon Apr 20 15:33:13 2026] [::1]:62384 [200]: GET /wp-includes/js/dist/token-list.min.js?ver=cfdf635a436c3953a965
[Mon Apr 20 15:33:13 2026] [::1]:62384 Closing
[Mon Apr 20 15:33:13 2026] [::1]:62385 Accepted
[Mon Apr 20 15:33:13 2026] [::1]:62386 Accepted
[Mon Apr 20 15:33:13 2026] [::1]:62385 [200]: GET /wp-includes/js/dist/block-editor.min.js?ver=addf558a422e2ee57920
[Mon Apr 20 15:33:13 2026] [::1]:62386 [200]: GET /wp-includes/js/dist/core-data.min.js?ver=15baadfe6e1374188072
[Mon Apr 20 15:33:13 2026] [::1]:62387 Accepted
[Mon Apr 20 15:33:13 2026] [::1]:62388 Accepted
[Mon Apr 20 15:33:13 2026] [::1]:62386 Closing
[Mon Apr 20 15:33:13 2026] [::1]:62387 [200]: GET /wp-includes/js/dist/router.min.js?ver=2dfc4b954318a03e6a76
[Mon Apr 20 15:33:13 2026] [::1]:62388 [200]: GET /wp-includes/js/dist/core-commands.min.js?ver=effe2d88d7f0c50a8ce9
[Mon Apr 20 15:33:13 2026] [::1]:62389 Accepted
[Mon Apr 20 15:33:13 2026] [::1]:62390 Accepted
[Mon Apr 20 15:33:13 2026] [::1]:62389 [200]: GET /wp-content/plugins/elementor/vendor/elementor/wp-one-package/assets/build/common.js?ver=71fc09ea1a9e23155639
[Mon Apr 20 15:33:13 2026] [::1]:62387 Closing
[Mon Apr 20 15:33:13 2026] [::1]:62388 Closing
[Mon Apr 20 15:33:13 2026] [::1]:62390 [200]: GET /wp-content/plugins/elementor/assets/js/editor-one-menu.min.js?ver=4.0.2
[Mon Apr 20 15:33:13 2026] [::1]:62391 Accepted
[Mon Apr 20 15:33:13 2026] [::1]:62385 Closing
[Mon Apr 20 15:33:13 2026] [::1]:62389 Closing
[Mon Apr 20 15:33:13 2026] [::1]:62392 Accepted
[Mon Apr 20 15:33:13 2026] [::1]:62391 [200]: GET /wp-content/plugins/elementor/assets/js/import-export-admin.min.js?ver=4.0.2
[Mon Apr 20 15:33:13 2026] [::1]:62390 Closing
[Mon Apr 20 15:33:13 2026] [::1]:62393 Accepted
[Mon Apr 20 15:33:13 2026] [::1]:62392 [200]: GET /wp-content/plugins/elementor/assets/js/import-export-customization-admin.min.js?ver=4.0.2
[Mon Apr 20 15:33:13 2026] [::1]:62393 [200]: GET /wp-content/plugins/elementor/assets/js/admin-modules.min.js?ver=4.0.2
[Mon Apr 20 15:33:13 2026] [::1]:62391 Closing
[Mon Apr 20 15:33:13 2026] [::1]:62392 Closing
[Mon Apr 20 15:33:13 2026] [::1]:62394 Accepted
[Mon Apr 20 15:33:13 2026] [::1]:62393 Closing
[Mon Apr 20 15:33:13 2026] [::1]:62394 [200]: GET /wp-content/plugins/elementor/assets/js/admin.min.js?ver=4.0.2
[Mon Apr 20 15:33:13 2026] [::1]:62394 Closing
[Mon Apr 20 15:33:13 2026] [::1]:62395 Accepted
[Mon Apr 20 15:33:13 2026] [::1]:62395 [200]: GET /wp-content/plugins/elementor/assets/js/media-hints.min.js?ver=4.0.2
[Mon Apr 20 15:33:13 2026] [::1]:62396 Accepted
[Mon Apr 20 15:33:13 2026] [::1]:62397 Accepted
[Mon Apr 20 15:33:13 2026] [::1]:62395 Closing
[Mon Apr 20 15:33:13 2026] [::1]:62396 [200]: GET /wp-includes/js/thickbox/thickbox.js?ver=3.1-20121105
[Mon Apr 20 15:33:13 2026] [::1]:62397 [200]: GET /wp-admin/js/accordion.min.js?ver=6.9.4
[Mon Apr 20 15:33:13 2026] [::1]:62396 Closing
[Mon Apr 20 15:33:13 2026] [::1]:62397 Closing
[Mon Apr 20 15:33:13 2026] [::1]:62398 Accepted
[Mon Apr 20 15:33:13 2026] [::1]:62398 [200]: GET /wp-includes/js/thickbox/loadingAnimation.gif
[Mon Apr 20 15:33:13 2026] [::1]:62398 Closing
[Mon Apr 20 15:33:16 2026] [::1]:62399 Accepted
[Mon Apr 20 15:33:16 2026] [::1]:62400 Accepted
[Mon Apr 20 15:33:16 2026] [::1]:62399 [200]: GET /
[Mon Apr 20 15:33:16 2026] [::1]:62399 Closing
[Mon Apr 20 15:33:16 2026] [::1]:62400 [200]: GET /wp-content/themes/tijus-theme/assets/css/vendor/plugins.min.css
[Mon Apr 20 15:33:16 2026] [::1]:62402 Accepted
[Mon Apr 20 15:33:17 2026] [::1]:62402 [200]: GET /wp-content/themes/tijus-theme/assets/css/style.min.css
[Mon Apr 20 15:33:17 2026] [::1]:62400 Closing
[Mon Apr 20 15:33:17 2026] [::1]:62402 Closing
[Mon Apr 20 15:33:17 2026] [::1]:62403 Accepted
[Mon Apr 20 15:33:17 2026] [::1]:62403 [200]: GET /wp-includes/css/dashicons.min.css?ver=6.9.4
[Mon Apr 20 15:33:17 2026] [::1]:62404 Accepted
[Mon Apr 20 15:33:17 2026] [::1]:62403 Closing
[Mon Apr 20 15:33:17 2026] [::1]:62405 Accepted
[Mon Apr 20 15:33:17 2026] [::1]:62404 [200]: GET /wp-includes/css/admin-bar.min.css?ver=6.9.4
[Mon Apr 20 15:33:17 2026] [::1]:62405 [200]: GET /wp-content/plugins/elementor/assets/lib/eicons/css/elementor-icons.min.css?ver=5.48.0
[Mon Apr 20 15:33:17 2026] [::1]:62404 Closing
[Mon Apr 20 15:33:17 2026] [::1]:62405 Closing
[Mon Apr 20 15:33:17 2026] [::1]:62406 Accepted
[Mon Apr 20 15:33:17 2026] [::1]:62406 [200]: GET /wp-content/plugins/elementor/assets/css/common.min.css?ver=4.0.2
[Mon Apr 20 15:33:17 2026] [::1]:62406 Closing
[Mon Apr 20 15:33:17 2026] [::1]:62407 Accepted
[Mon Apr 20 15:33:17 2026] [::1]:62408 Accepted
[Mon Apr 20 15:33:17 2026] [::1]:62407 [200]: GET /wp-content/plugins/elementor/assets/css/theme-light.min.css?ver=4.0.2
[Mon Apr 20 15:33:17 2026] [::1]:62407 Closing
[Mon Apr 20 15:33:17 2026] [::1]:62408 [200]: GET /wp-content/themes/tijus-theme/style.css?ver=1.0.0
[Mon Apr 20 15:33:17 2026] [::1]:62408 Closing
[Mon Apr 20 15:33:17 2026] [::1]:62409 Accepted
[Mon Apr 20 15:33:17 2026] [::1]:62410 Accepted
[Mon Apr 20 15:33:17 2026] [::1]:62411 Accepted
[Mon Apr 20 15:33:17 2026] [::1]:62409 [200]: GET /wp-content/plugins/elementor/assets/css/frontend.min.css?ver=4.0.2
[Mon Apr 20 15:33:17 2026] [::1]:62410 [200]: GET /wp-content/plugins/elementor/assets/css/admin-bar.min.css?ver=4.0.2
[Mon Apr 20 15:33:17 2026] [::1]:62411 [200]: GET /wp-content/uploads/elementor/css/post-6.css?ver=1776486962
[Mon Apr 20 15:33:17 2026] [::1]:62409 Closing
[Mon Apr 20 15:33:17 2026] [::1]:62410 Closing
[Mon Apr 20 15:33:17 2026] [::1]:62411 Closing
[Mon Apr 20 15:33:17 2026] [::1]:62412 Accepted
[Mon Apr 20 15:33:17 2026] [::1]:62412 [200]: GET /wp-content/uploads/elementor/css/post-10.css?ver=1776513654
[Mon Apr 20 15:33:17 2026] [::1]:62413 Accepted
[Mon Apr 20 15:33:17 2026] [::1]:62412 Closing
[Mon Apr 20 15:33:17 2026] [::1]:62413 [200]: GET /wp-content/uploads/elementor/css/base-desktop.css?ver=69e30a32eaae0
[Mon Apr 20 15:33:17 2026] [::1]:62413 Closing
[Mon Apr 20 15:33:17 2026] [::1]:62414 Accepted
[Mon Apr 20 15:33:17 2026] [::1]:62414 [200]: GET /wp-includes/js/jquery/jquery.min.js?ver=3.7.1
[Mon Apr 20 15:33:17 2026] [::1]:62414 Closing
[Mon Apr 20 15:33:17 2026] [::1]:62415 Accepted
[Mon Apr 20 15:33:17 2026] [::1]:62416 Accepted
[Mon Apr 20 15:33:17 2026] [::1]:62415 [200]: GET /wp-includes/js/jquery/jquery-migrate.min.js?ver=3.4.1
[Mon Apr 20 15:33:17 2026] [::1]:62416 [200]: GET /wp-content/uploads/2026/04/logo.webp
[Mon Apr 20 15:33:17 2026] [::1]:62417 Accepted
[Mon Apr 20 15:33:17 2026] [::1]:62415 Closing
[Mon Apr 20 15:33:17 2026] [::1]:62417 [200]: GET /wp-content/themes/tijus-theme/assets/images/shape/shape-8.png
[Mon Apr 20 15:33:17 2026] [::1]:62416 Closing
[Mon Apr 20 15:33:17 2026] [::1]:62417 Closing
[Mon Apr 20 15:33:17 2026] [::1]:62418 Accepted
[Mon Apr 20 15:33:17 2026] [::1]:62419 Accepted
[Mon Apr 20 15:33:17 2026] [::1]:62418 [200]: GET /wp-content/themes/tijus-theme/assets/images/shape/shape-5.png
[Mon Apr 20 15:33:17 2026] [::1]:62419 [200]: GET /wp-content/themes/tijus-theme/assets/images/shape/shape-6.png
[Mon Apr 20 15:33:17 2026] [::1]:62418 Closing
[Mon Apr 20 15:33:17 2026] [::1]:62419 Closing
[Mon Apr 20 15:33:17 2026] [::1]:62420 Accepted
[Mon Apr 20 15:33:17 2026] [::1]:62420 [200]: GET /wp-content/themes/tijus-theme/assets/images/shape/shape-7.png
[Mon Apr 20 15:33:17 2026] [::1]:62420 Closing
[Mon Apr 20 15:33:17 2026] [::1]:62421 Accepted
[Mon Apr 20 15:33:17 2026] [::1]:62422 Accepted
[Mon Apr 20 15:33:17 2026] [::1]:62423 Accepted
[Mon Apr 20 15:33:17 2026] [::1]:62421 [200]: GET /wp-includes/js/jquery/ui/core.min.js?ver=1.13.3
[Mon Apr 20 15:33:17 2026] [::1]:62422 [200]: GET /wp-includes/js/jquery/ui/mouse.min.js?ver=1.13.3
[Mon Apr 20 15:33:17 2026] [::1]:62423 [200]: GET /wp-includes/js/jquery/ui/draggable.min.js?ver=1.13.3
[Mon Apr 20 15:33:17 2026] [::1]:62421 Closing
[Mon Apr 20 15:33:17 2026] [::1]:62422 Closing
[Mon Apr 20 15:33:17 2026] [::1]:62423 Closing
[Mon Apr 20 15:33:17 2026] [::1]:62424 Accepted
[Mon Apr 20 15:33:17 2026] [::1]:62424 [200]: GET /wp-includes/js/underscore.min.js?ver=1.13.7
[Mon Apr 20 15:33:17 2026] [::1]:62424 Closing
[Mon Apr 20 15:33:17 2026] [::1]:62425 Accepted
[Mon Apr 20 15:33:17 2026] [::1]:62425 [200]: GET /wp-includes/js/backbone.min.js?ver=1.6.0
[Mon Apr 20 15:33:17 2026] [::1]:62425 Closing
[Mon Apr 20 15:33:17 2026] [::1]:62426 Accepted
[Mon Apr 20 15:33:17 2026] [::1]:62426 [200]: GET /wp-content/plugins/elementor/assets/lib/backbone/backbone.marionette.min.js?ver=2.4.5.e1
[Mon Apr 20 15:33:17 2026] [::1]:62426 Closing
[Mon Apr 20 15:33:17 2026] [::1]:62427 Accepted
[Mon Apr 20 15:33:17 2026] [::1]:62427 [200]: GET /wp-content/plugins/elementor/assets/lib/backbone/backbone.radio.min.js?ver=1.0.4
[Mon Apr 20 15:33:17 2026] [::1]:62428 Accepted
[Mon Apr 20 15:33:17 2026] [::1]:62428 [200]: GET /wp-content/plugins/elementor/assets/js/common-modules.min.js?ver=4.0.2
[Mon Apr 20 15:33:17 2026] [::1]:62427 Closing
[Mon Apr 20 15:33:17 2026] [::1]:62428 Closing
[Mon Apr 20 15:33:17 2026] [::1]:62429 Accepted
[Mon Apr 20 15:33:17 2026] [::1]:62429 [200]: GET /wp-content/plugins/elementor/assets/js/web-cli.min.js?ver=4.0.2
[Mon Apr 20 15:33:17 2026] [::1]:62429 Closing
[Mon Apr 20 15:33:17 2026] [::1]:62430 Accepted
[Mon Apr 20 15:33:17 2026] [::1]:62430 [200]: GET /wp-content/plugins/elementor/assets/lib/dialog/dialog.min.js?ver=4.9.4
[Mon Apr 20 15:33:17 2026] [::1]:62430 Closing
[Mon Apr 20 15:33:17 2026] [::1]:62431 Accepted
[Mon Apr 20 15:33:17 2026] [::1]:62431 [200]: GET /wp-includes/js/api-request.min.js?ver=6.9.4
[Mon Apr 20 15:33:17 2026] [::1]:62431 Closing
[Mon Apr 20 15:33:17 2026] [::1]:62432 Accepted
[Mon Apr 20 15:33:17 2026] [::1]:62433 Accepted
[Mon Apr 20 15:33:17 2026] [::1]:62434 Accepted
[Mon Apr 20 15:33:17 2026] [::1]:62432 [200]: GET /wp-content/plugins/elementor/assets/js/dev-tools.min.js?ver=4.0.2
[Mon Apr 20 15:33:17 2026] [::1]:62433 [200]: GET /wp-includes/js/dist/hooks.min.js?ver=dd5603f07f9220ed27f1
[Mon Apr 20 15:33:17 2026] [::1]:62434 [200]: GET /wp-includes/js/dist/i18n.min.js?ver=c26c3dc7bed366793375
[Mon Apr 20 15:33:17 2026] [::1]:62432 Closing
[Mon Apr 20 15:33:17 2026] [::1]:62433 Closing
[Mon Apr 20 15:33:17 2026] [::1]:62434 Closing
[Mon Apr 20 15:33:17 2026] [::1]:62435 Accepted
[Mon Apr 20 15:33:17 2026] [::1]:62436 Accepted
[Mon Apr 20 15:33:17 2026] [::1]:62435 [200]: GET /wp-content/plugins/elementor/assets/js/common.min.js?ver=4.0.2
[Mon Apr 20 15:33:17 2026] [::1]:62437 Accepted
[Mon Apr 20 15:33:17 2026] [::1]:62436 [200]: GET /wp-content/plugins/elementor/assets/js/app-loader.min.js?ver=4.0.2
[Mon Apr 20 15:33:17 2026] [::1]:62437 [200]: GET /wp-content/themes/tijus-theme/assets/js/vendor/modernizr-3.11.2.min.js?ver=3.11.2
[Mon Apr 20 15:33:17 2026] [::1]:62436 Closing
[Mon Apr 20 15:33:17 2026] [::1]:62437 Closing
[Mon Apr 20 15:33:17 2026] [::1]:62435 Closing
[Mon Apr 20 15:33:17 2026] [::1]:62438 Accepted
[Mon Apr 20 15:33:17 2026] [::1]:62438 [200]: GET /wp-content/themes/tijus-theme/assets/js/plugins.min.js?ver=1.0.0
[Mon Apr 20 15:33:17 2026] [::1]:62439 Accepted
[Mon Apr 20 15:33:17 2026] [::1]:62438 Closing
[Mon Apr 20 15:33:17 2026] [::1]:62439 [200]: GET /wp-content/themes/tijus-theme/assets/js/main.js?ver=1.0.0
[Mon Apr 20 15:33:17 2026] [::1]:62439 Closing
[Mon Apr 20 15:33:17 2026] [::1]:62440 Accepted
[Mon Apr 20 15:33:17 2026] [::1]:62440 [200]: GET /wp-content/plugins/elementor/assets/js/webpack.runtime.min.js?ver=4.0.2
[Mon Apr 20 15:33:17 2026] [::1]:62440 Closing
[Mon Apr 20 15:33:17 2026] [::1]:62441 Accepted
[Mon Apr 20 15:33:17 2026] [::1]:62441 [200]: GET /wp-content/plugins/elementor/assets/js/frontend-modules.min.js?ver=4.0.2
[Mon Apr 20 15:33:17 2026] [::1]:62441 Closing
[Mon Apr 20 15:33:17 2026] [::1]:62442 Accepted
[Mon Apr 20 15:33:17 2026] [::1]:62442 [200]: GET /wp-content/plugins/elementor/assets/js/frontend.min.js?ver=4.0.2
[Mon Apr 20 15:33:17 2026] [::1]:62442 Closing
[Mon Apr 20 15:33:17 2026] [::1]:62443 Accepted
[Mon Apr 20 15:33:17 2026] [::1]:62443 [200]: GET /wp-content/plugins/elementor/assets/js/elementor-admin-bar.min.js?ver=4.0.2
[Mon Apr 20 15:33:17 2026] [::1]:62443 Closing
[Mon Apr 20 15:33:17 2026] [::1]:62444 Accepted
[Mon Apr 20 15:33:17 2026] [::1]:62445 Accepted
[Mon Apr 20 15:33:17 2026] [::1]:62444 [200]: GET /wp-includes/js/hoverintent-js.min.js?ver=2.2.1
[Mon Apr 20 15:33:17 2026] [::1]:62445 [200]: GET /wp-includes/js/admin-bar.min.js?ver=6.9.4
[Mon Apr 20 15:33:17 2026] [::1]:62444 Closing
[Mon Apr 20 15:33:17 2026] [::1]:62445 Closing
[Mon Apr 20 15:33:17 2026] [::1]:62446 Accepted
[Mon Apr 20 15:33:17 2026] [::1]:62447 Accepted
[Mon Apr 20 15:33:17 2026] [::1]:62448 Accepted
[Mon Apr 20 15:33:17 2026] [::1]:62446 [200]: GET /wp-content/themes/tijus-theme/assets/fonts/flaticon.ttf?655915d50ed0facf464660ba648373b0
[Mon Apr 20 15:33:17 2026] [::1]:62447 [200]: GET /wp-content/themes/tijus-theme/assets/fonts/icofont.woff2
[Mon Apr 20 15:33:17 2026] [::1]:62448 [200]: GET /wp-content/themes/tijus-theme/assets/images/shape/shape-4.png
[Mon Apr 20 15:33:17 2026] [::1]:62446 Closing
[Mon Apr 20 15:33:17 2026] [::1]:62448 Closing
[Mon Apr 20 15:33:17 2026] [::1]:62447 Closing
[Mon Apr 20 15:33:17 2026] [::1]:62449 Accepted
[Mon Apr 20 15:33:17 2026] [::1]:62449 [200]: GET /wp-content/themes/tijus-theme/assets/images/shape/shape-3.png
[Mon Apr 20 15:33:17 2026] [::1]:62450 Accepted
[Mon Apr 20 15:33:17 2026] [::1]:62449 Closing
[Mon Apr 20 15:33:17 2026] [::1]:62450 [200]: GET /wp-content/themes/tijus-theme/assets/images/shape/shape-1.png
[Mon Apr 20 15:33:17 2026] [::1]:62450 Closing
[Mon Apr 20 15:33:17 2026] [::1]:62451 Accepted
[Mon Apr 20 15:33:17 2026] [::1]:62452 Accepted
[Mon Apr 20 15:33:17 2026] [::1]:62453 Accepted
[Mon Apr 20 15:33:17 2026] [::1]:62451 [200]: GET /wp-content/plugins/elementor/assets/lib/eicons/fonts/eicons.woff2?5.48.0
[Mon Apr 20 15:33:17 2026] [::1]:62452 [200]: GET /wp-content/themes/tijus-theme/assets/images/shape/shape-2.png
[Mon Apr 20 15:33:17 2026] [::1]:62453 [200]: GET /wp-content/themes/tijus-theme/assets/images/shape/shape-11.png
[Mon Apr 20 15:33:17 2026] [::1]:62451 Closing
[Mon Apr 20 15:33:17 2026] [::1]:62452 Closing
[Mon Apr 20 15:33:17 2026] [::1]:62453 Closing
[Mon Apr 20 15:33:17 2026] [::1]:62454 Accepted
[Mon Apr 20 15:33:17 2026] [::1]:62455 Accepted
[Mon Apr 20 15:33:17 2026] [::1]:62454 [200]: GET /wp-content/themes/tijus-theme/assets/images/slider/slider-1.png
[Mon Apr 20 15:33:17 2026] [::1]:62455 [200]: GET /wp-content/themes/tijus-theme/assets/images/shape/shape-9.png
[Mon Apr 20 15:33:17 2026] [::1]:62454 Closing
[Mon Apr 20 15:33:17 2026] [::1]:62455 Closing
[Mon Apr 20 15:33:17 2026] [::1]:62456 Accepted
[Mon Apr 20 15:33:17 2026] [::1]:62456 [200]: GET /wp-content/themes/tijus-theme/assets/images/shape/shape-10.png
[Mon Apr 20 15:33:17 2026] [::1]:62456 Closing
[Mon Apr 20 15:33:17 2026] [::1]:62457 Accepted
[Mon Apr 20 15:33:17 2026] [::1]:62458 Accepted
[Mon Apr 20 15:33:17 2026] [::1]:62457 [200]: GET /wp-content/themes/tijus-theme/assets/images/courses/courses-01.jpg
[Mon Apr 20 15:33:17 2026] [::1]:62458 [200]: GET /wp-content/themes/tijus-theme/assets/images/shape/shape-12.png
[Mon Apr 20 15:33:17 2026] [::1]:62457 Closing
[Mon Apr 20 15:33:17 2026] [::1]:62458 Closing
[Mon Apr 20 15:33:17 2026] [::1]:62459 Accepted
[Mon Apr 20 15:33:17 2026] [::1]:62459 [200]: GET /wp-content/themes/tijus-theme/assets/images/shape/shape-13.svg
[Mon Apr 20 15:33:17 2026] [::1]:62460 Accepted
[Mon Apr 20 15:33:17 2026] [::1]:62459 Closing
[Mon Apr 20 15:33:17 2026] [::1]:62461 Accepted
[Mon Apr 20 15:33:17 2026] [::1]:62460 [200]: GET /wp-content/themes/tijus-theme/assets/images/shape/shape-15.png
[Mon Apr 20 15:33:17 2026] [::1]:62461 [200]: GET /wp-content/themes/tijus-theme/assets/images/shape/shape-17.png
[Mon Apr 20 15:33:17 2026] [::1]:62460 Closing
[Mon Apr 20 15:33:17 2026] [::1]:62461 Closing
[Mon Apr 20 15:33:17 2026] [::1]:62462 Accepted
[Mon Apr 20 15:33:17 2026] [::1]:62462 [200]: GET /wp-content/themes/tijus-theme/assets/images/shape/shape-16.png
[Mon Apr 20 15:33:17 2026] [::1]:62462 Closing
[Mon Apr 20 15:33:17 2026] [::1]:62463 Accepted
[Mon Apr 20 15:33:17 2026] [::1]:62463 [200]: GET /wp-content/themes/tijus-theme/assets/images/shape/shape-14.png
[Mon Apr 20 15:33:17 2026] [::1]:62464 Accepted
[Mon Apr 20 15:33:17 2026] [::1]:62463 Closing
[Mon Apr 20 15:33:17 2026] [::1]:62464 [200]: GET /wp-content/themes/tijus-theme/assets/images/google-play.png
[Mon Apr 20 15:33:17 2026] [::1]:62464 Closing
[Mon Apr 20 15:33:17 2026] [::1]:62465 Accepted
[Mon Apr 20 15:33:17 2026] [::1]:62465 [200]: GET /wp-content/themes/tijus-theme/assets/images/app-store.png
[Mon Apr 20 15:33:17 2026] [::1]:62465 Closing
[Mon Apr 20 15:33:17 2026] [::1]:62466 Accepted
[Mon Apr 20 15:33:17 2026] [::1]:62466 [200]: GET /wp-content/themes/tijus-theme/assets/images/author/author-06.jpg
[Mon Apr 20 15:33:17 2026] [::1]:62466 Closing
[Mon Apr 20 15:33:17 2026] [::1]:62467 Accepted
[Mon Apr 20 15:33:17 2026] [::1]:62468 Accepted
[Mon Apr 20 15:33:17 2026] [::1]:62467 [200]: GET /wp-content/themes/tijus-theme/assets/images/author/author-07.jpg
[Mon Apr 20 15:33:17 2026] [::1]:62468 [200]: GET /wp-content/themes/tijus-theme/assets/images/author/author-03.jpg
[Mon Apr 20 15:33:17 2026] [::1]:62467 Closing
[Mon Apr 20 15:33:17 2026] [::1]:62468 Closing
[Mon Apr 20 15:33:17 2026] [::1]:62469 Accepted
[Mon Apr 20 15:33:17 2026] [::1]:62469 [200]: GET /wp-content/themes/tijus-theme/assets/images/shape/shape-19.png
[Mon Apr 20 15:33:17 2026] [::1]:62469 Closing
[Mon Apr 20 15:33:17 2026] [::1]:62470 Accepted
[Mon Apr 20 15:33:17 2026] [::1]:62470 [200]: GET /wp-content/themes/tijus-theme/assets/images/shape/shape-20.png
[Mon Apr 20 15:33:17 2026] [::1]:62470 Closing
[Mon Apr 20 15:33:17 2026] [::1]:62471 Accepted
[Mon Apr 20 15:33:17 2026] [::1]:62471 [200]: GET /wp-content/themes/tijus-theme/assets/images/brand/brand-01.png
[Mon Apr 20 15:33:17 2026] [::1]:62471 Closing
[Mon Apr 20 15:33:17 2026] [::1]:62472 Accepted
[Mon Apr 20 15:33:17 2026] [::1]:62473 Accepted
[Mon Apr 20 15:33:17 2026] [::1]:62474 Accepted
[Mon Apr 20 15:33:17 2026] [::1]:62472 [200]: GET /wp-content/themes/tijus-theme/assets/images/brand/brand-02.png
[Mon Apr 20 15:33:17 2026] [::1]:62473 [200]: GET /wp-content/themes/tijus-theme/assets/images/brand/brand-03.png
[Mon Apr 20 15:33:17 2026] [::1]:62474 [200]: GET /wp-content/themes/tijus-theme/assets/images/brand/brand-04.png
[Mon Apr 20 15:33:17 2026] [::1]:62472 Closing
[Mon Apr 20 15:33:17 2026] [::1]:62473 Closing
[Mon Apr 20 15:33:17 2026] [::1]:62474 Closing
[Mon Apr 20 15:33:17 2026] [::1]:62475 Accepted
[Mon Apr 20 15:33:17 2026] [::1]:62476 Accepted
[Mon Apr 20 15:33:17 2026] [::1]:62477 Accepted
[Mon Apr 20 15:33:17 2026] [::1]:62475 [200]: GET /wp-content/themes/tijus-theme/assets/images/brand/brand-05.png
[Mon Apr 20 15:33:17 2026] [::1]:62476 [200]: GET /wp-content/themes/tijus-theme/assets/images/brand/brand-06.png
[Mon Apr 20 15:33:17 2026] [::1]:62477 [200]: GET /wp-content/themes/tijus-theme/assets/images/blog/blog-01.jpg
[Mon Apr 20 15:33:17 2026] [::1]:62475 Closing
[Mon Apr 20 15:33:17 2026] [::1]:62476 Closing
[Mon Apr 20 15:33:17 2026] [::1]:62477 Closing
[Mon Apr 20 15:33:17 2026] [::1]:62478 Accepted
[Mon Apr 20 15:33:17 2026] [::1]:62478 [200]: GET /wp-content/themes/tijus-theme/assets/images/shape/shape-21.png
[Mon Apr 20 15:33:17 2026] [::1]:62478 Closing
[Mon Apr 20 15:33:17 2026] [::1]:62479 Accepted
[Mon Apr 20 15:33:17 2026] [::1]:62480 Accepted
[Mon Apr 20 15:33:17 2026] [::1]:62481 Accepted
[Mon Apr 20 15:33:17 2026] [::1]:62479 [200]: GET /wp-content/themes/tijus-theme/assets/images/shape/shape-22.png
[Mon Apr 20 15:33:17 2026] [::1]:62480 [200]: GET /wp-content/themes/tijus-theme/assets/images/shape/shape-18.png
[Mon Apr 20 15:33:17 2026] [::1]:62481 [200]: GET /wp-content/plugins/elementor/assets/js/section-frontend-handlers.d85ab872da118940910d.bundle.min.js
[Mon Apr 20 15:33:17 2026] [::1]:62479 Closing
[Mon Apr 20 15:33:17 2026] [::1]:62480 Closing
[Mon Apr 20 15:33:17 2026] [::1]:62481 Closing
[Mon Apr 20 15:33:17 2026] [::1]:62482 Accepted
[Mon Apr 20 15:33:17 2026] [::1]:62482 [200]: GET /wp-content/plugins/elementor/assets/js/shared-frontend-handlers.03caa53373b56d3bab67.bundle.min.js
[Mon Apr 20 15:33:17 2026] [::1]:62482 Closing
[Mon Apr 20 15:33:17 2026] [::1]:62483 Accepted
[Mon Apr 20 15:33:17 2026] [::1]:62483 [200]: GET /wp-includes/js/wp-emoji-release.min.js?ver=6.9.4
[Mon Apr 20 15:33:17 2026] [::1]:62483 Closing
[Mon Apr 20 15:33:17 2026] [::1]:62484 Accepted
[Mon Apr 20 15:33:17 2026] [::1]:62484 [200]: GET /wp-content/themes/tijus-theme/assets/images/favicon.ico
[Mon Apr 20 15:33:17 2026] [::1]:62484 Closing
[Mon Apr 20 15:33:19 2026] [::1]:62485 Accepted
[Mon Apr 20 15:33:19 2026] [::1]:62485 Closing
[Mon Apr 20 15:33:19 2026] [::1]:62486 Accepted
[Mon Apr 20 15:33:19 2026] [::1]:62486 [200]: GET /wp-content/themes/tijus-theme/assets/css/vendor/plugins.min.css
[Mon Apr 20 15:33:19 2026] [::1]:62486 Closing
[Mon Apr 20 15:33:19 2026] [::1]:62488 Accepted
[Mon Apr 20 15:33:19 2026] [::1]:62489 Accepted
[Mon Apr 20 15:33:19 2026] [::1]:62490 Accepted
[Mon Apr 20 15:33:19 2026] [::1]:62488 [200]: GET /wp-content/themes/tijus-theme/assets/css/style.min.css
[Mon Apr 20 15:33:19 2026] [::1]:62491 Accepted
[Mon Apr 20 15:33:19 2026] [::1]:62489 [200]: GET /wp-includes/css/dashicons.min.css?ver=6.9.4
[Mon Apr 20 15:33:19 2026] [::1]:62490 [200]: GET /wp-includes/css/admin-bar.min.css?ver=6.9.4
[Mon Apr 20 15:33:19 2026] [::1]:62492 Accepted
[Mon Apr 20 15:33:19 2026] [::1]:62491 [200]: GET /wp-content/plugins/elementor/assets/lib/eicons/css/elementor-icons.min.css?ver=5.48.0
[Mon Apr 20 15:33:19 2026] [::1]:62492 [200]: GET /wp-content/plugins/elementor/assets/css/common.min.css?ver=4.0.2
[Mon Apr 20 15:33:19 2026] [::1]:62489 Closing
[Mon Apr 20 15:33:19 2026] [::1]:62490 Closing
[Mon Apr 20 15:33:19 2026] [::1]:62491 Closing
[Mon Apr 20 15:33:19 2026] [::1]:62488 Closing
[Mon Apr 20 15:33:19 2026] [::1]:62492 Closing
[Mon Apr 20 15:33:19 2026] [::1]:62493 Accepted
[Mon Apr 20 15:33:19 2026] [::1]:62494 Accepted
[Mon Apr 20 15:33:19 2026] [::1]:62493 [200]: GET /wp-content/plugins/elementor/assets/css/theme-light.min.css?ver=4.0.2
[Mon Apr 20 15:33:19 2026] [::1]:62495 Accepted
[Mon Apr 20 15:33:19 2026] [::1]:62494 [200]: GET /wp-includes/css/dist/block-library/style.min.css?ver=6.9.4
[Mon Apr 20 15:33:19 2026] [::1]:62493 Closing
[Mon Apr 20 15:33:19 2026] [::1]:62496 Accepted
[Mon Apr 20 15:33:19 2026] [::1]:62494 Closing
[Mon Apr 20 15:33:19 2026] [::1]:62495 [200]: GET /wp-content/themes/tijus-theme/style.css?ver=1.0.0
[Mon Apr 20 15:33:19 2026] [::1]:62496 [200]: GET /wp-includes/js/jquery/jquery.min.js?ver=3.7.1
[Mon Apr 20 15:33:19 2026] [::1]:62495 Closing
[Mon Apr 20 15:33:19 2026] [::1]:62496 Closing
[Mon Apr 20 15:33:19 2026] [::1]:62497 Accepted
[Mon Apr 20 15:33:19 2026] [::1]:62497 [200]: GET /wp-includes/js/jquery/jquery-migrate.min.js?ver=3.4.1
[Mon Apr 20 15:33:19 2026] [::1]:62497 Closing
[Mon Apr 20 15:33:19 2026] [::1]:62498 Accepted
[Mon Apr 20 15:33:19 2026] [::1]:62499 Accepted
[Mon Apr 20 15:33:19 2026] [::1]:62498 [200]: GET /wp-content/uploads/2026/04/logo.webp
[Mon Apr 20 15:33:19 2026] [::1]:62498 Closing
[Mon Apr 20 15:33:19 2026] [::1]:62499 [200]: GET /wp-content/themes/tijus-theme/assets/images/shape/shape-8.png
[Mon Apr 20 15:33:19 2026] [::1]:62499 Closing
[Mon Apr 20 15:33:19 2026] [::1]:62500 Accepted
[Mon Apr 20 15:33:19 2026] [::1]:62501 Accepted
[Mon Apr 20 15:33:19 2026] [::1]:62500 [200]: GET /wp-content/themes/tijus-theme/assets/images/shape/shape-23.png
[Mon Apr 20 15:33:19 2026] [::1]:62501 [200]: GET /wp-content/themes/tijus-theme/assets/images/shape/shape-5.png
[Mon Apr 20 15:33:19 2026] [::1]:62500 Closing
[Mon Apr 20 15:33:19 2026] [::1]:62501 Closing
[Mon Apr 20 15:33:19 2026] [::1]:62502 Accepted
[Mon Apr 20 15:33:19 2026] [::1]:62502 [200]: GET /wp-content/themes/tijus-theme/assets/images/shape/shape-6.png
[Mon Apr 20 15:33:19 2026] [::1]:62503 Accepted
[Mon Apr 20 15:33:19 2026] [::1]:62504 Accepted
[Mon Apr 20 15:33:19 2026] [::1]:62503 [200]: GET /wp-includes/js/hoverintent-js.min.js?ver=2.2.1
[Mon Apr 20 15:33:19 2026] [::1]:62505 Accepted
[Mon Apr 20 15:33:19 2026] [::1]:62502 Closing
[Mon Apr 20 15:33:19 2026] [::1]:62504 [200]: GET /wp-includes/js/admin-bar.min.js?ver=6.9.4
[Mon Apr 20 15:33:19 2026] [::1]:62506 Accepted
[Mon Apr 20 15:33:19 2026] [::1]:62505 [200]: GET /wp-includes/js/jquery/ui/core.min.js?ver=1.13.3
[Mon Apr 20 15:33:19 2026] [::1]:62507 Accepted
[Mon Apr 20 15:33:19 2026] [::1]:62506 [200]: GET /wp-includes/js/jquery/ui/mouse.min.js?ver=1.13.3
[Mon Apr 20 15:33:19 2026] [::1]:62503 Closing
[Mon Apr 20 15:33:19 2026] [::1]:62504 Closing
[Mon Apr 20 15:33:19 2026] [::1]:62507 [200]: GET /wp-includes/js/jquery/ui/draggable.min.js?ver=1.13.3
[Mon Apr 20 15:33:19 2026] [::1]:62505 Closing
[Mon Apr 20 15:33:19 2026] [::1]:62506 Closing
[Mon Apr 20 15:33:19 2026] [::1]:62507 Closing
[Mon Apr 20 15:33:19 2026] [::1]:62508 Accepted
[Mon Apr 20 15:33:19 2026] [::1]:62509 Accepted
[Mon Apr 20 15:33:19 2026] [::1]:62510 Accepted
[Mon Apr 20 15:33:19 2026] [::1]:62508 [200]: GET /wp-includes/js/underscore.min.js?ver=1.13.7
[Mon Apr 20 15:33:19 2026] [::1]:62511 Accepted
[Mon Apr 20 15:33:19 2026] [::1]:62509 [200]: GET /wp-includes/js/backbone.min.js?ver=1.6.0
[Mon Apr 20 15:33:19 2026] [::1]:62512 Accepted
[Mon Apr 20 15:33:19 2026] [::1]:62510 [200]: GET /wp-content/plugins/elementor/assets/lib/backbone/backbone.marionette.min.js?ver=2.4.5.e1
[Mon Apr 20 15:33:19 2026] [::1]:62511 [200]: GET /wp-content/plugins/elementor/assets/lib/backbone/backbone.radio.min.js?ver=1.0.4
[Mon Apr 20 15:33:19 2026] [::1]:62513 Accepted
[Mon Apr 20 15:33:19 2026] [::1]:62508 Closing
[Mon Apr 20 15:33:19 2026] [::1]:62512 [200]: GET /wp-content/plugins/elementor/assets/js/common-modules.min.js?ver=4.0.2
[Mon Apr 20 15:33:19 2026] [::1]:62509 Closing
[Mon Apr 20 15:33:19 2026] [::1]:62513 [200]: GET /wp-content/plugins/elementor/assets/js/web-cli.min.js?ver=4.0.2
[Mon Apr 20 15:33:19 2026] [::1]:62510 Closing
[Mon Apr 20 15:33:19 2026] [::1]:62511 Closing
[Mon Apr 20 15:33:19 2026] [::1]:62512 Closing
[Mon Apr 20 15:33:19 2026] [::1]:62513 Closing
[Mon Apr 20 15:33:19 2026] [::1]:62514 Accepted
[Mon Apr 20 15:33:19 2026] [::1]:62515 Accepted
[Mon Apr 20 15:33:19 2026] [::1]:62514 [200]: GET /wp-content/plugins/elementor/assets/lib/dialog/dialog.min.js?ver=4.9.4
[Mon Apr 20 15:33:19 2026] [::1]:62516 Accepted
[Mon Apr 20 15:33:19 2026] [::1]:62515 [200]: GET /wp-includes/js/api-request.min.js?ver=6.9.4
[Mon Apr 20 15:33:19 2026] [::1]:62517 Accepted
[Mon Apr 20 15:33:19 2026] [::1]:62514 Closing
[Mon Apr 20 15:33:19 2026] [::1]:62515 Closing
[Mon Apr 20 15:33:19 2026] [::1]:62516 [200]: GET /wp-content/plugins/elementor/assets/js/dev-tools.min.js?ver=4.0.2
[Mon Apr 20 15:33:19 2026] [::1]:62517 [200]: GET /wp-includes/js/dist/hooks.min.js?ver=dd5603f07f9220ed27f1
[Mon Apr 20 15:33:19 2026] [::1]:62516 Closing
[Mon Apr 20 15:33:19 2026] [::1]:62517 Closing
[Mon Apr 20 15:33:19 2026] [::1]:62518 Accepted
[Mon Apr 20 15:33:19 2026] [::1]:62518 [200]: GET /wp-includes/js/dist/i18n.min.js?ver=c26c3dc7bed366793375
[Mon Apr 20 15:33:19 2026] [::1]:62518 Closing
[Mon Apr 20 15:33:19 2026] [::1]:62519 Accepted
[Mon Apr 20 15:33:19 2026] [::1]:62520 Accepted
[Mon Apr 20 15:33:19 2026] [::1]:62519 [200]: GET /wp-content/plugins/elementor/assets/js/common.min.js?ver=4.0.2
[Mon Apr 20 15:33:19 2026] [::1]:62521 Accepted
[Mon Apr 20 15:33:19 2026] [::1]:62520 [200]: GET /wp-content/plugins/elementor/assets/js/app-loader.min.js?ver=4.0.2
[Mon Apr 20 15:33:19 2026] [::1]:62522 Accepted
[Mon Apr 20 15:33:19 2026] [::1]:62521 [200]: GET /wp-content/themes/tijus-theme/assets/js/vendor/modernizr-3.11.2.min.js?ver=3.11.2
[Mon Apr 20 15:33:19 2026] [::1]:62520 Closing
[Mon Apr 20 15:33:19 2026] [::1]:62522 [200]: GET /wp-content/themes/tijus-theme/assets/js/plugins.min.js?ver=1.0.0
[Mon Apr 20 15:33:19 2026] [::1]:62523 Accepted
[Mon Apr 20 15:33:19 2026] [::1]:62521 Closing
[Mon Apr 20 15:33:19 2026] [::1]:62519 Closing
[Mon Apr 20 15:33:19 2026] [::1]:62522 Closing
[Mon Apr 20 15:33:19 2026] [::1]:62523 [200]: GET /wp-content/themes/tijus-theme/assets/js/main.js?ver=1.0.0
[Mon Apr 20 15:33:19 2026] [::1]:62523 Closing
[Mon Apr 20 15:33:19 2026] [::1]:62524 Accepted
[Mon Apr 20 15:33:19 2026] [::1]:62524 [200]: GET /wp-content/themes/tijus-theme/assets/images/shape/shape-24.png
[Mon Apr 20 15:33:19 2026] [::1]:62524 Closing
[Mon Apr 20 15:33:19 2026] [::1]:62525 Accepted
[Mon Apr 20 15:33:19 2026] [::1]:62526 Accepted
[Mon Apr 20 15:33:19 2026] [::1]:62525 [200]: GET /wp-content/themes/tijus-theme/assets/images/shape/shape-4.png
[Mon Apr 20 15:33:19 2026] [::1]:62527 Accepted
[Mon Apr 20 15:33:19 2026] [::1]:62526 [200]: GET /wp-content/themes/tijus-theme/assets/images/blog/blog-01.jpg
[Mon Apr 20 15:33:19 2026] [::1]:62528 Accepted
[Mon Apr 20 15:33:19 2026] [::1]:62527 [200]: GET /wp-content/themes/tijus-theme/assets/images/shape/shape-2.png
[Mon Apr 20 15:33:19 2026] [::1]:62529 Accepted
[Mon Apr 20 15:33:19 2026] [::1]:62525 Closing
[Mon Apr 20 15:33:19 2026] [::1]:62528 [200]: GET /wp-content/themes/tijus-theme/assets/fonts/flaticon.ttf?655915d50ed0facf464660ba648373b0
[Mon Apr 20 15:33:19 2026] [::1]:62530 Accepted
[Mon Apr 20 15:33:19 2026] [::1]:62526 Closing
[Mon Apr 20 15:33:19 2026] [::1]:62529 [200]: GET /wp-content/themes/tijus-theme/assets/fonts/icofont.woff2
[Mon Apr 20 15:33:19 2026] [::1]:62531 Accepted
[Mon Apr 20 15:33:19 2026] [::1]:62530 [200]: GET /wp-content/themes/tijus-theme/assets/images/shape/shape-3.png
[Mon Apr 20 15:33:19 2026] [::1]:62527 Closing
[Mon Apr 20 15:33:19 2026] [::1]:62532 Accepted
[Mon Apr 20 15:33:19 2026] [::1]:62531 [200]: GET /wp-content/themes/tijus-theme/assets/images/shape/shape-1.png
[Mon Apr 20 15:33:19 2026] [::1]:62528 Closing
[Mon Apr 20 15:33:19 2026] [::1]:62530 Closing
[Mon Apr 20 15:33:19 2026] [::1]:62532 [200]: GET /wp-content/themes/tijus-theme/assets/images/shape/shape-21.png
[Mon Apr 20 15:33:19 2026] [::1]:62531 Closing
[Mon Apr 20 15:33:19 2026] [::1]:62533 Accepted
[Mon Apr 20 15:33:19 2026] [::1]:62533 [200]: GET /wp-content/themes/tijus-theme/assets/images/shape/shape-22.png
[Mon Apr 20 15:33:19 2026] [::1]:62529 Closing
[Mon Apr 20 15:33:19 2026] [::1]:62532 Closing
[Mon Apr 20 15:33:19 2026] [::1]:62533 Closing
[Mon Apr 20 15:33:19 2026] [::1]:62534 Accepted
[Mon Apr 20 15:33:19 2026] [::1]:62534 [200]: GET /wp-includes/js/wp-emoji-release.min.js?ver=6.9.4
[Mon Apr 20 15:33:19 2026] [::1]:62534 Closing
[Mon Apr 20 15:33:19 2026] [::1]:62535 Accepted
[Mon Apr 20 15:33:19 2026] [::1]:62535 [200]: GET /wp-content/themes/tijus-theme/assets/images/favicon.ico
[Mon Apr 20 15:33:19 2026] [::1]:62535 Closing
[Mon Apr 20 15:33:29 2026] [::1]:62536 Accepted
[Mon Apr 20 15:33:29 2026] [::1]:62536 [200]: POST /wp-admin/admin-ajax.php
[Mon Apr 20 15:33:29 2026] [::1]:62536 Closing
[Mon Apr 20 15:34:13 2026] [::1]:62542 Accepted
[Mon Apr 20 15:34:13 2026] [::1]:62542 [200]: POST /wp-admin/admin-ajax.php
[Mon Apr 20 15:34:13 2026] [::1]:62542 Closing
[Mon Apr 20 15:35:29 2026] [::1]:62611 Accepted
[Mon Apr 20 15:35:29 2026] [::1]:62611 [200]: POST /wp-admin/admin-ajax.php
[Mon Apr 20 15:35:29 2026] [::1]:62611 Closing
[Mon Apr 20 15:36:13 2026] [::1]:62618 Accepted
[Mon Apr 20 15:36:13 2026] [::1]:62618 [200]: POST /wp-admin/admin-ajax.php
[Mon Apr 20 15:36:13 2026] [::1]:62618 Closing
[Mon Apr 20 15:37:30 2026] [::1]:62626 Accepted
[Mon Apr 20 15:37:30 2026] [::1]:62626 [200]: POST /wp-admin/admin-ajax.php
[Mon Apr 20 15:37:30 2026] [::1]:62626 Closing
[Mon Apr 20 15:38:14 2026] [::1]:62639 Accepted
[Mon Apr 20 15:38:14 2026] [::1]:62639 [200]: POST /wp-admin/admin-ajax.php
[Mon Apr 20 15:38:14 2026] [::1]:62639 Closing
[Mon Apr 20 15:39:31 2026] [::1]:62667 Accepted
[Mon Apr 20 15:39:31 2026] [::1]:62667 [200]: POST /wp-admin/admin-ajax.php
[Mon Apr 20 15:39:31 2026] [::1]:62667 Closing
[Mon Apr 20 15:40:15 2026] [::1]:62708 Accepted
[Mon Apr 20 15:40:15 2026] [::1]:62708 [200]: POST /wp-admin/admin-ajax.php
[Mon Apr 20 15:40:15 2026] [::1]:62708 Closing
[Mon Apr 20 15:41:32 2026] [::1]:62732 Accepted
[Mon Apr 20 15:41:32 2026] [::1]:62732 [200]: POST /wp-admin/admin-ajax.php
[Mon Apr 20 15:41:32 2026] [::1]:62732 Closing
[Mon Apr 20 15:42:16 2026] [::1]:62740 Accepted
[Mon Apr 20 15:42:16 2026] [::1]:62740 [200]: POST /wp-admin/admin-ajax.php
[Mon Apr 20 15:42:16 2026] [::1]:62740 Closing
[Mon Apr 20 15:43:17 2026] [::1]:62752 Accepted
[Mon Apr 20 15:43:17 2026] [::1]:62752 [200]: POST /wp-admin/admin-ajax.php
[Mon Apr 20 15:43:17 2026] [::1]:62752 Closing
[Mon Apr 20 15:43:33 2026] [::1]:62753 Accepted
[Mon Apr 20 15:43:33 2026] [::1]:62753 [200]: POST /wp-admin/admin-ajax.php
[Mon Apr 20 15:43:33 2026] [::1]:62753 Closing
[Mon Apr 20 15:45:18 2026] [::1]:62788 Accepted
[Mon Apr 20 15:45:18 2026] [::1]:62788 [200]: POST /wp-admin/admin-ajax.php
[Mon Apr 20 15:45:18 2026] [::1]:62788 Closing
[Mon Apr 20 15:45:34 2026] [::1]:62812 Accepted
[Mon Apr 20 15:45:34 2026] [::1]:62812 [200]: POST /wp-admin/admin-ajax.php
[Mon Apr 20 15:45:34 2026] [::1]:62812 Closing
[Mon Apr 20 15:47:19 2026] [::1]:62848 Accepted
[Mon Apr 20 15:47:19 2026] [::1]:62848 [200]: POST /wp-admin/admin-ajax.php
[Mon Apr 20 15:47:19 2026] [::1]:62848 Closing
[Mon Apr 20 15:47:35 2026] [::1]:62849 Accepted
[Mon Apr 20 15:47:35 2026] [::1]:62849 [200]: POST /wp-admin/admin-ajax.php
[Mon Apr 20 15:47:35 2026] [::1]:62849 Closing
[Mon Apr 20 15:49:19 2026] [::1]:62976 Accepted
[Mon Apr 20 15:49:20 2026] [::1]:62976 [200]: POST /wp-admin/admin-ajax.php
[Mon Apr 20 15:49:20 2026] [::1]:62976 Closing
[Mon Apr 20 15:49:35 2026] [::1]:62979 Accepted
[Mon Apr 20 15:49:35 2026] [::1]:62979 [200]: POST /wp-admin/admin-ajax.php
[Mon Apr 20 15:49:35 2026] [::1]:62979 Closing
[Mon Apr 20 15:51:20 2026] [::1]:62989 Accepted
[Mon Apr 20 15:51:21 2026] [::1]:62989 [200]: POST /wp-admin/admin-ajax.php
[Mon Apr 20 15:51:21 2026] [::1]:62989 Closing
[Mon Apr 20 15:51:36 2026] [::1]:62991 Accepted
[Mon Apr 20 15:51:37 2026] [::1]:62991 [200]: POST /wp-admin/admin-ajax.php
[Mon Apr 20 15:51:37 2026] [::1]:62991 Closing
[Mon Apr 20 15:53:21 2026] [::1]:63004 Accepted
[Mon Apr 20 15:53:22 2026] [::1]:63004 [200]: POST /wp-admin/admin-ajax.php
[Mon Apr 20 15:53:22 2026] [::1]:63004 Closing
[Mon Apr 20 15:53:37 2026] [::1]:63005 Accepted
[Mon Apr 20 15:53:37 2026] [::1]:63005 [200]: POST /wp-admin/admin-ajax.php
[Mon Apr 20 15:53:37 2026] [::1]:63005 Closing
[Mon Apr 20 15:55:38 2026] [::1]:63043 Accepted
[Mon Apr 20 15:55:39 2026] [::1]:63043 [200]: POST /wp-admin/admin-ajax.php
[Mon Apr 20 15:55:39 2026] [::1]:63043 Closing
[Mon Apr 20 15:57:39 2026] [::1]:63065 Accepted
[Mon Apr 20 15:57:40 2026] [::1]:63065 [200]: POST /wp-admin/admin-ajax.php
[Mon Apr 20 15:57:40 2026] [::1]:63065 Closing
[Mon Apr 20 15:59:40 2026] [::1]:63083 Accepted
[Mon Apr 20 15:59:41 2026] [::1]:63083 [200]: POST /wp-admin/admin-ajax.php
[Mon Apr 20 15:59:41 2026] [::1]:63083 Closing
[Mon Apr 20 16:01:41 2026] [::1]:63091 Accepted
[Mon Apr 20 16:01:42 2026] [::1]:63091 [200]: POST /wp-admin/admin-ajax.php
[Mon Apr 20 16:01:43 2026] [::1]:63091 Closing
[Mon Apr 20 16:01:43 2026] [::1]:63092 Accepted
[Mon Apr 20 16:01:43 2026] [::1]:63092 [200]: POST /wp-cron.php?doing_wp_cron=1776681102.0050880908966064453125
[Mon Apr 20 16:01:43 2026] [::1]:63092 Closing
[Mon Apr 20 16:03:41 2026] [::1]:63116 Accepted
[Mon Apr 20 16:03:42 2026] [::1]:63116 [200]: POST /wp-admin/admin-ajax.php
[Mon Apr 20 16:03:42 2026] [::1]:63116 Closing
[Mon Apr 20 16:05:42 2026] [::1]:63133 Accepted
[Mon Apr 20 16:05:43 2026] [::1]:63133 [200]: POST /wp-admin/admin-ajax.php
[Mon Apr 20 16:05:43 2026] [::1]:63133 Closing
[Mon Apr 20 16:07:43 2026] [::1]:63144 Accepted
[Mon Apr 20 16:07:44 2026] [::1]:63144 [200]: POST /wp-admin/admin-ajax.php
[Mon Apr 20 16:07:44 2026] [::1]:63144 Closing
[Mon Apr 20 16:09:45 2026] [::1]:63576 Accepted
[Mon Apr 20 16:09:45 2026] [::1]:63576 [200]: POST /wp-admin/admin-ajax.php
[Mon Apr 20 16:09:45 2026] [::1]:63576 Closing
[Mon Apr 20 16:11:46 2026] [::1]:64077 Accepted
[Mon Apr 20 16:11:46 2026] [::1]:64077 [200]: POST /wp-admin/admin-ajax.php
[Mon Apr 20 16:11:46 2026] [::1]:64077 Closing
[Mon Apr 20 16:13:47 2026] [::1]:64571 Accepted
[Mon Apr 20 16:13:47 2026] [::1]:64571 [200]: POST /wp-admin/admin-ajax.php
[Mon Apr 20 16:13:47 2026] [::1]:64571 Closing
[Mon Apr 20 16:15:48 2026] [::1]:65071 Accepted
[Mon Apr 20 16:15:48 2026] [::1]:65071 [200]: POST /wp-admin/admin-ajax.php
[Mon Apr 20 16:15:48 2026] [::1]:65071 Closing
[Mon Apr 20 16:17:49 2026] [::1]:49226 Accepted
[Mon Apr 20 16:17:49 2026] [::1]:49226 [200]: POST /wp-admin/admin-ajax.php
[Mon Apr 20 16:17:49 2026] [::1]:49226 Closing
[Mon Apr 20 16:19:50 2026] [::1]:49823 Accepted
[Mon Apr 20 16:19:50 2026] [::1]:49823 [200]: POST /wp-admin/admin-ajax.php
[Mon Apr 20 16:19:50 2026] [::1]:49823 Closing
[Mon Apr 20 16:21:51 2026] [::1]:50317 Accepted
[Mon Apr 20 16:21:51 2026] [::1]:50317 [200]: POST /wp-admin/admin-ajax.php
[Mon Apr 20 16:21:51 2026] [::1]:50317 Closing
[Mon Apr 20 16:23:52 2026] [::1]:50817 Accepted
[Mon Apr 20 16:23:52 2026] [::1]:50817 [200]: POST /wp-admin/admin-ajax.php
[Mon Apr 20 16:23:52 2026] [::1]:50817 Closing
[Mon Apr 20 16:25:53 2026] [::1]:51318 Accepted
[Mon Apr 20 16:25:53 2026] [::1]:51318 [200]: POST /wp-admin/admin-ajax.php
[Mon Apr 20 16:25:53 2026] [::1]:51318 Closing
[Mon Apr 20 16:27:54 2026] [::1]:51808 Accepted
[Mon Apr 20 16:27:54 2026] [::1]:51808 [200]: POST /wp-admin/admin-ajax.php
[Mon Apr 20 16:27:54 2026] [::1]:51808 Closing
[Mon Apr 20 16:29:55 2026] [::1]:52314 Accepted
[Mon Apr 20 16:29:55 2026] [::1]:52314 [200]: POST /wp-admin/admin-ajax.php
[Mon Apr 20 16:29:55 2026] [::1]:52314 Closing
[Mon Apr 20 16:31:55 2026] [::1]:52805 Accepted
[Mon Apr 20 16:31:55 2026] [::1]:52805 [200]: POST /wp-admin/admin-ajax.php
[Mon Apr 20 16:31:55 2026] [::1]:52805 Closing
[Mon Apr 20 16:33:56 2026] [::1]:53301 Accepted
[Mon Apr 20 16:33:56 2026] [::1]:53301 [200]: POST /wp-admin/admin-ajax.php
[Mon Apr 20 16:33:56 2026] [::1]:53301 Closing
[Mon Apr 20 16:35:57 2026] [::1]:53793 Accepted
[Mon Apr 20 16:35:57 2026] [::1]:53793 [200]: POST /wp-admin/admin-ajax.php
[Mon Apr 20 16:35:57 2026] [::1]:53793 Closing
[Mon Apr 20 16:37:58 2026] [::1]:54289 Accepted
[Mon Apr 20 16:37:58 2026] [::1]:54289 [200]: POST /wp-admin/admin-ajax.php
[Mon Apr 20 16:37:58 2026] [::1]:54289 Closing
[Mon Apr 20 16:39:59 2026] [::1]:54799 Accepted
[Mon Apr 20 16:39:59 2026] [::1]:54799 [200]: POST /wp-admin/admin-ajax.php
[Mon Apr 20 16:39:59 2026] [::1]:54799 Closing
[Mon Apr 20 16:41:59 2026] [::1]:55296 Accepted
[Mon Apr 20 16:41:59 2026] [::1]:55296 [200]: POST /wp-admin/admin-ajax.php
[Mon Apr 20 16:41:59 2026] [::1]:55296 Closing
[Mon Apr 20 16:44:00 2026] [::1]:55799 Accepted
[Mon Apr 20 16:44:00 2026] [::1]:55799 [200]: POST /wp-admin/admin-ajax.php
[Mon Apr 20 16:44:00 2026] [::1]:55799 Closing
[Mon Apr 20 16:46:01 2026] [::1]:56386 Accepted
[Mon Apr 20 16:46:01 2026] [::1]:56386 [200]: POST /wp-admin/admin-ajax.php
[Mon Apr 20 16:46:01 2026] [::1]:56386 Closing
[Mon Apr 20 16:48:02 2026] [::1]:56885 Accepted
[Mon Apr 20 16:48:02 2026] [::1]:56885 [200]: POST /wp-admin/admin-ajax.php
[Mon Apr 20 16:48:02 2026] [::1]:56885 Closing
[Mon Apr 20 16:50:03 2026] [::1]:57389 Accepted
[Mon Apr 20 16:50:03 2026] [::1]:57389 [200]: POST /wp-admin/admin-ajax.php
[Mon Apr 20 16:50:03 2026] [::1]:57389 Closing
